date,max_dew_point_v,max_dew_point_s,max_dew_point_c,max_dew_point_d,max_relative_humidity_v,max_relative_humidity_s,max_relative_humidity_c,max_relative_humidity_d,max_temperature_v,max_temperature_s,max_temperature_c,max_temperature_d,max_wind_speed_v,max_wind_speed_s,max_wind_speed_c,max_wind_speed_d,min_dew_point_v,min_dew_point_s,min_dew_point_c,min_dew_point_d,min_relative_humidity_v,min_relative_humidity_s,min_relative_humidity_c,min_relative_humidity_d,min_temperature_v,min_temperature_s,min_temperature_c,min_temperature_d,min_wind_speed_v,min_wind_speed_s,min_wind_speed_c,min_wind_speed_d,precipitation_v,precipitation_s,precipitation_c,precipitation_d,rain_v,rain_s,rain_c,rain_d,snow_v,snow_s,snow_c,snow_d,snow_on_ground_v,snow_on_ground_s,snow_on_ground_c,snow_on_ground_d,solar_radiation_v,solar_radiation_s,solar_radiation_c,solar_radiation_d
2025-04-07,-2.98,4.29,450,"1995-03-31 2024-04-14",80.55,14.8,450,"1995-03-31 2024-04-14",8.23,6.86,450,"1995-03-31 2024-04-14",29.94,10.12,450,"1995-03-31 2024-04-14",-9.05,4.69,450,"1995-03-31 2024-04-14",39.96,20.54,450,"1995-03-31 2024-04-14",-3.56,4.49,450,"1995-03-31 2024-04-14",3.73,4,450,"1995-03-31 2024-04-14",0.97,2.77,450,"1995-03-31 2024-04-14",0.29,1.38,443,"1995-03-31 2024-04-14",0.84,2.61,443,"1995-03-31 2024-04-14",1.8,3.96,395,"1995-03-31 2024-04-14",,,,
2025-04-06,-3.05,4.28,450,"1995-03-30 2024-04-13",80.32,14.77,450,"1995-03-30 2024-04-13",8.19,6.99,450,"1995-03-30 2024-04-13",29.77,9.88,450,"1995-03-30 2024-04-13",-9.16,4.64,450,"1995-03-30 2024-04-13",40.02,20.66,450,"1995-03-30 2024-04-13",-3.71,4.59,450,"1995-03-30 2024-04-13",3.69,4.03,450,"1995-03-30 2024-04-13",0.9,2.63,450,"1995-03-30 2024-04-13",0.28,1.36,444,"1995-03-30 2024-04-13",0.81,2.46,444,"1995-03-30 2024-04-13",1.9,3.96,395,"1995-03-30 2024-04-12",,,,
2025-04-05,-3.17,4.22,450,"1995-03-29 2024-04-12",80.4,14.47,450,"1995-03-29 2024-04-12",8.07,7.02,450,"1995-03-29 2024-04-12",29.74,9.99,450,"1995-03-29 2024-04-12",-9.28,4.54,450,"1995-03-29 2024-04-12",39.79,20.26,450,"1995-03-29 2024-04-12",-3.89,4.57,450,"1995-03-29 2024-04-12",3.66,4.05,450,"1995-03-29 2024-04-12",0.82,2.49,450,"1995-03-29 2024-04-12",0.22,1.12,443,"1995-03-29 2024-04-12",0.77,2.39,444,"1995-03-29 2024-04-12",2,4.06,397,"1995-03-29 2024-04-12",,,,
2025-04-04,-3.22,4.18,450,"1995-03-28 2024-04-11",80.59,14.37,450,"1995-03-28 2024-04-11",7.91,6.96,450,"1995-03-28 2024-04-11",29.86,10.17,450,"1995-03-28 2024-04-11",-9.34,4.51,450,"1995-03-28 2024-04-11",39.96,20.18,450,"1995-03-28 2024-04-11",-3.97,4.63,450,"1995-03-28 2024-04-11",3.67,4.02,450,"1995-03-28 2024-04-11",0.75,2.14,450,"1995-03-28 2024-04-11",0.2,1.02,441,"1995-03-28 2024-04-11",0.74,2.26,442,"1995-03-28 2024-04-11",2.2,4.16,399,"1995-03-28 2024-04-11",,,,
2025-04-03,-3.3,4.13,450,"1995-03-27 2024-04-10",80.63,14.37,450,"1995-03-27 2024-04-10",7.7,6.98,450,"1995-03-27 2024-04-10",29.62,10.23,450,"1995-03-27 2024-04-10",-9.43,4.46,450,"1995-03-27 2024-04-10",40.26,20.24,450,"1995-03-27 2024-04-10",-4.07,4.69,450,"1995-03-27 2024-04-10",3.67,4.05,450,"1995-03-27 2024-04-10",0.74,2.15,450,"1995-03-27 2024-04-10",0.19,1.02,440,"1995-03-27 2024-04-10",0.75,2.31,441,"1995-03-27 2024-04-10",2.4,4.26,401,"1995-03-27 2024-04-09",,,,
2025-04-02,-3.38,4.1,450,"1995-03-26 2024-04-09",80.97,14.25,450,"1995-03-26 2024-04-09",7.49,7.04,450,"1995-03-26 2024-04-09",29.65,10.18,450,"1995-03-26 2024-04-09",-9.52,4.4,450,"1995-03-26 2024-04-09",40.45,20.17,450,"1995-03-26 2024-04-09",-4.28,4.73,450,"1995-03-26 2024-04-09",3.57,4.01,450,"1995-03-26 2024-04-09",0.71,2.03,450,"1995-03-26 2024-04-09",0.17,0.99,439,"1995-03-26 2024-04-09",0.73,2.08,440,"1995-03-26 2024-04-09",2.5,4.34,406,"1995-03-26 2024-04-09",,,,
2025-04-01,-3.55,4.07,450,"1995-03-25 2024-04-08",81.2,14.32,450,"1995-03-25 2024-04-08",7.18,7.05,450,"1995-03-25 2024-04-08",29.45,9.99,450,"1995-03-25 2024-04-08",-9.69,4.44,450,"1995-03-25 2024-04-08",40.95,20.46,450,"1995-03-25 2024-04-08",-4.53,4.79,450,"1995-03-25 2024-04-08",3.61,3.94,450,"1995-03-25 2024-04-08",0.66,1.95,450,"1995-03-25 2024-04-08",0.14,0.86,440,"1995-03-25 2024-04-08",0.72,2.07,441,"1995-03-25 2024-04-08",2.7,4.51,409,"1995-03-25 2024-04-08",,,,
2025-03-31,-3.74,4.07,450,"1995-03-24 2024-04-07",81.93,14.04,450,"1995-03-24 2024-04-07",6.67,7.08,450,"1995-03-24 2024-04-07",29.33,9.74,450,"1995-03-24 2024-04-07",-9.85,4.51,450,"1995-03-24 2024-04-07",41.98,20.77,450,"1995-03-24 2024-04-07",-4.85,4.84,450,"1995-03-24 2024-04-07",3.6,3.97,450,"1995-03-24 2024-04-07",0.6,1.82,450,"1995-03-24 2024-04-07",0.11,0.82,442,"1995-03-24 2024-04-07",0.68,2,442,"1995-03-24 2024-04-07",2.9,4.76,414,"1995-03-24 2024-04-07",,,,
2025-03-30,-3.92,4.11,450,"1995-03-23 2024-04-06",82.47,13.67,450,"1995-03-23 2024-04-06",6.24,7.15,450,"1995-03-23 2024-04-06",29.37,9.94,450,"1995-03-23 2024-04-06",-9.99,4.57,450,"1995-03-23 2024-04-06",42.72,21.26,450,"1995-03-23 2024-04-06",-5.07,4.94,450,"1995-03-23 2024-04-06",3.55,4.02,450,"1995-03-23 2024-04-06",0.58,1.76,450,"1995-03-23 2024-04-06",0.08,0.6,442,"1995-03-23 2024-04-06",0.7,2.04,442,"1995-03-23 2024-04-06",3.1,5.08,416,"1995-03-23 2024-04-06",,,,
2025-03-29,-3.98,4.11,450,"1995-03-22 2024-04-05",82.96,13.17,450,"1995-03-22 2024-04-05",6.02,7.21,450,"1995-03-22 2024-04-05",29.19,9.95,450,"1995-03-22 2024-04-05",-10.11,4.59,450,"1995-03-22 2024-04-05",43.17,21.17,450,"1995-03-22 2024-04-05",-5.3,4.92,450,"1995-03-22 2024-04-05",3.53,3.99,450,"1995-03-22 2024-04-05",0.67,2,450,"1995-03-22 2024-04-05",0.07,0.57,442,"1995-03-22 2024-04-05",0.82,2.32,443,"1995-03-22 2024-04-05",3.2,5.16,418,"1995-03-22 2024-04-05",,,,
2025-03-28,-4.1,4.2,450,"1995-03-21 2024-04-04",82.76,13.31,450,"1995-03-21 2024-04-04",5.88,7.26,450,"1995-03-21 2024-04-04",29.36,10.07,450,"1995-03-21 2024-04-04",-10.26,4.63,450,"1995-03-21 2024-04-04",43.44,21.21,450,"1995-03-21 2024-04-04",-5.44,5.01,450,"1995-03-21 2024-04-04",3.52,4.04,450,"1995-03-21 2024-04-04",0.65,1.98,450,"1995-03-21 2024-04-04",0.05,0.4,441,"1995-03-21 2024-04-04",0.83,2.35,442,"1995-03-21 2024-04-04",3.2,5.2,421,"1995-03-21 2024-04-04",,,,
2025-03-27,-4.14,4.27,450,"1995-03-20 2024-04-03",82.58,13.11,450,"1995-03-20 2024-04-03",5.85,7.33,450,"1995-03-20 2024-04-03",29.2,10.14,450,"1995-03-20 2024-04-03",-10.41,4.67,450,"1995-03-20 2024-04-03",43.2,21.39,450,"1995-03-20 2024-04-03",-5.56,5.02,450,"1995-03-20 2024-04-03",3.49,4.05,450,"1995-03-20 2024-04-03",0.65,1.93,450,"1995-03-20 2024-04-03",0.03,0.18,441,"1995-03-20 2024-04-03",0.85,2.42,442,"1995-03-20 2024-04-03",3.2,5.22,423,"1995-03-20 2024-04-03",,,,
2025-03-26,-4.18,4.33,450,"1995-03-19 2024-04-02",82.57,12.98,450,"1995-03-19 2024-04-02",5.82,7.34,450,"1995-03-19 2024-04-02",29.06,10.18,450,"1995-03-19 2024-04-02",-10.51,4.71,450,"1995-03-19 2024-04-02",42.81,21.28,450,"1995-03-19 2024-04-02",-5.59,5.04,450,"1995-03-19 2024-04-02",3.44,4.04,450,"1995-03-19 2024-04-02",0.66,1.93,450,"1995-03-19 2024-04-02",0.03,0.18,442,"1995-03-19 2024-04-02",0.85,2.4,443,"1995-03-19 2024-04-02",3.1,5.17,424,"1995-03-19 2024-04-01",,,,
2025-03-25,-4.19,4.29,450,"1995-03-18 2024-04-01",82.54,12.99,450,"1995-03-18 2024-04-01",5.78,7.31,450,"1995-03-18 2024-04-01",28.84,9.99,450,"1995-03-18 2024-04-01",-10.52,4.64,450,"1995-03-18 2024-04-01",42.82,20.92,450,"1995-03-18 2024-04-01",-5.7,5.06,450,"1995-03-18 2024-04-01",3.26,3.93,450,"1995-03-18 2024-04-01",0.59,1.68,450,"1995-03-18 2024-04-01",0.04,0.2,441,"1995-03-18 2024-04-01",0.76,2.12,443,"1995-03-18 2024-04-01",3.2,5.36,427,"1995-03-18 2024-04-01",,,,
2025-03-24,-4.28,4.28,450,"1995-03-17 2024-03-31",82.53,13.03,450,"1995-03-17 2024-03-31",5.64,7.32,450,"1995-03-17 2024-03-31",28.59,9.65,450,"1995-03-17 2024-03-31",-10.56,4.59,450,"1995-03-17 2024-03-31",43.06,20.88,450,"1995-03-17 2024-03-31",-5.83,5.07,450,"1995-03-17 2024-03-31",3.2,3.88,450,"1995-03-17 2024-03-31",0.58,1.7,450,"1995-03-17 2024-03-31",0.03,0.17,441,"1995-03-17 2024-03-31",0.77,2.18,443,"1995-03-17 2024-03-31",3.2,5.5,430,"1995-03-17 2024-03-31",,,,
2025-03-23,-4.33,4.28,450,"1995-03-16 2024-03-30",82.76,12.78,450,"1995-03-16 2024-03-30",5.39,7.29,450,"1995-03-16 2024-03-30",28.31,9.51,450,"1995-03-16 2024-03-30",-10.59,4.6,450,"1995-03-16 2024-03-30",43.77,21.15,450,"1995-03-16 2024-03-30",-5.99,5.06,450,"1995-03-16 2024-03-30",3.08,3.84,450,"1995-03-16 2024-03-30",0.64,2.08,450,"1995-03-16 2024-03-30",0.03,0.25,443,"1995-03-16 2024-03-30",0.83,2.43,444,"1995-03-16 2024-03-30",3.3,5.48,433,"1995-03-16 2024-03-30",,,,
2025-03-22,-4.38,4.38,450,"1995-03-15 2024-03-29",83.05,12.6,450,"1995-03-15 2024-03-29",5.21,7.19,450,"1995-03-15 2024-03-29",28.05,9.63,450,"1995-03-15 2024-03-29",-10.65,4.7,450,"1995-03-15 2024-03-29",43.99,20.94,450,"1995-03-15 2024-03-29",-6.15,5.13,450,"1995-03-15 2024-03-29",3,3.8,450,"1995-03-15 2024-03-29",0.63,2.07,450,"1995-03-15 2024-03-29",0.03,0.25,443,"1995-03-15 2024-03-29",0.79,2.35,444,"1995-03-15 2024-03-29",3.3,5.47,435,"1995-03-15 2024-03-29",,,,
2025-03-21,-4.4,4.54,450,"1995-03-14 2024-03-28",83.15,12.55,450,"1995-03-14 2024-03-28",5.11,7.25,450,"1995-03-14 2024-03-28",28.05,9.54,450,"1995-03-14 2024-03-28",-10.75,4.87,450,"1995-03-14 2024-03-28",44.3,20.87,450,"1995-03-14 2024-03-28",-6.22,5.35,450,"1995-03-14 2024-03-28",2.99,3.74,450,"1995-03-14 2024-03-28",0.63,2.08,450,"1995-03-14 2024-03-28",0.03,0.25,443,"1995-03-14 2024-03-28",0.79,2.36,444,"1995-03-14 2024-03-28",3.3,5.48,436,"1995-03-14 2024-03-28",,,,
2025-03-20,-4.45,4.58,450,"1995-03-13 2024-03-27",83.06,12.47,450,"1995-03-13 2024-03-27",5.04,7.35,450,"1995-03-13 2024-03-27",28.04,9.7,450,"1995-03-13 2024-03-27",-10.88,4.92,450,"1995-03-13 2024-03-27",44.52,20.73,450,"1995-03-13 2024-03-27",-6.41,5.47,450,"1995-03-13 2024-03-27",2.98,3.81,450,"1995-03-13 2024-03-27",0.64,2.11,450,"1995-03-13 2024-03-27",0.03,0.24,444,"1995-03-13 2024-03-27",0.81,2.38,445,"1995-03-13 2024-03-27",3.3,5.52,436,"1995-03-13 2024-03-27",,,,
2025-03-19,-4.56,4.67,450,"1995-03-12 2024-03-26",82.91,12.7,450,"1995-03-12 2024-03-26",4.97,7.48,450,"1995-03-12 2024-03-26",28.37,9.92,450,"1995-03-12 2024-03-26",-11.01,4.98,450,"1995-03-12 2024-03-26",44.56,20.68,450,"1995-03-12 2024-03-26",-6.55,5.58,450,"1995-03-12 2024-03-26",3.05,3.88,450,"1995-03-12 2024-03-26",0.64,2.09,450,"1995-03-12 2024-03-26",0.03,0.25,445,"1995-03-12 2024-03-26",0.8,2.36,446,"1995-03-12 2024-03-26",3.3,5.53,437,"1995-03-12 2024-03-26",,,,
2025-03-18,-4.67,4.86,450,"1995-03-11 2024-03-25",82.68,12.68,450,"1995-03-11 2024-03-25",4.87,7.76,450,"1995-03-11 2024-03-25",28.34,10.04,450,"1995-03-11 2024-03-25",-11.25,5.16,450,"1995-03-11 2024-03-25",44.61,20.65,450,"1995-03-11 2024-03-25",-6.74,5.83,450,"1995-03-11 2024-03-25",3.12,3.94,450,"1995-03-11 2024-03-25",0.62,2.06,450,"1995-03-11 2024-03-25",0.03,0.25,446,"1995-03-11 2024-03-25",0.77,2.35,447,"1995-03-11 2024-03-25",3.4,5.57,437,"1995-03-11 2024-03-25",,,,
2025-03-17,-4.9,5.18,450,"1995-03-10 2024-03-24",82.38,12.41,450,"1995-03-10 2024-03-24",4.64,8.09,450,"1995-03-10 2024-03-24",28.4,10.08,450,"1995-03-10 2024-03-24",-11.49,5.39,450,"1995-03-10 2024-03-24",44.46,20.39,450,"1995-03-10 2024-03-24",-6.99,6.09,450,"1995-03-10 2024-03-24",3,3.86,450,"1995-03-10 2024-03-24",0.63,2.09,450,"1995-03-10 2024-03-24",0.03,0.25,445,"1995-03-10 2024-03-24",0.77,2.35,446,"1995-03-10 2024-03-24",3.4,5.52,437,"1995-03-10 2024-03-24",,,,
2025-03-16,-5.14,5.5,450,"1995-03-09 2024-03-23",81.87,12.39,450,"1995-03-09 2024-03-23",4.54,8.41,450,"1995-03-09 2024-03-23",28.43,10.12,450,"1995-03-09 2024-03-23",-11.84,5.64,450,"1995-03-09 2024-03-23",43.69,20,450,"1995-03-09 2024-03-23",-7.24,6.41,450,"1995-03-09 2024-03-23",2.85,3.79,450,"1995-03-09 2024-03-23",0.64,2.1,450,"1995-03-09 2024-03-23",0.03,0.26,444,"1995-03-09 2024-03-23",0.79,2.36,445,"1995-03-09 2024-03-23",3.5,5.4,436,"1995-03-09 2024-03-23",,,,
2025-03-15,-5.37,5.76,450,"1995-03-08 2024-03-22",81.32,12.33,450,"1995-03-08 2024-03-22",4.29,8.66,450,"1995-03-08 2024-03-22",28.45,10.09,450,"1995-03-08 2024-03-22",-12.18,5.91,450,"1995-03-08 2024-03-22",43.56,19.6,450,"1995-03-08 2024-03-22",-7.54,6.74,450,"1995-03-08 2024-03-22",2.89,3.75,450,"1995-03-08 2024-03-22",0.62,2.07,450,"1995-03-08 2024-03-22",0.03,0.25,444,"1995-03-08 2024-03-22",0.76,2.3,445,"1995-03-08 2024-03-22",3.5,5.19,437,"1995-03-08 2024-03-22",,,,
2025-03-14,-5.75,6.06,450,"1995-03-07 2024-03-21",80.98,12.12,450,"1995-03-07 2024-03-21",3.96,8.99,450,"1995-03-07 2024-03-21",28.43,10.17,450,"1995-03-07 2024-03-21",-12.61,6.23,450,"1995-03-07 2024-03-21",43.36,19.32,450,"1995-03-07 2024-03-21",-8,7.09,450,"1995-03-07 2024-03-21",2.85,3.72,450,"1995-03-07 2024-03-21",0.54,1.85,450,"1995-03-07 2024-03-21",0.03,0.25,444,"1995-03-07 2024-03-21",0.67,2.06,445,"1995-03-07 2024-03-21",3.6,5.22,438,"1995-03-07 2024-03-21",,,,
2025-03-13,-6.1,6.36,450,"1995-03-06 2024-03-20",81.08,11.63,450,"1995-03-06 2024-03-20",3.48,9.39,450,"1995-03-06 2024-03-20",27.98,10.17,450,"1995-03-06 2024-03-20",-13.04,6.51,450,"1995-03-06 2024-03-20",43.72,19.12,450,"1995-03-06 2024-03-20",-8.52,7.41,450,"1995-03-06 2024-03-20",2.72,3.62,450,"1995-03-06 2024-03-20",0.53,1.84,450,"1995-03-06 2024-03-20",0.03,0.25,445,"1995-03-06 2024-03-20",0.67,2.05,446,"1995-03-06 2024-03-20",3.8,5.27,438,"1995-03-06 2024-03-20",,,,
2025-03-12,-6.5,6.5,450,"1995-03-05 2024-03-19",81.09,11.52,450,"1995-03-05 2024-03-19",2.95,9.64,450,"1995-03-05 2024-03-19",27.65,10.3,450,"1995-03-05 2024-03-19",-13.42,6.8,450,"1995-03-05 2024-03-19",44.69,19.1,450,"1995-03-05 2024-03-19",-9.01,7.71,450,"1995-03-05 2024-03-19",2.65,3.52,450,"1995-03-05 2024-03-19",0.53,1.77,450,"1995-03-05 2024-03-19",0.03,0.25,445,"1995-03-05 2024-03-19",0.67,1.99,446,"1995-03-05 2024-03-19",4,5.27,439,"1995-03-05 2024-03-19",,,,
2025-03-11,-6.83,6.7,450,"1995-03-04 2024-03-18",81.39,11.32,450,"1995-03-04 2024-03-18",2.39,9.79,450,"1995-03-04 2024-03-18",27.56,10.31,450,"1995-03-04 2024-03-18",-13.75,6.99,450,"1995-03-04 2024-03-18",45.58,19.15,450,"1995-03-04 2024-03-18",-9.48,7.85,450,"1995-03-04 2024-03-18",2.63,3.46,450,"1995-03-04 2024-03-18",0.54,1.77,450,"1995-03-04 2024-03-18",0.03,0.25,445,"1995-03-04 2024-03-18",0.68,1.99,446,"1995-03-04 2024-03-18",4.1,5.24,441,"1995-03-04 2024-03-18",,,,
2025-03-10,-7.13,6.84,450,"1995-03-03 2024-03-17",81.33,11.27,450,"1995-03-03 2024-03-17",1.92,9.89,450,"1995-03-03 2024-03-17",27.61,10.54,450,"1995-03-03 2024-03-17",-14.04,7.12,450,"1995-03-03 2024-03-17",46.3,19.43,450,"1995-03-03 2024-03-17",-9.75,7.98,450,"1995-03-03 2024-03-17",2.7,3.48,450,"1995-03-03 2024-03-17",0.6,1.85,450,"1995-03-03 2024-03-17",0.03,0.3,445,"1995-03-03 2024-03-17",0.77,2.12,446,"1995-03-03 2024-03-17",4.2,5.02,442,"1995-03-03 2024-03-17",,,,
2025-03-09,-7.34,6.94,450,"1995-03-02 2024-03-16",81.42,11.23,450,"1995-03-02 2024-03-16",1.59,9.99,450,"1995-03-02 2024-03-16",27.69,10.65,450,"1995-03-02 2024-03-16",-14.29,7.23,450,"1995-03-02 2024-03-16",46.89,19.43,450,"1995-03-02 2024-03-16",-10.08,8.08,450,"1995-03-02 2024-03-16",2.82,3.53,450,"1995-03-02 2024-03-16",0.65,1.96,450,"1995-03-02 2024-03-16",0.04,0.3,444,"1995-03-02 2024-03-16",0.84,2.28,445,"1995-03-02 2024-03-16",4.2,4.8,443,"1995-03-02 2024-03-16",,,,
2025-03-08,-7.61,7.06,450,"1995-03-01 2024-03-15",81.44,11.05,450,"1995-03-01 2024-03-15",1.29,10.13,450,"1995-03-01 2024-03-15",27.65,10.62,450,"1995-03-01 2024-03-15",-14.58,7.31,450,"1995-03-01 2024-03-15",46.87,19.12,450,"1995-03-01 2024-03-15",-10.4,8.17,450,"1995-03-01 2024-03-15",2.82,3.53,450,"1995-03-01 2024-03-15",0.58,1.55,450,"1995-03-01 2024-03-15",0.02,0.23,444,"1995-03-01 2024-03-15",0.78,2,445,"1995-03-01 2024-03-15",4.3,4.79,443,"1995-03-01 2024-03-15",,,,
2025-03-07,-7.87,7.01,450,"1995-02-28 2024-03-14",81.1,11.01,450,"1995-02-28 2024-03-14",1,10.11,450,"1995-02-28 2024-03-14",27.64,10.61,450,"1995-02-28 2024-03-14",-14.92,7.28,450,"1995-02-28 2024-03-14",47.02,19,450,"1995-02-28 2024-03-14",-10.73,8.12,450,"1995-02-28 2024-03-14",2.84,3.59,450,"1995-02-28 2024-03-14",0.59,1.55,450,"1995-02-28 2024-03-14",0.02,0.22,444,"1995-02-28 2024-03-14",0.81,2.02,445,"1995-02-28 2024-03-14",4.3,4.75,443,"1995-02-28 2024-03-14",,,,
2025-03-06,-8.14,6.93,450,"1995-02-27 2024-03-13",80.98,11.09,450,"1995-02-27 2024-03-13",0.64,9.94,450,"1995-02-27 2024-03-13",27.32,10.62,450,"1995-02-27 2024-03-13",-15.18,7.23,450,"1995-02-27 2024-03-13",47.36,18.72,450,"1995-02-27 2024-03-13",-11.09,8.03,450,"1995-02-27 2024-03-13",2.75,3.56,450,"1995-02-27 2024-03-13",0.58,1.52,450,"1995-02-27 2024-03-13",0.02,0.22,445,"1995-02-27 2024-03-13",0.8,1.99,446,"1995-02-27 2024-03-13",4.4,4.72,444,"1995-02-27 2024-03-13",,,,
2025-03-05,-8.5,6.95,450,"1995-02-26 2024-03-12",80.9,10.92,450,"1995-02-26 2024-03-12",0.14,9.92,450,"1995-02-26 2024-03-12",26.91,10.43,450,"1995-02-26 2024-03-12",-15.53,7.23,450,"1995-02-26 2024-03-12",47.77,18.82,450,"1995-02-26 2024-03-12",-11.47,8,450,"1995-02-26 2024-03-12",2.73,3.46,450,"1995-02-26 2024-03-12",0.59,1.49,450,"1995-02-26 2024-03-12",0.02,0.22,446,"1995-02-26 2024-03-12",0.81,1.97,447,"1995-02-26 2024-03-12",4.5,4.68,444,"1995-02-26 2024-03-12",,,,
2025-03-04,-8.84,7.02,450,"1995-02-25 2024-03-11",80.86,10.6,450,"1995-02-25 2024-03-11",-0.37,9.86,450,"1995-02-25 2024-03-11",26.54,10.27,450,"1995-02-25 2024-03-11",-15.94,7.34,450,"1995-02-25 2024-03-11",48.2,18.6,450,"1995-02-25 2024-03-11",-11.97,8.04,450,"1995-02-25 2024-03-11",2.67,3.4,450,"1995-02-25 2024-03-11",0.58,1.48,450,"1995-02-25 2024-03-11",0.02,0.22,446,"1995-02-25 2024-03-11",0.79,1.93,446,"1995-02-25 2024-03-11",4.6,4.65,444,"1995-02-25 2024-03-11",,,,
2025-03-03,-9.12,7.03,450,"1995-02-24 2024-03-10",80.93,10.56,450,"1995-02-24 2024-03-10",-0.74,9.8,450,"1995-02-24 2024-03-10",26.35,10.28,450,"1995-02-24 2024-03-10",-16.16,7.41,450,"1995-02-24 2024-03-10",48.47,18.45,450,"1995-02-24 2024-03-10",-12.26,8.06,450,"1995-02-24 2024-03-10",2.62,3.35,450,"1995-02-24 2024-03-10",0.61,1.5,450,"1995-02-24 2024-03-10",0.01,0.21,445,"1995-02-24 2024-03-10",0.86,2.02,445,"1995-02-24 2024-03-10",4.6,4.63,444,"1995-02-24 2024-03-10",,,,
2025-03-02,-9.22,6.98,450,"1995-02-23 2024-03-09",81.09,10.55,450,"1995-02-23 2024-03-09",-1,9.65,450,"1995-02-23 2024-03-09",26.15,10.29,450,"1995-02-23 2024-03-09",-16.3,7.39,450,"1995-02-23 2024-03-09",49.02,18.35,450,"1995-02-23 2024-03-09",-12.42,8.03,450,"1995-02-23 2024-03-09",2.61,3.37,450,"1995-02-23 2024-03-09",0.62,1.47,450,"1995-02-23 2024-03-09",0.01,0.21,445,"1995-02-23 2024-03-09",0.89,2.02,445,"1995-02-23 2024-03-09",4.6,4.65,445,"1995-02-23 2024-03-09",,,,
2025-03-01,-9.28,6.85,450,"1995-02-22 2024-03-08",81.16,10.78,450,"1995-02-22 2024-03-08",-1.13,9.42,450,"1995-02-22 2024-03-08",25.92,10.12,450,"1995-02-22 2024-03-08",-16.27,7.29,450,"1995-02-22 2024-03-08",49.43,18.25,450,"1995-02-22 2024-03-08",-12.46,7.9,450,"1995-02-22 2024-03-08",2.66,3.36,450,"1995-02-22 2024-03-08",0.67,1.54,450,"1995-02-22 2024-03-08",0.01,0.21,445,"1995-02-22 2024-03-08",0.94,2.13,446,"1995-02-22 2024-03-08",4.4,4.64,446,"1995-02-22 2024-03-08",,,,
2025-02-28,-9.17,6.72,450,"1995-02-21 2024-03-06",81.26,11.02,450,"1995-02-21 2024-03-06",-0.91,9.2,450,"1995-02-21 2024-03-06",25.78,10.11,450,"1995-02-21 2024-03-06",-16.09,7.14,450,"1995-02-21 2024-03-06",49.02,18.06,450,"1995-02-21 2024-03-06",-12.27,7.74,450,"1995-02-21 2024-03-06",2.55,3.37,450,"1995-02-21 2024-03-06",0.65,1.55,450,"1995-02-21 2024-03-06",0.01,0.21,445,"1995-02-21 2024-03-06",0.93,2.13,446,"1995-02-21 2024-03-06",4.2,4.59,447,"1995-02-21 2024-03-06",,,,
2025-02-27,-9.04,6.52,450,"1995-02-20 2024-03-05",81.35,11.33,450,"1995-02-20 2024-03-05",-0.69,8.96,450,"1995-02-20 2024-03-05",25.76,9.99,450,"1995-02-20 2024-03-05",-15.93,6.96,450,"1995-02-20 2024-03-05",48.96,18.23,450,"1995-02-20 2024-03-05",-12.12,7.6,450,"1995-02-20 2024-03-05",2.51,3.31,450,"1995-02-20 2024-03-05",0.66,1.63,450,"1995-02-20 2024-03-05",0.01,0.2,445,"1995-02-20 2024-03-05",0.92,2.17,445,"1995-02-20 2024-03-05",4,4.51,447,"1995-02-20 2024-03-05",,,,
2025-02-26,-8.78,6.37,450,"1995-02-19 2024-03-04",81.4,11.6,450,"1995-02-19 2024-03-04",-0.34,8.71,450,"1995-02-19 2024-03-04",25.94,10.03,450,"1995-02-19 2024-03-04",-15.65,6.79,450,"1995-02-19 2024-03-04",48.37,18.22,450,"1995-02-19 2024-03-04",-11.79,7.45,450,"1995-02-19 2024-03-04",2.57,3.34,450,"1995-02-19 2024-03-04",0.63,1.59,450,"1995-02-19 2024-03-04",0.01,0.2,444,"1995-02-19 2024-03-04",0.9,2.15,444,"1995-02-19 2024-03-04",3.9,4.44,447,"1995-02-19 2024-03-04",,,,
2025-02-25,-8.61,6.27,450,"1995-02-18 2024-03-03",81.26,11.62,450,"1995-02-18 2024-03-03",-0.09,8.52,450,"1995-02-18 2024-03-03",26.04,9.82,450,"1995-02-18 2024-03-03",-15.42,6.63,450,"1995-02-18 2024-03-03",47.84,18.08,450,"1995-02-18 2024-03-03",-11.55,7.31,450,"1995-02-18 2024-03-03",2.5,3.31,450,"1995-02-18 2024-03-03",0.6,1.57,450,"1995-02-18 2024-03-03",0.01,0.2,442,"1995-02-18 2024-03-03",0.85,2.1,443,"1995-02-18 2024-03-03",3.8,4.44,446,"1995-02-18 2024-03-03",,,,
2025-02-24,-8.49,6.15,450,"1995-02-17 2024-03-02",81,11.61,450,"1995-02-17 2024-03-02",0.13,8.35,450,"1995-02-17 2024-03-02",26.01,9.82,450,"1995-02-17 2024-03-02",-15.32,6.59,450,"1995-02-17 2024-03-02",47.4,17.72,450,"1995-02-17 2024-03-02",-11.4,7.27,450,"1995-02-17 2024-03-02",2.44,3.27,450,"1995-02-17 2024-03-02",0.61,1.58,450,"1995-02-17 2024-03-02",0.01,0.2,441,"1995-02-17 2024-03-02",0.83,2.09,443,"1995-02-17 2024-03-02",3.7,4.47,446,"1995-02-17 2024-03-02",,,,
2025-02-23,-8.47,6.1,450,"1995-02-16 2024-03-01",80.99,11.37,450,"1995-02-16 2024-03-01",0.3,8.32,450,"1995-02-16 2024-03-01",26.03,9.91,450,"1995-02-16 2024-03-01",-15.37,6.55,450,"1995-02-16 2024-03-01",46.68,17.3,450,"1995-02-16 2024-03-01",-11.43,7.28,450,"1995-02-16 2024-03-01",2.33,3.29,450,"1995-02-16 2024-03-01",0.5,1.35,450,"1995-02-16 2024-03-01",0,0.02,441,"1995-02-16 2024-03-01",0.7,1.78,442,"1995-02-16 2024-03-01",3.8,4.56,446,"1995-02-16 2024-03-01",,,,
2025-02-22,-8.5,6.04,450,"1995-02-15 2024-02-29",80.77,11.39,450,"1995-02-15 2024-02-29",0.37,8.27,450,"1995-02-15 2024-02-29",26,9.87,450,"1995-02-15 2024-02-29",-15.37,6.47,450,"1995-02-15 2024-02-29",46.24,16.91,450,"1995-02-15 2024-02-29",-11.39,7.25,450,"1995-02-15 2024-02-29",2.22,3.2,450,"1995-02-15 2024-02-29",0.48,1.27,450,"1995-02-15 2024-02-29",0,0.02,442,"1995-02-15 2024-02-29",0.68,1.7,443,"1995-02-15 2024-02-29",3.8,4.72,446,"1995-02-15 2024-02-29",,,,
2025-02-21,-8.5,5.93,450,"1995-02-14 2024-02-28",80.76,11.45,450,"1995-02-14 2024-02-28",0.37,8.14,450,"1995-02-14 2024-02-28",26.09,10.03,450,"1995-02-14 2024-02-28",-15.36,6.48,450,"1995-02-14 2024-02-28",46.25,16.9,450,"1995-02-14 2024-02-28",-11.37,7.24,450,"1995-02-14 2024-02-28",2.28,3.21,450,"1995-02-14 2024-02-28",0.47,1.27,450,"1995-02-14 2024-02-28",0,0.02,442,"1995-02-14 2024-02-28",0.67,1.7,443,"1995-02-14 2024-02-28",3.9,4.82,446,"1995-02-14 2024-02-28",,,,
2025-02-20,-8.41,6.03,450,"1995-02-13 2024-02-27",80.76,11.64,450,"1995-02-13 2024-02-27",0.45,8.27,450,"1995-02-13 2024-02-27",26.52,10.35,450,"1995-02-13 2024-02-27",-15.25,6.47,450,"1995-02-13 2024-02-27",46.14,16.94,450,"1995-02-13 2024-02-27",-11.21,7.34,450,"1995-02-13 2024-02-27",2.32,3.14,450,"1995-02-13 2024-02-27",0.47,1.25,450,"1995-02-13 2024-02-27",0,0.03,441,"1995-02-13 2024-02-27",0.66,1.66,442,"1995-02-13 2024-02-27",4,5.05,446,"1995-02-13 2024-02-27",,,,
2025-02-19,-8.34,6.07,450,"1995-02-12 2024-02-26",80.43,11.91,450,"1995-02-12 2024-02-26",0.57,8.38,450,"1995-02-12 2024-02-26",26.71,10.28,450,"1995-02-12 2024-02-26",-15.24,6.54,450,"1995-02-12 2024-02-26",46.12,17.24,450,"1995-02-12 2024-02-26",-11.14,7.43,450,"1995-02-12 2024-02-26",2.36,3.14,450,"1995-02-12 2024-02-26",0.46,1.25,450,"1995-02-12 2024-02-26",0,0.02,440,"1995-02-12 2024-02-26",0.65,1.67,441,"1995-02-12 2024-02-26",4.1,5.24,447,"1995-02-12 2024-02-26",,,,
2025-02-18,-8.39,6.2,450,"1995-02-11 2024-02-25",80.26,12.21,450,"1995-02-11 2024-02-25",0.6,8.5,450,"1995-02-11 2024-02-25",26.95,10.42,450,"1995-02-11 2024-02-25",-15.25,6.6,450,"1995-02-11 2024-02-25",45.94,17.27,450,"1995-02-11 2024-02-25",-11.14,7.51,450,"1995-02-11 2024-02-25",2.36,3.14,450,"1995-02-11 2024-02-25",0.44,1.24,450,"1995-02-11 2024-02-25",0,0.02,437,"1995-02-11 2024-02-25",0.62,1.66,439,"1995-02-11 2024-02-25",4.2,5.46,448,"1995-02-11 2024-02-25",,,,
2025-02-17,-8.42,6.25,450,"1995-02-10 2024-02-24",80.1,12.35,450,"1995-02-10 2024-02-24",0.53,8.56,450,"1995-02-10 2024-02-24",27.11,10.26,450,"1995-02-10 2024-02-24",-15.29,6.55,450,"1995-02-10 2024-02-24",46.06,17.25,450,"1995-02-10 2024-02-24",-11.13,7.49,450,"1995-02-10 2024-02-24",2.38,3.13,450,"1995-02-10 2024-02-24",0.45,1.26,450,"1995-02-10 2024-02-24",0,0.02,437,"1995-02-10 2024-02-24",0.63,1.68,440,"1995-02-10 2024-02-24",4.4,5.74,449,"1995-02-10 2024-02-24",,,,
2025-02-16,-8.49,6.37,450,"1995-02-09 2024-02-23",79.96,12.36,450,"1995-02-09 2024-02-23",0.42,8.67,450,"1995-02-09 2024-02-23",27.43,10.69,450,"1995-02-09 2024-02-23",-15.36,6.57,450,"1995-02-09 2024-02-23",46.31,17.31,450,"1995-02-09 2024-02-23",-11.19,7.53,450,"1995-02-09 2024-02-23",2.44,3.17,450,"1995-02-09 2024-02-23",0.44,1.32,450,"1995-02-09 2024-02-23",0,0.02,437,"1995-02-09 2024-02-23",0.6,1.69,440,"1995-02-09 2024-02-23",4.5,5.95,449,"1995-02-09 2024-02-23",,,,
2025-02-15,-8.49,6.36,450,"1995-02-08 2024-02-22",80,12.32,450,"1995-02-08 2024-02-22",0.34,8.71,450,"1995-02-08 2024-02-22",27.4,10.72,450,"1995-02-08 2024-02-22",-15.38,6.66,450,"1995-02-08 2024-02-22",46.85,17.61,450,"1995-02-08 2024-02-22",-11.28,7.58,450,"1995-02-08 2024-02-22",2.41,3.15,450,"1995-02-08 2024-02-22",0.47,1.42,450,"1995-02-08 2024-02-22",0,0.03,438,"1995-02-08 2024-02-22",0.64,1.8,441,"1995-02-08 2024-02-22",4.7,6.07,449,"1995-02-08 2024-02-22",,,,
2025-02-14,-8.54,6.39,450,"1995-02-07 2024-02-21",79.98,12.28,450,"1995-02-07 2024-02-21",0.29,8.81,450,"1995-02-07 2024-02-21",27.39,10.81,450,"1995-02-07 2024-02-21",-15.42,6.72,450,"1995-02-07 2024-02-21",47.21,17.99,450,"1995-02-07 2024-02-21",-11.33,7.63,450,"1995-02-07 2024-02-21",2.46,3.14,450,"1995-02-07 2024-02-21",0.46,1.42,450,"1995-02-07 2024-02-21",0,0.03,438,"1995-02-07 2024-02-21",0.63,1.77,440,"1995-02-07 2024-02-21",4.8,6.15,449,"1995-02-07 2024-02-21",,,,
2025-02-13,-8.68,6.43,450,"1995-02-06 2024-02-20",79.9,12.19,450,"1995-02-06 2024-02-20",0,8.88,450,"1995-02-06 2024-02-20",27.44,10.94,450,"1995-02-06 2024-02-20",-15.5,6.75,450,"1995-02-06 2024-02-20",47.99,18.32,450,"1995-02-06 2024-02-20",-11.48,7.66,450,"1995-02-06 2024-02-20",2.52,3.1,450,"1995-02-06 2024-02-20",0.47,1.42,450,"1995-02-06 2024-02-20",0,0.03,438,"1995-02-06 2024-02-20",0.64,1.77,440,"1995-02-06 2024-02-20",4.9,6.2,449,"1995-02-06 2024-02-20",,,,
2025-02-12,-8.75,6.54,450,"1995-02-05 2024-02-19",79.76,11.98,450,"1995-02-05 2024-02-19",-0.14,9,450,"1995-02-05 2024-02-19",27.39,10.96,450,"1995-02-05 2024-02-19",-15.62,6.79,450,"1995-02-05 2024-02-19",48.33,18.13,450,"1995-02-05 2024-02-19",-11.6,7.72,450,"1995-02-05 2024-02-19",2.53,3.18,450,"1995-02-05 2024-02-19",0.45,1.32,450,"1995-02-05 2024-02-19",0,0.03,437,"1995-02-05 2024-02-19",0.64,1.71,440,"1995-02-05 2024-02-19",5,6.18,449,"1995-02-05 2024-02-19",,,,
2025-02-11,-8.91,6.6,450,"1995-02-04 2024-02-18",79.49,11.79,450,"1995-02-04 2024-02-18",-0.27,9.13,450,"1995-02-04 2024-02-18",27.48,11.02,450,"1995-02-04 2024-02-18",-15.8,6.81,450,"1995-02-04 2024-02-18",48.39,18.14,450,"1995-02-04 2024-02-18",-11.8,7.77,450,"1995-02-04 2024-02-18",2.56,3.21,450,"1995-02-04 2024-02-18",0.48,1.38,450,"1995-02-04 2024-02-18",0,0.02,435,"1995-02-04 2024-02-18",0.67,1.77,440,"1995-02-04 2024-02-18",5.1,6.13,449,"1995-02-04 2024-02-18",,,,
2025-02-10,-9.03,6.64,450,"1995-02-03 2024-02-17",79.38,12.04,450,"1995-02-03 2024-02-17",-0.42,9.24,450,"1995-02-03 2024-02-17",27.38,11.06,450,"1995-02-03 2024-02-17",-15.95,6.87,450,"1995-02-03 2024-02-17",48.69,18.16,450,"1995-02-03 2024-02-17",-11.94,7.89,450,"1995-02-03 2024-02-17",2.64,3.26,450,"1995-02-03 2024-02-17",0.52,1.45,450,"1995-02-03 2024-02-17",0,0.04,435,"1995-02-03 2024-02-17",0.71,1.84,440,"1995-02-03 2024-02-17",5.1,6.05,450,"1995-02-03 2024-02-17",,,,
2025-02-09,-9.12,6.69,450,"1995-02-02 2024-02-16",79.38,12.1,450,"1995-02-02 2024-02-16",-0.6,9.33,450,"1995-02-02 2024-02-16",27.29,11.06,450,"1995-02-02 2024-02-16",-16.01,6.94,450,"1995-02-02 2024-02-16",49.14,18.22,450,"1995-02-02 2024-02-16",-12.04,7.93,450,"1995-02-02 2024-02-16",2.66,3.3,450,"1995-02-02 2024-02-16",0.52,1.44,450,"1995-02-02 2024-02-16",0,0.04,435,"1995-02-02 2024-02-16",0.71,1.83,440,"1995-02-02 2024-02-16",5.1,5.95,450,"1995-02-02 2024-02-16",,,,
2025-02-08,-9.15,6.74,450,"1995-02-01 2024-02-15",79.05,12.18,450,"1995-02-01 2024-02-15",-0.69,9.35,450,"1995-02-01 2024-02-15",27.29,11.1,450,"1995-02-01 2024-02-15",-16.08,7.02,450,"1995-02-01 2024-02-15",49.46,18.04,450,"1995-02-01 2024-02-15",-12.12,7.94,450,"1995-02-01 2024-02-15",2.72,3.26,450,"1995-02-01 2024-02-15",0.52,1.45,450,"1995-02-01 2024-02-15",0,0.05,436,"1995-02-01 2024-02-15",0.7,1.82,441,"1995-02-01 2024-02-15",5.1,5.93,450,"1995-02-01 2024-02-15",,,,
2025-02-07,-9.13,6.73,450,"1995-01-31 2024-02-14",78.96,12.29,450,"1995-01-31 2024-02-14",-0.72,9.33,450,"1995-01-31 2024-02-14",27.57,11.32,450,"1995-01-31 2024-02-14",-16.18,7.09,450,"1995-01-31 2024-02-14",49.69,17.88,450,"1995-01-31 2024-02-14",-12.22,7.97,450,"1995-01-31 2024-02-14",2.69,3.25,450,"1995-01-31 2024-02-14",0.53,1.45,450,"1995-01-31 2024-02-14",0,0.05,435,"1995-01-31 2024-02-14",0.71,1.82,441,"1995-01-31 2024-02-14",5,5.9,450,"1995-01-31 2024-02-14",,,,
2025-02-06,-9.11,6.76,450,"1995-01-30 2024-02-13",78.47,12.31,450,"1995-01-30 2024-02-13",-0.61,9.44,450,"1995-01-30 2024-02-13",27.92,11.53,450,"1995-01-30 2024-02-13",-16.2,7.14,450,"1995-01-30 2024-02-13",49.1,17.78,450,"1995-01-30 2024-02-13",-12.07,8.17,450,"1995-01-30 2024-02-13",2.62,3.24,450,"1995-01-30 2024-02-13",0.53,1.45,450,"1995-01-30 2024-02-13",0,0.05,435,"1995-01-30 2024-02-13",0.7,1.82,441,"1995-01-30 2024-02-13",5,5.89,450,"1995-01-30 2024-02-13",,,,
2025-02-05,-9.24,6.85,450,"1995-01-29 2024-02-12",78.13,12.33,450,"1995-01-29 2024-02-12",-0.62,9.51,450,"1995-01-29 2024-02-12",27.69,11.46,450,"1995-01-29 2024-02-12",-16.41,7.26,450,"1995-01-29 2024-02-12",48.85,17.74,450,"1995-01-29 2024-02-12",-12.27,8.25,450,"1995-01-29 2024-02-12",2.6,3.26,450,"1995-01-29 2024-02-12",0.53,1.46,450,"1995-01-29 2024-02-12",0,0.04,436,"1995-01-29 2024-02-12",0.72,1.93,442,"1995-01-29 2024-02-12",4.9,5.82,450,"1995-01-29 2024-02-12",,,,
2025-02-04,-9.43,7.06,450,"1995-01-28 2024-02-11",78.1,12.26,450,"1995-01-28 2024-02-11",-0.84,9.66,450,"1995-01-28 2024-02-11",27.62,11.54,450,"1995-01-28 2024-02-11",-16.54,7.41,450,"1995-01-28 2024-02-11",48.79,17.63,450,"1995-01-28 2024-02-11",-12.33,8.35,450,"1995-01-28 2024-02-11",2.52,3.28,450,"1995-01-28 2024-02-11",0.53,1.46,450,"1995-01-28 2024-02-11",0,0.04,436,"1995-01-28 2024-02-11",0.73,1.94,442,"1995-01-28 2024-02-11",4.8,5.76,450,"1995-01-28 2024-02-11",,,,
2025-02-03,-9.44,7.18,450,"1995-01-27 2024-02-10",78.05,12.19,450,"1995-01-27 2024-02-10",-0.75,9.77,450,"1995-01-27 2024-02-10",27.72,11.79,450,"1995-01-27 2024-02-10",-16.57,7.6,450,"1995-01-27 2024-02-10",48.42,17.62,450,"1995-01-27 2024-02-10",-12.34,8.47,450,"1995-01-27 2024-02-10",2.44,3.26,450,"1995-01-27 2024-02-10",0.56,1.58,450,"1995-01-27 2024-02-10",0.01,0.09,439,"1995-01-27 2024-02-10",0.76,2.06,444,"1995-01-27 2024-02-10",4.6,5.63,450,"1995-01-27 2024-02-10",,,,
2025-02-02,-9.33,7.29,450,"1995-01-26 2024-02-09",77.98,12.03,450,"1995-01-26 2024-02-09",-0.61,9.85,450,"1995-01-26 2024-02-09",27.64,11.91,450,"1995-01-26 2024-02-09",-16.48,7.75,450,"1995-01-26 2024-02-09",48.32,17.6,450,"1995-01-26 2024-02-09",-12.27,8.55,450,"1995-01-26 2024-02-09",2.38,3.22,450,"1995-01-26 2024-02-09",0.54,1.57,450,"1995-01-26 2024-02-09",0.01,0.09,439,"1995-01-26 2024-02-09",0.74,2.05,444,"1995-01-26 2024-02-09",4.4,5.4,450,"1995-01-26 2024-02-09",,,,
2025-02-01,-9.25,7.29,450,"1995-01-25 2024-02-08",77.96,11.95,450,"1995-01-25 2024-02-08",-0.43,9.88,450,"1995-01-25 2024-02-08",27.41,11.61,450,"1995-01-25 2024-02-08",-16.39,7.85,450,"1995-01-25 2024-02-08",47.92,17.49,450,"1995-01-25 2024-02-08",-12.15,8.6,450,"1995-01-25 2024-02-08",2.27,3.15,450,"1995-01-25 2024-02-08",0.52,1.52,450,"1995-01-25 2024-02-08",0.01,0.09,440,"1995-01-25 2024-02-08",0.71,1.99,445,"1995-01-25 2024-02-08",4.2,5.18,450,"1995-01-25 2024-02-08",,,,
2025-01-31,-9.2,7.4,450,"1995-01-24 2024-02-07",77.83,11.73,450,"1995-01-24 2024-02-07",-0.31,9.93,450,"1995-01-24 2024-02-07",27.41,11.62,450,"1995-01-24 2024-02-07",-16.32,7.89,450,"1995-01-24 2024-02-07",47.56,17.08,450,"1995-01-24 2024-02-07",-12.08,8.61,450,"1995-01-24 2024-02-07",2.29,3.16,450,"1995-01-24 2024-02-07",0.48,1.45,450,"1995-01-24 2024-02-07",0.01,0.09,440,"1995-01-24 2024-02-07",0.66,1.94,445,"1995-01-24 2024-02-07",4.2,5.06,450,"1995-01-24 2024-02-07",,,,
2025-01-30,-9.17,7.42,450,"1995-01-23 2024-02-06",77.84,11.63,450,"1995-01-23 2024-02-06",-0.2,9.95,450,"1995-01-23 2024-02-06",27.67,11.76,450,"1995-01-23 2024-02-06",-16.3,7.94,450,"1995-01-23 2024-02-06",47.27,16.73,450,"1995-01-23 2024-02-06",-12.08,8.64,450,"1995-01-23 2024-02-06",2.31,3.25,450,"1995-01-23 2024-02-06",0.45,1.37,449,"1995-01-23 2024-02-06",0.01,0.09,440,"1995-01-23 2024-02-06",0.62,1.85,445,"1995-01-23 2024-02-06",4.1,5,450,"1995-01-23 2024-02-06",,,,
2025-01-29,-9.06,7.39,450,"1995-01-22 2024-02-05",77.84,11.88,450,"1995-01-22 2024-02-05",-0.06,9.91,450,"1995-01-22 2024-02-05",27.75,11.73,450,"1995-01-22 2024-02-05",-16.18,7.96,450,"1995-01-22 2024-02-05",47.2,16.68,450,"1995-01-22 2024-02-05",-11.96,8.69,450,"1995-01-22 2024-02-05",2.28,3.32,450,"1995-01-22 2024-02-05",0.44,1.33,449,"1995-01-22 2024-02-05",0.01,0.09,439,"1995-01-22 2024-02-05",0.62,1.82,444,"1995-01-22 2024-02-05",4.1,4.98,450,"1995-01-22 2024-02-05",,,,
2025-01-28,-9.01,7.3,450,"1995-01-21 2024-02-04",77.98,11.87,450,"1995-01-21 2024-02-04",-0.05,9.8,450,"1995-01-21 2024-02-04",27.66,11.84,450,"1995-01-21 2024-02-04",-16.12,7.93,450,"1995-01-21 2024-02-04",47.23,16.69,450,"1995-01-21 2024-02-04",-11.89,8.63,450,"1995-01-21 2024-02-04",2.26,3.24,450,"1995-01-21 2024-02-04",0.41,1.26,449,"1995-01-21 2024-02-04",0.01,0.09,439,"1995-01-21 2024-02-04",0.58,1.75,444,"1995-01-21 2024-02-04",4.1,5.02,450,"1995-01-21 2024-02-04",,,,
2025-01-27,-9,7.23,450,"1995-01-20 2024-02-03",78.07,12.04,450,"1995-01-20 2024-02-03",-0.11,9.68,450,"1995-01-20 2024-02-03",27.58,11.81,450,"1995-01-20 2024-02-03",-16.1,7.94,450,"1995-01-20 2024-02-03",47.5,16.69,450,"1995-01-20 2024-02-03",-11.86,8.58,450,"1995-01-20 2024-02-03",2.18,3.19,450,"1995-01-20 2024-02-03",0.38,1.19,449,"1995-01-20 2024-02-03",0.01,0.09,441,"1995-01-20 2024-02-03",0.54,1.68,444,"1995-01-20 2024-02-03",4.1,5.06,450,"1995-01-20 2024-02-03",,,,
2025-01-26,-8.95,7.25,450,"1995-01-19 2024-02-02",78.03,11.93,450,"1995-01-19 2024-02-02",-0.01,9.67,450,"1995-01-19 2024-02-02",27.59,11.95,450,"1995-01-19 2024-02-02",-16.08,7.94,450,"1995-01-19 2024-02-02",47.32,16.6,450,"1995-01-19 2024-02-02",-11.82,8.56,450,"1995-01-19 2024-02-02",2.08,3.18,450,"1995-01-19 2024-02-02",0.34,1.1,449,"1995-01-19 2024-02-02",0.01,0.08,442,"1995-01-19 2024-02-02",0.5,1.62,444,"1995-01-19 2024-02-02",4.2,5.07,450,"1995-01-19 2024-02-02",,,,
2025-01-25,-8.9,7.39,450,"1995-01-18 2024-02-01",78.28,11.93,450,"1995-01-18 2024-02-01",0.05,9.76,450,"1995-01-18 2024-02-01",27.61,11.88,450,"1995-01-18 2024-02-01",-16.03,8,450,"1995-01-18 2024-02-01",47.23,16.5,450,"1995-01-18 2024-02-01",-11.8,8.62,450,"1995-01-18 2024-02-01",2.06,3.2,450,"1995-01-18 2024-02-01",0.32,1.08,449,"1995-01-18 2024-02-01",0.01,0.08,443,"1995-01-18 2024-02-01",0.48,1.61,444,"1995-01-18 2024-02-01",4.2,5.09,450,"1995-01-18 2024-02-01",,,,
2025-01-24,-8.88,7.52,450,"1995-01-17 2024-01-31",78.54,12.01,450,"1995-01-17 2024-01-31",-0.01,9.9,450,"1995-01-17 2024-01-31",27.48,12.01,450,"1995-01-17 2024-01-31",-16.01,8.02,450,"1995-01-17 2024-01-31",47.42,16.65,450,"1995-01-17 2024-01-31",-11.8,8.65,450,"1995-01-17 2024-01-31",2.11,3.3,450,"1995-01-17 2024-01-31",0.32,1.09,449,"1995-01-17 2024-01-31",0.01,0.08,443,"1995-01-17 2024-01-31",0.5,1.65,444,"1995-01-17 2024-01-31",4.3,5.11,450,"1995-01-17 2024-01-31",,,,
2025-01-23,-8.97,7.62,450,"1995-01-16 2024-01-30",78.49,11.99,450,"1995-01-16 2024-01-30",-0.14,10.03,450,"1995-01-16 2024-01-30",26.95,11.71,450,"1995-01-16 2024-01-30",-16.04,8.08,450,"1995-01-16 2024-01-30",47.56,16.95,450,"1995-01-16 2024-01-30",-11.83,8.69,450,"1995-01-16 2024-01-30",2.11,3.37,450,"1995-01-16 2024-01-30",0.3,1.06,449,"1995-01-16 2024-01-30",0.01,0.08,444,"1995-01-16 2024-01-30",0.47,1.6,444,"1995-01-16 2024-01-30",4.3,5.14,450,"1995-01-16 2024-01-30",,,,
2025-01-22,-9.06,7.71,450,"1995-01-15 2024-01-29",78.7,12.09,450,"1995-01-15 2024-01-29",-0.34,10.07,450,"1995-01-15 2024-01-29",26.78,11.66,450,"1995-01-15 2024-01-29",-16.09,8.16,450,"1995-01-15 2024-01-29",48.4,17.14,450,"1995-01-15 2024-01-29",-12.03,8.7,450,"1995-01-15 2024-01-29",2.22,3.5,450,"1995-01-15 2024-01-29",0.3,1.05,449,"1995-01-15 2024-01-29",0.01,0.08,444,"1995-01-15 2024-01-29",0.46,1.59,444,"1995-01-15 2024-01-29",4.4,5.18,450,"1995-01-15 2024-01-29",,,,
2025-01-21,-9.09,7.84,450,"1995-01-14 2024-01-28",79.12,11.91,450,"1995-01-14 2024-01-28",-0.53,10.16,450,"1995-01-14 2024-01-28",26.7,11.76,450,"1995-01-14 2024-01-28",-16,8.23,450,"1995-01-14 2024-01-28",49.17,17.28,450,"1995-01-14 2024-01-28",-12.04,8.7,450,"1995-01-14 2024-01-28",2.26,3.51,450,"1995-01-14 2024-01-28",0.3,1.02,449,"1995-01-14 2024-01-28",0.01,0.08,444,"1995-01-14 2024-01-28",0.45,1.46,443,"1995-01-14 2024-01-28",4.6,5.38,450,"1995-01-14 2024-01-28",,,,
2025-01-20,-9.01,7.82,450,"1995-01-13 2024-01-27",79.44,11.69,450,"1995-01-13 2024-01-27",-0.51,10.13,450,"1995-01-13 2024-01-27",26.81,11.93,450,"1995-01-13 2024-01-27",-15.94,8.23,450,"1995-01-13 2024-01-27",49.3,17.2,450,"1995-01-13 2024-01-27",-12.08,8.69,450,"1995-01-13 2024-01-27",2.34,3.51,450,"1995-01-13 2024-01-27",0.3,1.02,449,"1995-01-13 2024-01-27",0.01,0.08,445,"1995-01-13 2024-01-27",0.45,1.45,443,"1995-01-13 2024-01-27",4.7,5.59,450,"1995-01-13 2024-01-27",,,,
2025-01-19,-9.07,7.82,450,"1995-01-12 2024-01-26",79.65,11.55,450,"1995-01-12 2024-01-26",-0.65,10.1,450,"1995-01-12 2024-01-26",26.59,11.75,450,"1995-01-12 2024-01-26",-15.95,8.27,450,"1995-01-12 2024-01-26",49.67,16.78,450,"1995-01-12 2024-01-26",-12.19,8.76,450,"1995-01-12 2024-01-26",2.37,3.54,450,"1995-01-12 2024-01-26",0.26,0.79,449,"1995-01-12 2024-01-26",0,0.02,445,"1995-01-12 2024-01-26",0.41,1.23,443,"1995-01-12 2024-01-26",4.9,5.82,450,"1995-01-12 2024-01-26",,,,
2025-01-18,-9.22,7.84,450,"1995-01-11 2024-01-25",79.95,11.51,450,"1995-01-11 2024-01-25",-0.83,10.13,450,"1995-01-11 2024-01-25",26.68,12.06,450,"1995-01-11 2024-01-25",-16.09,8.36,450,"1995-01-11 2024-01-25",49.98,16.88,450,"1995-01-11 2024-01-25",-12.41,8.86,450,"1995-01-11 2024-01-25",2.4,3.56,450,"1995-01-11 2024-01-25",0.27,0.79,449,"1995-01-11 2024-01-25",0,0.02,445,"1995-01-11 2024-01-25",0.41,1.24,443,"1995-01-11 2024-01-25",5.2,6.11,450,"1995-01-11 2024-01-25",,,,
2025-01-17,-9.28,7.8,450,"1995-01-10 2024-01-24",80.06,11.37,450,"1995-01-10 2024-01-24",-0.96,10.04,450,"1995-01-10 2024-01-24",26.77,12.17,450,"1995-01-10 2024-01-24",-16.23,8.33,450,"1995-01-10 2024-01-24",50.4,16.69,450,"1995-01-10 2024-01-24",-12.63,8.75,450,"1995-01-10 2024-01-24",2.44,3.7,450,"1995-01-10 2024-01-24",0.31,0.93,449,"1995-01-10 2024-01-24",0,0.02,445,"1995-01-10 2024-01-24",0.46,1.36,443,"1995-01-10 2024-01-24",5.4,6.32,449,"1995-01-10 2024-01-24",,,,
2025-01-16,-9.39,7.7,450,"1995-01-09 2024-01-23",80.09,11.3,450,"1995-01-09 2024-01-23",-1.08,9.94,450,"1995-01-09 2024-01-23",26.91,12.26,450,"1995-01-09 2024-01-23",-16.39,8.25,450,"1995-01-09 2024-01-23",50.41,16.56,450,"1995-01-09 2024-01-23",-12.82,8.67,450,"1995-01-09 2024-01-23",2.49,3.88,450,"1995-01-09 2024-01-23",0.3,0.87,449,"1995-01-09 2024-01-23",0,0.02,443,"1995-01-09 2024-01-23",0.45,1.26,442,"1995-01-09 2024-01-23",5.6,6.5,449,"1995-01-09 2024-01-23",,,,
2025-01-15,-9.46,7.67,450,"1995-01-08 2024-01-22",79.82,11.49,450,"1995-01-08 2024-01-22",-1.25,9.89,450,"1995-01-08 2024-01-22",26.93,12.35,450,"1995-01-08 2024-01-22",-16.52,8.19,450,"1995-01-08 2024-01-22",50.66,16.46,450,"1995-01-08 2024-01-22",-12.86,8.65,450,"1995-01-08 2024-01-22",2.55,4.03,450,"1995-01-08 2024-01-22",0.32,0.91,450,"1995-01-08 2024-01-22",0,0.02,444,"1995-01-08 2024-01-22",0.48,1.38,443,"1995-01-08 2024-01-22",5.8,6.61,449,"1995-01-08 2024-01-22",,,,
2025-01-14,-9.58,7.71,450,"1995-01-07 2024-01-21",79.72,11.25,450,"1995-01-07 2024-01-21",-1.38,9.99,450,"1995-01-07 2024-01-21",27.01,12.44,450,"1995-01-07 2024-01-21",-16.64,8.18,450,"1995-01-07 2024-01-21",50.65,16.4,450,"1995-01-07 2024-01-21",-12.96,8.6,450,"1995-01-07 2024-01-21",2.5,3.95,450,"1995-01-07 2024-01-21",0.33,0.93,450,"1995-01-07 2024-01-21",0,0.02,445,"1995-01-07 2024-01-21",0.5,1.43,444,"1995-01-07 2024-01-21",5.9,6.73,449,"1995-01-07 2024-01-21",,,,
2025-01-13,-9.7,7.8,450,"1995-01-06 2024-01-20",79.32,11.39,450,"1995-01-06 2024-01-20",-1.44,10.14,450,"1995-01-06 2024-01-20",27.41,12.42,450,"1995-01-06 2024-01-20",-16.76,8.28,450,"1995-01-06 2024-01-20",50.15,16.38,450,"1995-01-06 2024-01-20",-13.03,8.72,450,"1995-01-06 2024-01-20",2.56,3.99,450,"1995-01-06 2024-01-20",0.37,1.08,450,"1995-01-06 2024-01-20",0,0.04,444,"1995-01-06 2024-01-20",0.54,1.54,444,"1995-01-06 2024-01-20",6.1,6.88,449,"1995-01-06 2024-01-20",,,,
2025-01-12,-9.78,7.96,450,"1995-01-05 2024-01-19",79.2,11.25,450,"1995-01-05 2024-01-19",-1.58,10.26,450,"1995-01-05 2024-01-19",27.64,12.54,450,"1995-01-05 2024-01-19",-16.88,8.36,450,"1995-01-05 2024-01-19",50.14,16.2,450,"1995-01-05 2024-01-19",-13.14,8.85,450,"1995-01-05 2024-01-19",2.6,3.99,450,"1995-01-05 2024-01-19",0.37,1.1,450,"1995-01-05 2024-01-19",0,0.04,445,"1995-01-05 2024-01-19",0.55,1.57,445,"1995-01-05 2024-01-19",6.2,6.99,449,"1995-01-05 2024-01-19",,,,
2025-01-11,-9.9,8.02,450,"1995-01-04 2024-01-18",79.22,11.16,450,"1995-01-04 2024-01-18",-1.74,10.31,450,"1995-01-04 2024-01-18",27.84,12.52,450,"1995-01-04 2024-01-18",-16.99,8.43,450,"1995-01-04 2024-01-18",50.09,16.07,450,"1995-01-04 2024-01-18",-13.23,8.9,450,"1995-01-04 2024-01-18",2.64,3.94,450,"1995-01-04 2024-01-18",0.38,1.09,450,"1995-01-04 2024-01-18",0,0.04,446,"1995-01-04 2024-01-18",0.55,1.55,446,"1995-01-04 2024-01-18",6.4,7.1,448,"1995-01-04 2024-01-18",,,,
2025-01-10,-9.98,7.96,450,"1995-01-03 2024-01-17",78.84,11.27,450,"1995-01-03 2024-01-17",-1.85,10.25,450,"1995-01-03 2024-01-17",28.04,12.72,450,"1995-01-03 2024-01-17",-17.16,8.43,450,"1995-01-03 2024-01-17",50.22,16.23,450,"1995-01-03 2024-01-17",-13.34,8.95,450,"1995-01-03 2024-01-17",2.74,4,450,"1995-01-03 2024-01-17",0.43,1.36,450,"1995-01-03 2024-01-17",0,0.04,445,"1995-01-03 2024-01-17",0.62,1.84,445,"1995-01-03 2024-01-17",6.5,7.15,447,"1995-01-03 2024-01-17",,,,
2025-01-09,-10.04,7.87,450,"1995-01-02 2024-01-16",78.69,11.17,450,"1995-01-02 2024-01-16",-1.84,10.21,450,"1995-01-02 2024-01-16",28.16,12.69,450,"1995-01-02 2024-01-16",-17.22,8.42,450,"1995-01-02 2024-01-16",49.96,16.02,450,"1995-01-02 2024-01-16",-13.41,8.94,450,"1995-01-02 2024-01-16",2.64,3.91,450,"1995-01-02 2024-01-16",0.43,1.35,450,"1995-01-02 2024-01-16",0,0.03,445,"1995-01-02 2024-01-16",0.62,1.86,445,"1995-01-02 2024-01-16",6.7,7.17,446,"1995-01-02 2024-01-16",,,,
2025-01-08,-9.96,7.76,450,"1995-01-01 2024-01-15",78.95,11.1,450,"1995-01-01 2024-01-15",-1.81,10,450,"1995-01-01 2024-01-15",28.37,12.78,450,"1995-01-01 2024-01-15",-17.33,8.36,450,"1995-01-01 2024-01-15",50.02,15.65,450,"1995-01-01 2024-01-15",-13.56,8.87,450,"1995-01-01 2024-01-15",2.67,3.95,450,"1995-01-01 2024-01-15",0.43,1.35,450,"1995-01-01 2024-01-15",0.01,0.1,445,"1995-01-01 2024-01-15",0.63,1.86,445,"1995-01-01 2024-01-15",6.8,7.22,445,"1995-01-01 2024-01-15",,,,
2025-01-07,-10.06,7.75,450,"1994-12-31 2024-01-14",79.2,10.89,450,"1994-12-31 2024-01-14",-1.96,9.97,450,"1994-12-31 2024-01-14",27.9,12.7,450,"1994-12-31 2024-01-14",-17.45,8.26,450,"1994-12-31 2024-01-14",50.06,15.52,450,"1994-12-31 2024-01-14",-13.72,8.74,450,"1994-12-31 2024-01-14",2.52,3.82,450,"1994-12-31 2024-01-14",0.44,1.36,450,"1994-12-31 2024-01-14",0.01,0.14,445,"1994-12-31 2024-01-14",0.64,1.87,445,"1994-12-31 2024-01-14",6.9,7.26,444,"1994-12-31 2024-01-14",,,,
2025-01-06,-10.16,7.49,450,"1994-12-30 2024-01-13",79.28,10.87,450,"1994-12-30 2024-01-13",-2.11,9.76,450,"1994-12-30 2024-01-13",27.71,12.68,450,"1994-12-30 2024-01-13",-17.63,8.01,450,"1994-12-30 2024-01-13",50.13,15.49,450,"1994-12-30 2024-01-13",-13.91,8.56,450,"1994-12-30 2024-01-13",2.49,3.83,450,"1994-12-30 2024-01-13",0.45,1.39,450,"1994-12-30 2024-01-13",0.01,0.14,445,"1994-12-30 2024-01-13",0.64,1.88,446,"1994-12-30 2024-01-13",7,7.18,443,"1994-12-30 2024-01-13",,,,
2025-01-05,-10.15,7.33,450,"1994-12-29 2024-01-12",79.6,10.75,450,"1994-12-29 2024-01-12",-2.26,9.61,450,"1994-12-29 2024-01-12",27.48,12.46,450,"1994-12-29 2024-01-12",-17.67,7.86,450,"1994-12-29 2024-01-12",50.72,15.58,450,"1994-12-29 2024-01-12",-13.99,8.42,450,"1994-12-29 2024-01-12",2.41,3.81,450,"1994-12-29 2024-01-12",0.47,1.44,450,"1994-12-29 2024-01-12",0.01,0.14,444,"1994-12-29 2024-01-12",0.68,1.96,447,"1994-12-29 2024-01-12",7,7.03,443,"1994-12-29 2024-01-12",,,,
2025-01-04,-10.1,7.18,450,"1994-12-28 2024-01-11",79.7,11.14,450,"1994-12-28 2024-01-11",-2.3,9.46,450,"1994-12-28 2024-01-11",27.44,12.32,450,"1994-12-28 2024-01-11",-17.58,7.68,450,"1994-12-28 2024-01-11",51.28,15.99,450,"1994-12-28 2024-01-11",-13.91,8.28,450,"1994-12-28 2024-01-11",2.39,3.81,450,"1994-12-28 2024-01-11",0.52,1.49,450,"1994-12-28 2024-01-11",0.01,0.14,444,"1994-12-28 2024-01-11",0.75,2.04,447,"1994-12-28 2024-01-11",7,6.91,443,"1994-12-28 2024-01-11",,,,
2025-01-03,-9.95,7.05,450,"1994-12-27 2024-01-10",79.69,11.29,450,"1994-12-27 2024-01-10",-2.19,9.35,450,"1994-12-27 2024-01-10",27.45,12.13,450,"1994-12-27 2024-01-10",-17.41,7.47,450,"1994-12-27 2024-01-10",51.34,16.22,450,"1994-12-27 2024-01-10",-13.63,8.17,450,"1994-12-27 2024-01-10",2.4,3.81,450,"1994-12-27 2024-01-10",0.56,1.53,450,"1994-12-27 2024-01-10",0.01,0.14,443,"1994-12-27 2024-01-10",0.81,2.12,446,"1994-12-27 2024-01-10",6.8,6.71,443,"1994-12-27 2024-01-10",,,,
2025-01-02,-9.91,7.05,450,"1994-12-26 2024-01-09",79.59,11.39,450,"1994-12-26 2024-01-09",-2.12,9.39,450,"1994-12-26 2024-01-09",27.21,11.99,450,"1994-12-26 2024-01-09",-17.29,7.46,450,"1994-12-26 2024-01-09",51.25,16.31,450,"1994-12-26 2024-01-09",-13.49,8.27,450,"1994-12-26 2024-01-09",2.31,3.64,450,"1994-12-26 2024-01-09",0.51,1.43,450,"1994-12-26 2024-01-09",0.01,0.14,442,"1994-12-26 2024-01-09",0.74,1.98,445,"1994-12-26 2024-01-09",6.7,6.56,444,"1994-12-26 2024-01-09",,,,
2025-01-01,-9.91,7.08,450,"1994-12-25 2024-01-08",79.52,11.49,450,"1994-12-25 2024-01-08",-2.09,9.46,450,"1994-12-25 2024-01-08",26.88,11.88,450,"1994-12-25 2024-01-08",-17.18,7.48,450,"1994-12-25 2024-01-08",51.3,16.45,450,"1994-12-25 2024-01-08",-13.39,8.27,450,"1994-12-25 2024-01-08",2.18,3.43,450,"1994-12-25 2024-01-08",0.49,1.42,450,"1994-12-25 2024-01-08",0.01,0.14,442,"1994-12-25 2024-01-08",0.72,1.97,445,"1994-12-25 2024-01-08",6.6,6.44,444,"1994-12-25 2024-01-08",,,,
2024-12-31,-9.92,7.06,450,"1994-12-24 2024-01-07",79.39,11.51,450,"1994-12-24 2024-01-07",-2.01,9.48,450,"1994-12-24 2024-01-07",26.56,11.76,450,"1994-12-24 2024-01-07",-17.14,7.49,450,"1994-12-24 2024-01-07",51.13,16.59,450,"1994-12-24 2024-01-07",-13.38,8.31,450,"1994-12-24 2024-01-07",2.08,3.16,450,"1994-12-24 2024-01-07",0.48,1.41,450,"1994-12-24 2024-01-07",0.01,0.14,439,"1994-12-24 2024-01-07",0.69,1.91,444,"1994-12-24 2024-01-07",6.6,6.38,444,"1994-12-24 2024-01-07",,,,
2024-12-30,-9.95,7.1,450,"1994-12-23 2024-01-06",79.25,11.66,450,"1994-12-23 2024-01-06",-2,9.46,450,"1994-12-23 2024-01-06",26.37,11.59,450,"1994-12-23 2024-01-06",-17.28,7.54,450,"1994-12-23 2024-01-06",50.74,16.31,450,"1994-12-23 2024-01-06",-13.5,8.39,450,"1994-12-23 2024-01-06",2.12,3.29,450,"1994-12-23 2024-01-06",0.5,1.47,450,"1994-12-23 2024-01-06",0.01,0.14,439,"1994-12-23 2024-01-06",0.7,1.93,444,"1994-12-23 2024-01-06",6.5,6.37,444,"1994-12-23 2024-01-06",,,,
2024-12-29,-10.05,7.18,450,"1994-12-22 2024-01-05",79.52,11.54,450,"1994-12-22 2024-01-05",-2.14,9.5,450,"1994-12-22 2024-01-05",26.15,11.58,450,"1994-12-22 2024-01-05",-17.36,7.56,450,"1994-12-22 2024-01-05",51.06,16.33,450,"1994-12-22 2024-01-05",-13.65,8.37,450,"1994-12-22 2024-01-05",2.08,3.24,450,"1994-12-22 2024-01-05",0.51,1.53,450,"1994-12-22 2024-01-05",0.01,0.14,441,"1994-12-22 2024-01-05",0.71,1.99,445,"1994-12-22 2024-01-05",6.5,6.32,444,"1994-12-22 2024-01-05",,,,
2024-12-28,-10.08,7.17,450,"1994-12-21 2024-01-04",79.68,11.51,450,"1994-12-21 2024-01-04",-2.17,9.48,450,"1994-12-21 2024-01-04",26.04,11.32,450,"1994-12-21 2024-01-04",-17.33,7.64,450,"1994-12-21 2024-01-04",51.26,16.46,450,"1994-12-21 2024-01-04",-13.65,8.39,450,"1994-12-21 2024-01-04",2.07,3.25,450,"1994-12-21 2024-01-04",0.53,1.61,450,"1994-12-21 2024-01-04",0.01,0.14,441,"1994-12-21 2024-01-04",0.74,2.03,445,"1994-12-21 2024-01-04",6.4,6.36,444,"1994-12-21 2023-12-29",,,,
2024-12-27,-9.99,7.2,450,"1994-12-20 2024-01-03",79.76,11.48,450,"1994-12-20 2024-01-03",-2.11,9.45,450,"1994-12-20 2024-01-03",26.02,11.22,450,"1994-12-20 2024-01-03",-17.27,7.61,450,"1994-12-20 2024-01-03",51.49,16.5,450,"1994-12-20 2024-01-03",-13.61,8.38,450,"1994-12-20 2024-01-03",2.09,3.28,450,"1994-12-20 2024-01-03",0.56,1.64,450,"1994-12-20 2024-01-03",0.02,0.16,441,"1994-12-20 2024-01-03",0.76,2.06,445,"1994-12-20 2024-01-03",6.3,6.38,445,"1994-12-20 2023-12-29",,,,
2024-12-26,-9.97,7.21,450,"1994-12-19 2024-01-02",79.94,11.41,450,"1994-12-19 2024-01-02",-2.04,9.46,450,"1994-12-19 2024-01-02",26.02,11.12,450,"1994-12-19 2024-01-02",-17.15,7.56,450,"1994-12-19 2024-01-02",51.18,16.37,450,"1994-12-19 2024-01-02",-13.48,8.3,450,"1994-12-19 2024-01-02",2.06,3.18,450,"1994-12-19 2024-01-02",0.55,1.57,450,"1994-12-19 2024-01-02",0.02,0.23,442,"1994-12-19 2024-01-02",0.72,1.89,446,"1994-12-19 2024-01-02",6.1,6.45,446,"1994-12-19 2023-12-29",,,,
2024-12-25,-9.83,7.16,450,"1994-12-18 2024-01-01",80.02,11.56,450,"1994-12-18 2024-01-01",-1.94,9.34,450,"1994-12-18 2024-01-01",26.22,11.09,450,"1994-12-18 2024-01-01",-17.07,7.43,450,"1994-12-18 2024-01-01",51.3,16.37,450,"1994-12-18 2024-01-01",-13.39,8.17,450,"1994-12-18 2024-01-01",2.14,3.28,450,"1994-12-18 2024-01-01",0.56,1.59,450,"1994-12-18 2024-01-01",0.02,0.23,442,"1994-12-18 2024-01-01",0.74,1.93,446,"1994-12-18 2024-01-01",6,6.47,447,"1994-12-18 2023-12-29",,,,
2024-12-24,-9.83,7.16,450,"1994-12-17 2023-12-31",79.63,11.68,450,"1994-12-17 2023-12-31",-1.77,9.44,450,"1994-12-17 2023-12-31",26.5,11.25,450,"1994-12-17 2023-12-31",-16.89,7.37,450,"1994-12-17 2023-12-31",50.88,16.65,450,"1994-12-17 2023-12-31",-13.16,8.16,450,"1994-12-17 2023-12-31",2.23,3.31,450,"1994-12-17 2023-12-31",0.54,1.58,450,"1994-12-17 2023-12-31",0.02,0.21,442,"1994-12-17 2023-12-31",0.73,1.95,446,"1994-12-17 2023-12-31",5.8,6.45,448,"1994-12-17 2023-12-29",,,,
2024-12-23,-9.66,7.01,450,"1994-12-16 2023-12-30",79.36,11.86,450,"1994-12-16 2023-12-30",-1.53,9.35,450,"1994-12-16 2023-12-30",27.05,11.31,450,"1994-12-16 2023-12-30",-16.69,7.31,450,"1994-12-16 2023-12-30",50.5,16.72,450,"1994-12-16 2023-12-30",-12.89,8.1,450,"1994-12-16 2023-12-30",2.37,3.36,450,"1994-12-16 2023-12-30",0.54,1.58,450,"1994-12-16 2023-12-30",0.01,0.18,442,"1994-12-16 2023-12-30",0.74,1.95,446,"1994-12-16 2023-12-30",5.6,6.42,449,"1994-12-16 2023-12-29",,,,
2024-12-22,-9.5,6.99,450,"1994-12-15 2023-12-29",79.28,11.83,450,"1994-12-15 2023-12-29",-1.25,9.31,450,"1994-12-15 2023-12-29",27.4,11.33,450,"1994-12-15 2023-12-29",-16.48,7.38,450,"1994-12-15 2023-12-29",49.94,16.55,450,"1994-12-15 2023-12-29",-12.66,8.12,450,"1994-12-15 2023-12-29",2.36,3.32,450,"1994-12-15 2023-12-29",0.52,1.55,450,"1994-12-15 2023-12-29",0.01,0.18,442,"1994-12-15 2023-12-29",0.73,1.94,446,"1994-12-15 2023-12-29",5.5,6.39,450,"1994-12-15 2023-12-29",,,,
2024-12-21,-9.47,7.07,450,"1994-12-14 2023-12-28",78.99,11.78,450,"1994-12-14 2023-12-28",-1.07,9.32,450,"1994-12-14 2023-12-28",27.67,11.46,450,"1994-12-14 2023-12-28",-16.43,7.4,450,"1994-12-14 2023-12-28",49.41,16.3,450,"1994-12-14 2023-12-28",-12.53,8.14,450,"1994-12-14 2023-12-28",2.35,3.28,450,"1994-12-14 2023-12-28",0.5,1.52,450,"1994-12-14 2023-12-28",0.01,0.18,442,"1994-12-14 2023-12-28",0.68,1.86,445,"1994-12-14 2023-12-28",5.4,6.41,450,"1994-12-14 2023-12-28",,,,
2024-12-20,-9.44,7.1,450,"1994-12-13 2023-12-27",78.71,11.56,450,"1994-12-13 2023-12-27",-0.94,9.36,450,"1994-12-13 2023-12-27",27.78,11.53,450,"1994-12-13 2023-12-27",-16.41,7.36,450,"1994-12-13 2023-12-27",48.9,16.14,450,"1994-12-13 2023-12-27",-12.45,8.11,450,"1994-12-13 2023-12-27",2.46,3.42,450,"1994-12-13 2023-12-27",0.45,1.47,450,"1994-12-13 2023-12-27",0.02,0.19,441,"1994-12-13 2023-12-27",0.61,1.77,445,"1994-12-13 2023-12-27",5.3,6.45,450,"1994-12-13 2023-12-27",,,,
2024-12-19,-9.35,7,450,"1994-12-12 2023-12-26",78.56,11.7,450,"1994-12-12 2023-12-26",-0.78,9.26,450,"1994-12-12 2023-12-26",27.94,11.39,450,"1994-12-12 2023-12-26",-16.39,7.27,450,"1994-12-12 2023-12-26",48.58,16,450,"1994-12-12 2023-12-26",-12.43,8.04,450,"1994-12-12 2023-12-26",2.48,3.49,450,"1994-12-12 2023-12-26",0.43,1.46,450,"1994-12-12 2023-12-26",0.01,0.19,442,"1994-12-12 2023-12-26",0.56,1.71,445,"1994-12-12 2023-12-26",5.3,6.5,450,"1994-12-12 2023-12-26",,,,
2024-12-18,-9.22,6.89,450,"1994-12-11 2023-12-25",78.7,11.88,450,"1994-12-11 2023-12-25",-0.69,9.1,450,"1994-12-11 2023-12-25",28.15,11.39,450,"1994-12-11 2023-12-25",-16.28,7.19,450,"1994-12-11 2023-12-25",48.63,16.14,450,"1994-12-11 2023-12-25",-12.3,7.93,450,"1994-12-11 2023-12-25",2.56,3.54,450,"1994-12-11 2023-12-25",0.45,1.49,450,"1994-12-11 2023-12-25",0.01,0.19,443,"1994-12-11 2023-12-25",0.58,1.73,446,"1994-12-11 2023-12-25",5.3,6.52,449,"1994-12-11 2023-12-25",,,,
2024-12-17,-9.1,6.85,450,"1994-12-10 2023-12-24",78.55,12.42,450,"1994-12-10 2023-12-24",-0.59,9.04,450,"1994-12-10 2023-12-24",28.55,11.32,450,"1994-12-10 2023-12-24",-16.19,7.15,450,"1994-12-10 2023-12-24",48.64,16.22,450,"1994-12-10 2023-12-24",-12.12,7.97,450,"1994-12-10 2023-12-24",2.61,3.54,450,"1994-12-10 2023-12-24",0.47,1.51,450,"1994-12-10 2023-12-24",0.01,0.19,444,"1994-12-10 2023-12-24",0.61,1.76,446,"1994-12-10 2023-12-24",5.3,6.52,448,"1994-12-10 2023-12-24",,,,
2024-12-16,-8.95,6.87,450,"1994-12-09 2023-12-23",78.91,12.75,450,"1994-12-09 2023-12-23",-0.45,8.95,450,"1994-12-09 2023-12-23",28.88,11.2,450,"1994-12-09 2023-12-23",-16.08,7.12,450,"1994-12-09 2023-12-23",48.57,16.12,450,"1994-12-09 2023-12-23",-12.05,7.9,450,"1994-12-09 2023-12-23",2.66,3.66,450,"1994-12-09 2023-12-23",0.51,1.54,450,"1994-12-09 2023-12-23",0.01,0.18,447,"1994-12-09 2023-12-23",0.66,1.81,447,"1994-12-09 2023-12-23",5.2,6.49,448,"1994-12-09 2023-12-23",,,,
2024-12-15,-8.84,6.82,450,"1994-12-08 2023-12-22",79.15,12.67,450,"1994-12-08 2023-12-22",-0.38,8.89,450,"1994-12-08 2023-12-22",28.78,11.09,450,"1994-12-08 2023-12-22",-15.91,7.08,450,"1994-12-08 2023-12-22",48.9,16.48,450,"1994-12-08 2023-12-22",-11.92,7.83,450,"1994-12-08 2023-12-22",2.59,3.53,450,"1994-12-08 2023-12-22",0.5,1.58,450,"1994-12-08 2023-12-22",0.01,0.18,446,"1994-12-08 2023-12-22",0.66,1.85,446,"1994-12-08 2023-12-22",5.1,6.38,448,"1994-12-08 2023-12-22",,,,
2024-12-14,-8.7,6.76,450,"1994-12-07 2023-12-21",79.3,12.73,450,"1994-12-07 2023-12-21",-0.27,8.79,450,"1994-12-07 2023-12-21",28.68,11.02,450,"1994-12-07 2023-12-21",-15.86,7.13,450,"1994-12-07 2023-12-21",48.87,16.42,450,"1994-12-07 2023-12-21",-11.87,7.84,450,"1994-12-07 2023-12-21",2.53,3.53,450,"1994-12-07 2023-12-21",0.48,1.51,450,"1994-12-07 2023-12-21",0.01,0.18,445,"1994-12-07 2023-12-21",0.63,1.76,445,"1994-12-07 2023-12-21",5,6.26,447,"1994-12-07 2023-12-21",,,,
2024-12-13,-8.7,6.74,450,"1994-12-06 2023-12-20",79.19,12.85,450,"1994-12-06 2023-12-20",-0.16,8.83,450,"1994-12-06 2023-12-20",28.63,11.17,450,"1994-12-06 2023-12-20",-15.82,7.01,450,"1994-12-06 2023-12-20",48.58,16.25,450,"1994-12-06 2023-12-20",-11.82,7.75,450,"1994-12-06 2023-12-20",2.57,3.61,450,"1994-12-06 2023-12-20",0.46,1.42,450,"1994-12-06 2023-12-20",0.01,0.19,444,"1994-12-06 2023-12-20",0.6,1.69,444,"1994-12-06 2023-12-20",5,6.13,446,"1994-12-06 2023-12-20",,,,
2024-12-12,-8.74,6.54,450,"1994-12-05 2023-12-19",79.22,13.04,450,"1994-12-05 2023-12-19",-0.19,8.71,450,"1994-12-05 2023-12-19",28.73,11.25,450,"1994-12-05 2023-12-19",-15.81,6.85,450,"1994-12-05 2023-12-19",48.7,16.53,450,"1994-12-05 2023-12-19",-11.79,7.63,450,"1994-12-05 2023-12-19",2.7,3.82,450,"1994-12-05 2023-12-19",0.44,1.4,450,"1994-12-05 2023-12-19",0.01,0.17,443,"1994-12-05 2023-12-19",0.59,1.67,443,"1994-12-05 2023-12-19",4.9,6.01,445,"1994-12-05 2023-12-19",,,,
2024-12-11,-8.66,6.33,450,"1994-12-04 2023-12-18",79.42,13.11,450,"1994-12-04 2023-12-18",-0.18,8.52,450,"1994-12-04 2023-12-18",28.72,11.31,450,"1994-12-04 2023-12-18",-15.77,6.67,450,"1994-12-04 2023-12-18",49.03,16.66,450,"1994-12-04 2023-12-18",-11.8,7.48,450,"1994-12-04 2023-12-18",2.61,3.79,450,"1994-12-04 2023-12-18",0.44,1.33,450,"1994-12-04 2023-12-18",0,0.06,442,"1994-12-04 2023-12-18",0.61,1.68,442,"1994-12-04 2023-12-18",4.9,5.94,444,"1994-12-04 2023-12-18",,,,
2024-12-10,-8.76,6.31,450,"1994-12-03 2023-12-17",79.37,12.97,450,"1994-12-03 2023-12-17",-0.29,8.53,450,"1994-12-03 2023-12-17",28.48,11.33,450,"1994-12-03 2023-12-17",-15.76,6.64,450,"1994-12-03 2023-12-17",49.02,16.83,450,"1994-12-03 2023-12-17",-11.77,7.48,450,"1994-12-03 2023-12-17",2.59,3.76,450,"1994-12-03 2023-12-17",0.42,1.3,450,"1994-12-03 2023-12-17",0,0.06,441,"1994-12-03 2023-12-17",0.56,1.57,441,"1994-12-03 2023-12-17",4.9,5.92,443,"1994-12-03 2023-12-17",,,,
2024-12-09,-8.78,6.31,450,"1994-12-02 2023-12-16",79.55,13.06,450,"1994-12-02 2023-12-16",-0.4,8.52,450,"1994-12-02 2023-12-16",28.36,11.38,450,"1994-12-02 2023-12-16",-15.73,6.63,450,"1994-12-02 2023-12-16",49.44,16.9,450,"1994-12-02 2023-12-16",-11.77,7.47,450,"1994-12-02 2023-12-16",2.58,3.92,450,"1994-12-02 2023-12-16",0.46,1.46,450,"1994-12-02 2023-12-16",0,0.06,440,"1994-12-02 2023-12-16",0.59,1.68,440,"1994-12-02 2023-12-16",4.9,5.87,442,"1994-12-02 2023-12-16",,,,
2024-12-08,-8.74,6.35,450,"1994-12-01 2023-12-15",79.72,13.04,450,"1994-12-01 2023-12-15",-0.31,8.53,450,"1994-12-01 2023-12-15",28.16,11.14,450,"1994-12-01 2023-12-15",-15.61,6.58,450,"1994-12-01 2023-12-15",49.46,17.04,450,"1994-12-01 2023-12-15",-11.73,7.42,450,"1994-12-01 2023-12-15",2.48,3.88,450,"1994-12-01 2023-12-15",0.48,1.48,450,"1994-12-01 2023-12-15",0.01,0.06,439,"1994-12-01 2023-12-15",0.61,1.71,439,"1994-12-01 2023-12-15",4.9,5.81,441,"1994-12-01 2023-12-15",,,,
2024-12-07,-8.68,6.31,450,"1994-11-30 2023-12-14",79.69,13.25,450,"1994-11-30 2023-12-14",-0.31,8.54,450,"1994-11-30 2023-12-14",27.95,10.99,450,"1994-11-30 2023-12-14",-15.5,6.48,450,"1994-11-30 2023-12-14",49.78,17.43,450,"1994-11-30 2023-12-14",-11.6,7.37,450,"1994-11-30 2023-12-14",2.5,3.96,450,"1994-11-30 2023-12-14",0.51,1.52,450,"1994-11-30 2023-12-14",0.01,0.06,438,"1994-11-30 2023-12-14",0.65,1.77,438,"1994-11-30 2023-12-14",4.8,5.78,439,"1994-11-30 2023-12-14",,,,
2024-12-06,-8.61,6.14,450,"1994-11-29 2023-12-13",79.66,13.5,450,"1994-11-29 2023-12-13",-0.2,8.46,450,"1994-11-29 2023-12-13",27.73,10.9,450,"1994-11-29 2023-12-13",-15.39,6.4,450,"1994-11-29 2023-12-13",49.68,17.58,450,"1994-11-29 2023-12-13",-11.5,7.34,450,"1994-11-29 2023-12-13",2.53,4.01,450,"1994-11-29 2023-12-13",0.51,1.51,450,"1994-11-29 2023-12-13",0.01,0.06,438,"1994-11-29 2023-12-13",0.67,1.78,438,"1994-11-29 2023-12-13",4.7,5.72,437,"1994-11-29 2023-12-13",,,,
2024-12-05,-8.5,6.09,450,"1994-11-28 2023-12-12",79.89,13.37,450,"1994-11-28 2023-12-12",-0.09,8.43,450,"1994-11-28 2023-12-12",27.66,10.99,450,"1994-11-28 2023-12-12",-15.29,6.36,450,"1994-11-28 2023-12-12",49.65,17.54,450,"1994-11-28 2023-12-12",-11.39,7.24,450,"1994-11-28 2023-12-12",2.48,4.05,450,"1994-11-28 2023-12-12",0.55,1.57,450,"1994-11-28 2023-12-12",0,0.05,438,"1994-11-28 2023-12-12",0.72,1.88,437,"1994-11-28 2023-12-12",4.5,5.54,435,"1994-11-28 2023-12-12",,,,
2024-12-04,-8.42,6.15,450,"1994-11-27 2023-12-11",80.13,13.18,450,"1994-11-27 2023-12-11",-0.02,8.45,450,"1994-11-27 2023-12-11",27.63,11,450,"1994-11-27 2023-12-11",-15.15,6.37,450,"1994-11-27 2023-12-11",49.64,17.66,450,"1994-11-27 2023-12-11",-11.28,7.2,450,"1994-11-27 2023-12-11",2.44,4.01,450,"1994-11-27 2023-12-11",0.56,1.56,450,"1994-11-27 2023-12-11",0,0.05,436,"1994-11-27 2023-12-11",0.75,1.87,437,"1994-11-27 2023-12-11",4.4,5.44,434,"1994-11-27 2023-12-11",,,,
2024-12-03,-8.3,6.18,450,"1994-11-26 2023-12-10",80.36,13,450,"1994-11-26 2023-12-10",0.11,8.48,450,"1994-11-26 2023-12-10",27.63,11.06,450,"1994-11-26 2023-12-10",-14.99,6.32,450,"1994-11-26 2023-12-10",49.42,17.63,450,"1994-11-26 2023-12-10",-11.12,7.14,450,"1994-11-26 2023-12-10",2.38,3.98,450,"1994-11-26 2023-12-10",0.56,1.55,450,"1994-11-26 2023-12-10",0.01,0.05,435,"1994-11-26 2023-12-10",0.75,1.87,436,"1994-11-26 2023-12-10",4.3,5.4,433,"1994-11-26 2023-12-10",,,,
2024-12-02,-8.19,6.06,450,"1994-11-25 2023-12-09",80.39,12.77,450,"1994-11-25 2023-12-09",0.31,8.39,450,"1994-11-25 2023-12-09",27.57,11.09,450,"1994-11-25 2023-12-09",-14.87,6.27,450,"1994-11-25 2023-12-09",48.96,17.71,450,"1994-11-25 2023-12-09",-10.96,7.08,450,"1994-11-25 2023-12-09",2.44,4.01,450,"1994-11-25 2023-12-09",0.55,1.55,450,"1994-11-25 2023-12-09",0.01,0.05,435,"1994-11-25 2023-12-09",0.74,1.89,436,"1994-11-25 2023-12-09",4.2,5.33,433,"1994-11-25 2023-12-09",,,,
2024-12-01,-8.11,6,450,"1994-11-24 2023-12-08",80.39,12.45,450,"1994-11-24 2023-12-08",0.45,8.44,450,"1994-11-24 2023-12-08",27.43,10.95,450,"1994-11-24 2023-12-08",-14.73,6.26,450,"1994-11-24 2023-12-08",48.64,17.98,450,"1994-11-24 2023-12-08",-10.77,7.07,450,"1994-11-24 2023-12-08",2.38,3.88,450,"1994-11-24 2023-12-08",0.53,1.56,450,"1994-11-24 2023-12-08",0.01,0.05,433,"1994-11-24 2023-12-08",0.72,1.9,434,"1994-11-24 2023-12-08",4,5.3,433,"1994-11-24 2023-12-08",,,,
2024-11-30,-7.9,6.04,450,"1994-11-23 2023-12-07",80.57,12.39,450,"1994-11-23 2023-12-07",0.76,8.45,450,"1994-11-23 2023-12-07",27.46,11.11,450,"1994-11-23 2023-12-07",-14.53,6.27,450,"1994-11-23 2023-12-07",48.27,17.77,450,"1994-11-23 2023-12-07",-10.57,7.04,450,"1994-11-23 2023-12-07",2.41,3.89,450,"1994-11-23 2023-12-07",0.54,1.58,450,"1994-11-23 2023-12-07",0.01,0.05,434,"1994-11-23 2023-12-07",0.71,1.92,435,"1994-11-23 2023-12-07",3.8,5.28,433,"1994-11-23 2023-12-07",,,,
2024-11-29,-7.74,5.93,450,"1994-11-22 2023-12-06",80.34,12.48,450,"1994-11-22 2023-12-06",1.06,8.47,450,"1994-11-22 2023-12-06",27.62,11.35,450,"1994-11-22 2023-12-06",-14.28,6.11,450,"1994-11-22 2023-12-06",47.86,17.86,450,"1994-11-22 2023-12-06",-10.21,6.96,450,"1994-11-22 2023-12-06",2.49,3.91,450,"1994-11-22 2023-12-06",0.51,1.5,450,"1994-11-22 2023-12-06",0.01,0.05,434,"1994-11-22 2023-12-06",0.68,1.85,435,"1994-11-22 2023-12-06",3.7,5.27,431,"1994-11-22 2023-12-06",,,,
2024-11-28,-7.54,5.77,450,"1994-11-21 2023-12-05",80.2,12.53,450,"1994-11-21 2023-12-05",1.39,8.41,450,"1994-11-21 2023-12-05",27.63,11.36,450,"1994-11-21 2023-12-05",-14.08,6,450,"1994-11-21 2023-12-05",47.39,17.97,450,"1994-11-21 2023-12-05",-9.93,6.9,450,"1994-11-21 2023-12-05",2.43,3.88,450,"1994-11-21 2023-12-05",0.51,1.5,450,"1994-11-21 2023-12-05",0.01,0.05,435,"1994-11-21 2023-12-05",0.69,1.88,436,"1994-11-21 2023-12-05",3.6,5.2,431,"1994-11-21 2023-11-25",,,,
2024-11-27,-7.35,5.8,450,"1994-11-20 2023-12-04",80.29,12.3,450,"1994-11-20 2023-12-04",1.67,8.45,450,"1994-11-20 2023-12-04",27.58,11.23,450,"1994-11-20 2023-12-04",-13.87,6.07,450,"1994-11-20 2023-12-04",46.92,17.86,450,"1994-11-20 2023-12-04",-9.76,6.9,450,"1994-11-20 2023-12-04",2.3,3.65,450,"1994-11-20 2023-12-04",0.49,1.48,450,"1994-11-20 2023-12-04",0.01,0.05,435,"1994-11-20 2023-12-04",0.66,1.85,436,"1994-11-20 2023-12-04",3.5,5.16,430,"1994-11-20 2023-11-25",,,,
2024-11-26,-7.24,5.93,450,"1994-11-19 2023-12-03",80.11,12.27,450,"1994-11-19 2023-12-03",1.85,8.61,450,"1994-11-19 2023-12-03",27.52,11.07,450,"1994-11-19 2023-12-03",-13.67,6.15,450,"1994-11-19 2023-12-03",46.8,18,450,"1994-11-19 2023-12-03",-9.55,6.94,450,"1994-11-19 2023-12-03",2.39,3.74,450,"1994-11-19 2023-12-03",0.51,1.61,450,"1994-11-19 2023-12-03",0.01,0.07,435,"1994-11-19 2023-12-03",0.69,2.05,436,"1994-11-19 2023-12-03",3.4,5.04,427,"1994-11-19 2023-11-25",,,,
2024-11-25,-7.01,5.93,450,"1994-11-18 2023-12-02",80.23,12.32,450,"1994-11-18 2023-12-02",2.15,8.55,450,"1994-11-18 2023-12-02",27.84,10.89,450,"1994-11-18 2023-12-02",-13.49,6.15,450,"1994-11-18 2023-12-02",46.44,18.13,450,"1994-11-18 2023-12-02",-9.3,6.93,450,"1994-11-18 2023-12-02",2.38,3.72,450,"1994-11-18 2023-12-02",0.52,1.61,450,"1994-11-18 2023-12-02",0.02,0.19,436,"1994-11-18 2023-12-02",0.69,2.04,437,"1994-11-18 2023-12-02",3.3,4.9,424,"1994-11-18 2023-11-25",,,,
2024-11-24,-6.85,5.92,450,"1994-11-17 2023-12-01",80.19,12.32,450,"1994-11-17 2023-12-01",2.33,8.59,450,"1994-11-17 2023-12-01",27.75,10.84,450,"1994-11-17 2023-12-01",-13.27,6.16,450,"1994-11-17 2023-12-01",46.33,18.42,450,"1994-11-17 2023-12-01",-9.05,6.94,450,"1994-11-17 2023-12-01",2.35,3.48,450,"1994-11-17 2023-12-01",0.51,1.53,450,"1994-11-17 2023-12-01",0.02,0.19,435,"1994-11-17 2023-12-01",0.68,1.96,437,"1994-11-17 2023-12-01",3.1,4.75,424,"1994-11-17 2023-11-25",,,,
2024-11-23,-6.66,5.89,450,"1994-11-16 2023-11-30",80.4,12.24,450,"1994-11-16 2023-11-30",2.5,8.53,450,"1994-11-16 2023-11-30",28.02,11.29,450,"1994-11-16 2023-11-30",-13.12,6.17,450,"1994-11-16 2023-11-30",46.61,18.6,450,"1994-11-16 2023-11-30",-8.84,6.92,450,"1994-11-16 2023-11-30",2.45,3.55,450,"1994-11-16 2023-11-30",0.52,1.57,450,"1994-11-16 2023-11-30",0.02,0.19,435,"1994-11-16 2023-11-30",0.69,1.99,438,"1994-11-16 2023-11-30",3,4.61,424,"1994-11-16 2023-11-25",,,,
2024-11-22,-6.35,5.85,450,"1994-11-15 2023-11-29",80.74,12.05,450,"1994-11-15 2023-11-29",2.89,8.47,450,"1994-11-15 2023-11-29",28.18,11.27,450,"1994-11-15 2023-11-29",-12.82,6.19,450,"1994-11-15 2023-11-29",46.25,18.5,450,"1994-11-15 2023-11-29",-8.54,6.84,450,"1994-11-15 2023-11-29",2.42,3.47,450,"1994-11-15 2023-11-29",0.5,1.53,450,"1994-11-15 2023-11-29",0.03,0.21,435,"1994-11-15 2023-11-29",0.65,1.94,439,"1994-11-15 2023-11-29",2.9,4.48,423,"1994-11-15 2023-11-25",,,,
2024-11-21,-6.08,5.75,450,"1994-11-14 2023-11-28",80.82,11.91,450,"1994-11-14 2023-11-28",3.15,8.3,450,"1994-11-14 2023-11-28",28.29,11.18,450,"1994-11-14 2023-11-28",-12.51,6.07,450,"1994-11-14 2023-11-28",46.27,18.49,450,"1994-11-14 2023-11-28",-8.21,6.63,450,"1994-11-14 2023-11-28",2.4,3.43,450,"1994-11-14 2023-11-28",0.51,1.6,450,"1994-11-14 2023-11-28",0.03,0.21,436,"1994-11-14 2023-11-28",0.64,2,440,"1994-11-14 2023-11-28",2.8,4.33,420,"1994-11-14 2023-11-25",,,,
2024-11-20,-5.79,5.58,450,"1994-11-13 2023-11-27",80.65,12.13,450,"1994-11-13 2023-11-27",3.57,8.11,450,"1994-11-13 2023-11-27",28.41,10.97,450,"1994-11-13 2023-11-27",-12.26,5.93,450,"1994-11-13 2023-11-27",45.84,18.52,450,"1994-11-13 2023-11-27",-7.84,6.55,450,"1994-11-13 2023-11-27",2.29,3.17,450,"1994-11-13 2023-11-27",0.47,1.54,450,"1994-11-13 2023-11-27",0.03,0.2,437,"1994-11-13 2023-11-27",0.6,1.94,441,"1994-11-13 2023-11-27",2.7,4.32,417,"1994-11-13 2023-11-25",,,,
2024-11-19,-5.62,5.48,450,"1994-11-12 2023-11-26",80.51,12.17,450,"1994-11-12 2023-11-26",3.86,8.03,450,"1994-11-12 2023-11-26",28.36,10.91,450,"1994-11-12 2023-11-26",-12.05,5.84,450,"1994-11-12 2023-11-26",45.45,18.24,450,"1994-11-12 2023-11-26",-7.61,6.47,450,"1994-11-12 2023-11-26",2.31,3.17,450,"1994-11-12 2023-11-26",0.44,1.52,450,"1994-11-12 2023-11-26",0.03,0.21,439,"1994-11-12 2023-11-26",0.56,1.93,442,"1994-11-12 2023-11-26",2.7,4.24,414,"1994-11-12 2023-11-25",,,,
2024-11-18,-5.61,5.37,450,"1994-11-11 2023-11-25",80.53,12.26,450,"1994-11-11 2023-11-25",3.95,7.96,450,"1994-11-11 2023-11-25",28.2,10.77,450,"1994-11-11 2023-11-25",-12.04,5.79,450,"1994-11-11 2023-11-25",45.39,18.32,450,"1994-11-11 2023-11-25",-7.65,6.43,450,"1994-11-11 2023-11-25",2.3,3.15,450,"1994-11-11 2023-11-25",0.41,1.5,450,"1994-11-11 2023-11-25",0.03,0.2,439,"1994-11-11 2023-11-25",0.53,1.91,442,"1994-11-11 2023-11-25",2.7,4.16,412,"1994-11-11 2023-11-25",,,,
2024-11-17,-5.55,5.41,450,"1994-11-10 2023-11-24",81.01,12.1,450,"1994-11-10 2023-11-24",3.86,8.08,450,"1994-11-10 2023-11-24",28.03,10.73,450,"1994-11-10 2023-11-24",-11.96,5.85,450,"1994-11-10 2023-11-24",46.18,18.73,450,"1994-11-10 2023-11-24",-7.69,6.47,450,"1994-11-10 2023-11-24",2.26,3.14,450,"1994-11-10 2023-11-24",0.44,1.57,450,"1994-11-10 2023-11-24",0.03,0.2,438,"1994-11-10 2023-11-24",0.55,1.95,442,"1994-11-10 2023-11-24",2.7,4.14,409,"1994-11-10 2023-11-24",,,,
2024-11-16,-5.44,5.39,450,"1994-11-09 2023-11-23",81.26,12.05,450,"1994-11-09 2023-11-23",3.86,8.14,450,"1994-11-09 2023-11-23",27.98,10.78,450,"1994-11-09 2023-11-23",-11.83,5.77,450,"1994-11-09 2023-11-23",46.78,19,450,"1994-11-09 2023-11-23",-7.63,6.4,450,"1994-11-09 2023-11-23",2.32,3.19,450,"1994-11-09 2023-11-23",0.47,1.61,450,"1994-11-09 2023-11-23",0.03,0.21,439,"1994-11-09 2023-11-23",0.59,1.99,443,"1994-11-09 2023-11-23",2.8,4.12,405,"1994-11-09 2023-11-23",,,,
2024-11-15,-5.37,5.3,450,"1994-11-08 2023-11-22",81.34,12.12,450,"1994-11-08 2023-11-22",3.92,8.09,450,"1994-11-08 2023-11-22",28.02,10.66,450,"1994-11-08 2023-11-22",-11.68,5.67,450,"1994-11-08 2023-11-22",46.9,19.21,450,"1994-11-08 2023-11-22",-7.43,6.31,450,"1994-11-08 2023-11-22",2.33,3.24,450,"1994-11-08 2023-11-22",0.47,1.54,450,"1994-11-08 2023-11-22",0.03,0.21,438,"1994-11-08 2023-11-22",0.58,1.92,442,"1994-11-08 2023-11-22",2.7,4.11,401,"1994-11-08 2023-11-22",,,,
2024-11-14,-5.18,5.26,450,"1994-11-07 2023-11-21",81.74,11.94,450,"1994-11-07 2023-11-21",4,7.98,450,"1994-11-07 2023-11-21",28.12,10.52,450,"1994-11-07 2023-11-21",-11.48,5.55,450,"1994-11-07 2023-11-21",47.14,19.28,450,"1994-11-07 2023-11-21",-7.31,6.13,450,"1994-11-07 2023-11-21",2.27,3.23,450,"1994-11-07 2023-11-21",0.5,1.6,450,"1994-11-07 2023-11-21",0.04,0.23,438,"1994-11-07 2023-11-21",0.62,2.02,442,"1994-11-07 2023-11-21",2.7,4.01,399,"1994-11-07 2023-11-17",,,,
2024-11-13,-4.95,5.2,450,"1994-11-06 2023-11-20",82.17,11.79,450,"1994-11-06 2023-11-20",4.07,7.83,450,"1994-11-06 2023-11-20",28.19,10.55,450,"1994-11-06 2023-11-20",-11.26,5.47,450,"1994-11-06 2023-11-20",47.78,19.4,450,"1994-11-06 2023-11-20",-7.19,6.03,450,"1994-11-06 2023-11-20",2.33,3.23,450,"1994-11-06 2023-11-20",0.51,1.6,450,"1994-11-06 2023-11-20",0.04,0.23,437,"1994-11-06 2023-11-20",0.62,1.99,441,"1994-11-06 2023-11-20",2.7,3.94,396,"1994-11-06 2023-11-17",,,,
2024-11-12,-4.73,5.05,450,"1994-11-05 2023-11-19",82.26,12.02,450,"1994-11-05 2023-11-19",4.29,7.77,450,"1994-11-05 2023-11-19",28.17,10.64,450,"1994-11-05 2023-11-19",-11.04,5.32,450,"1994-11-05 2023-11-19",47.83,19.66,450,"1994-11-05 2023-11-19",-6.96,5.91,450,"1994-11-05 2023-11-19",2.33,3.2,450,"1994-11-05 2023-11-19",0.54,1.64,450,"1994-11-05 2023-11-19",0.05,0.25,438,"1994-11-05 2023-11-19",0.66,2.05,442,"1994-11-05 2023-11-19",2.6,3.8,394,"1994-11-05 2023-11-17",,,,
2024-11-11,-4.47,4.88,450,"1994-11-04 2023-11-18",82.54,12.04,450,"1994-11-04 2023-11-18",4.62,7.65,450,"1994-11-04 2023-11-18",28.32,10.88,450,"1994-11-04 2023-11-18",-10.83,5.27,450,"1994-11-04 2023-11-18",47.49,19.67,450,"1994-11-04 2023-11-18",-6.73,5.81,450,"1994-11-04 2023-11-18",2.26,3.12,450,"1994-11-04 2023-11-18",0.5,1.44,450,"1994-11-04 2023-11-18",0.05,0.26,438,"1994-11-04 2023-11-18",0.6,1.77,443,"1994-11-04 2023-11-18",2.5,3.76,393,"1994-11-04 2023-11-17",,,,
2024-11-10,-4.32,4.77,450,"1994-11-03 2023-11-17",82.58,12.25,450,"1994-11-03 2023-11-17",4.84,7.64,450,"1994-11-03 2023-11-17",27.97,10.83,450,"1994-11-03 2023-11-17",-10.6,5.16,450,"1994-11-03 2023-11-17",47.45,19.97,450,"1994-11-03 2023-11-17",-6.49,5.75,450,"1994-11-03 2023-11-17",2.22,3.16,450,"1994-11-03 2023-11-17",0.51,1.48,450,"1994-11-03 2023-11-17",0.04,0.19,437,"1994-11-03 2023-11-17",0.61,1.8,442,"1994-11-03 2023-11-17",2.4,3.68,393,"1994-11-03 2023-11-17",,,,
2024-11-09,-4.13,4.66,450,"1994-11-02 2023-11-16",82.58,12.52,450,"1994-11-02 2023-11-16",5.09,7.52,450,"1994-11-02 2023-11-16",27.84,10.53,450,"1994-11-02 2023-11-16",-10.43,5.14,450,"1994-11-02 2023-11-16",47.45,20.14,450,"1994-11-02 2023-11-16",-6.28,5.67,450,"1994-11-02 2023-11-16",2.16,3.18,450,"1994-11-02 2023-11-16",0.54,1.53,450,"1994-11-02 2023-11-16",0.04,0.21,438,"1994-11-02 2023-11-16",0.65,1.96,442,"1994-11-02 2023-11-16",2.4,3.67,389,"1994-11-02 2023-11-16",,,,
2024-11-08,-4.05,4.62,450,"1994-11-01 2023-11-15",82.3,12.82,450,"1994-11-01 2023-11-15",5.27,7.43,450,"1994-11-01 2023-11-15",27.45,10.16,450,"1994-11-01 2023-11-15",-10.31,5.13,450,"1994-11-01 2023-11-15",46.91,20.1,450,"1994-11-01 2023-11-15",-6.13,5.65,450,"1994-11-01 2023-11-15",2.16,3.23,450,"1994-11-01 2023-11-15",0.56,1.6,450,"1994-11-01 2023-11-15",0.06,0.35,439,"1994-11-01 2023-11-15",0.64,1.95,442,"1994-11-01 2023-11-15",2.3,3.63,385,"1994-11-01 2023-11-15",,,,
2024-11-07,-4.03,4.61,450,"1994-10-31 2023-11-14",81.96,12.9,450,"1994-10-31 2023-11-14",5.37,7.4,450,"1994-10-31 2023-11-14",27.39,10.27,450,"1994-10-31 2023-11-14",-10.33,5.09,450,"1994-10-31 2023-11-14",46.55,20.02,450,"1994-10-31 2023-11-14",-6.04,5.68,450,"1994-10-31 2023-11-14",2.18,3.24,450,"1994-10-31 2023-11-14",0.57,1.63,450,"1994-10-31 2023-11-14",0.08,0.49,440,"1994-10-31 2023-11-14",0.63,1.94,442,"1994-10-31 2023-11-14",2.2,3.55,380,"1994-10-31 2023-11-06",,,,
2024-11-06,-3.98,4.6,450,"1994-10-30 2023-11-13",81.86,13.02,450,"1994-10-30 2023-11-13",5.55,7.45,450,"1994-10-30 2023-11-13",27.43,10.28,450,"1994-10-30 2023-11-13",-10.29,5.1,450,"1994-10-30 2023-11-13",46.02,20.05,450,"1994-10-30 2023-11-13",-5.96,5.74,450,"1994-10-30 2023-11-13",2.21,3.23,450,"1994-10-30 2023-11-13",0.55,1.56,450,"1994-10-30 2023-11-13",0.08,0.49,440,"1994-10-30 2023-11-13",0.6,1.85,442,"1994-10-30 2023-11-13",2.2,3.52,379,"1994-10-30 2023-11-06",,,,
2024-11-05,-3.92,4.64,450,"1994-10-29 2023-11-12",82.21,12.8,450,"1994-10-29 2023-11-12",5.52,7.5,450,"1994-10-29 2023-11-12",27.51,10.45,450,"1994-10-29 2023-11-12",-10.17,5.13,450,"1994-10-29 2023-11-12",46.27,20.22,450,"1994-10-29 2023-11-12",-5.94,5.77,450,"1994-10-29 2023-11-12",2.32,3.4,450,"1994-10-29 2023-11-12",0.59,1.64,450,"1994-10-29 2023-11-12",0.08,0.5,439,"1994-10-29 2023-11-12",0.64,1.94,442,"1994-10-29 2023-11-12",2.1,3.45,378,"1994-10-29 2023-11-06",,,,
2024-11-04,-3.75,4.62,450,"1994-10-28 2023-11-11",82.46,12.75,450,"1994-10-28 2023-11-11",5.58,7.5,450,"1994-10-28 2023-11-11",27.46,10.55,450,"1994-10-28 2023-11-11",-10.02,5.14,450,"1994-10-28 2023-11-11",46.84,20.45,450,"1994-10-28 2023-11-11",-5.84,5.77,450,"1994-10-28 2023-11-11",2.32,3.38,450,"1994-10-28 2023-11-11",0.64,1.69,450,"1994-10-28 2023-11-11",0.1,0.54,439,"1994-10-28 2023-11-11",0.68,1.95,442,"1994-10-28 2023-11-11",2,3.41,378,"1994-10-28 2023-11-06",,,,
2024-11-03,-3.49,4.58,450,"1994-10-27 2023-11-10",82.19,13.02,450,"1994-10-27 2023-11-10",5.92,7.5,450,"1994-10-27 2023-11-10",27.82,10.68,450,"1994-10-27 2023-11-10",-9.74,5.07,450,"1994-10-27 2023-11-10",46.41,20.59,450,"1994-10-27 2023-11-10",-5.4,5.65,450,"1994-10-27 2023-11-10",2.5,3.61,450,"1994-10-27 2023-11-10",0.69,1.77,450,"1994-10-27 2023-11-10",0.13,0.63,440,"1994-10-27 2023-11-10",0.7,1.98,443,"1994-10-27 2023-11-10",1.9,3.27,376,"1994-10-27 2023-11-06",,,,
2024-11-02,-3.24,4.46,450,"1994-10-26 2023-11-09",81.93,12.95,450,"1994-10-26 2023-11-09",6.41,7.35,450,"1994-10-26 2023-11-09",28.09,10.76,450,"1994-10-26 2023-11-09",-9.48,4.89,450,"1994-10-26 2023-11-09",45.5,20.29,450,"1994-10-26 2023-11-09",-5.03,5.52,450,"1994-10-26 2023-11-09",2.53,3.62,450,"1994-10-26 2023-11-09",0.66,1.7,450,"1994-10-26 2023-11-09",0.13,0.63,442,"1994-10-26 2023-11-09",0.65,1.89,444,"1994-10-26 2023-11-09",1.8,3.1,373,"1994-10-26 2023-11-06",,,,
2024-11-01,-3.04,4.39,450,"1994-10-25 2023-11-08",81.79,12.83,450,"1994-10-25 2023-11-08",6.82,7.23,450,"1994-10-25 2023-11-08",28.21,10.97,450,"1994-10-25 2023-11-08",-9.28,4.83,450,"1994-10-25 2023-11-08",44.59,19.87,450,"1994-10-25 2023-11-08",-4.76,5.39,450,"1994-10-25 2023-11-08",2.46,3.62,450,"1994-10-25 2023-11-08",0.6,1.6,450,"1994-10-25 2023-11-08",0.13,0.63,442,"1994-10-25 2023-11-08",0.58,1.77,444,"1994-10-25 2023-11-08",1.8,2.99,369,"1994-10-25 2023-11-06",,,,
2024-10-31,-2.82,4.27,450,"1994-10-24 2023-11-07",81.81,12.89,450,"1994-10-24 2023-11-07",7.17,7.22,450,"1994-10-24 2023-11-07",28.29,10.95,450,"1994-10-24 2023-11-07",-9.09,4.76,450,"1994-10-24 2023-11-07",44.1,19.8,450,"1994-10-24 2023-11-07",-4.56,5.3,450,"1994-10-24 2023-11-07",2.46,3.65,450,"1994-10-24 2023-11-07",0.6,1.64,450,"1994-10-24 2023-11-07",0.13,0.64,443,"1994-10-24 2023-11-07",0.59,1.81,445,"1994-10-24 2023-11-07",1.8,3.03,365,"1994-10-24 2023-11-06",,,,
2024-10-30,-2.61,4.15,450,"1994-10-23 2023-11-06",81.65,13.12,450,"1994-10-23 2023-11-06",7.54,7.17,450,"1994-10-23 2023-11-06",28.23,10.87,450,"1994-10-23 2023-11-06",-8.85,4.7,450,"1994-10-23 2023-11-06",43.87,20.01,450,"1994-10-23 2023-11-06",-4.27,5.23,450,"1994-10-23 2023-11-06",2.61,3.71,450,"1994-10-23 2023-11-06",0.69,1.98,449,"1994-10-23 2023-11-06",0.18,1.22,442,"1994-10-23 2023-11-06",0.62,1.82,444,"1994-10-23 2023-11-06",1.8,3.08,362,"1994-10-23 2023-11-06",,,,
2024-10-29,-2.39,4.02,450,"1994-10-22 2023-11-05",81.44,13.14,450,"1994-10-22 2023-11-05",7.94,7.16,450,"1994-10-22 2023-11-05",28.09,10.67,450,"1994-10-22 2023-11-05",-8.58,4.58,450,"1994-10-22 2023-11-05",43.33,20.03,450,"1994-10-22 2023-11-05",-3.92,5.06,450,"1994-10-22 2023-11-05",2.6,3.71,450,"1994-10-22 2023-11-05",0.72,2.19,449,"1994-10-22 2023-11-05",0.18,1.22,442,"1994-10-22 2023-11-05",0.66,2.06,444,"1994-10-22 2023-11-05",1.7,3.04,359,"1994-10-22 2023-11-05",,,,
2024-10-28,-2.17,4,450,"1994-10-21 2023-11-04",81.39,12.98,450,"1994-10-21 2023-11-04",8.26,7.12,450,"1994-10-21 2023-11-04",27.89,10.5,450,"1994-10-21 2023-11-04",-8.28,4.53,450,"1994-10-21 2023-11-04",43.05,19.86,450,"1994-10-21 2023-11-04",-3.62,4.91,450,"1994-10-21 2023-11-04",2.57,3.72,450,"1994-10-21 2023-11-04",0.71,2.17,449,"1994-10-21 2023-11-04",0.19,1.23,441,"1994-10-21 2023-11-04",0.63,2.01,443,"1994-10-21 2023-11-04",1.6,2.99,356,"1994-10-21 2023-11-04",,,,
2024-10-27,-1.95,3.95,450,"1994-10-20 2023-11-03",81.27,13.02,450,"1994-10-20 2023-11-03",8.61,7.03,450,"1994-10-20 2023-11-03",27.82,10.18,450,"1994-10-20 2023-11-03",-7.95,4.48,450,"1994-10-20 2023-11-03",42.89,19.68,450,"1994-10-20 2023-11-03",-3.31,4.85,450,"1994-10-20 2023-11-03",2.69,3.82,450,"1994-10-20 2023-11-03",0.72,2.23,449,"1994-10-20 2023-11-03",0.21,1.25,442,"1994-10-20 2023-11-03",0.62,2.06,443,"1994-10-20 2023-11-03",1.6,2.95,352,"1994-10-20 2023-11-03",,,,
2024-10-26,-1.72,3.92,450,"1994-10-19 2023-11-02",81.09,12.94,450,"1994-10-19 2023-11-02",9.05,7.03,450,"1994-10-19 2023-11-02",27.87,10.25,450,"1994-10-19 2023-11-02",-7.68,4.45,450,"1994-10-19 2023-11-02",42.42,19.37,450,"1994-10-19 2023-11-02",-3.06,4.82,450,"1994-10-19 2023-11-02",2.73,3.84,450,"1994-10-19 2023-11-02",0.7,2.2,449,"1994-10-19 2023-11-02",0.23,1.26,442,"1994-10-19 2023-11-02",0.6,2.03,443,"1994-10-19 2023-11-02",1.5,2.94,347,"1994-10-19 2023-11-02",,,,
2024-10-25,-1.53,3.88,450,"1994-10-18 2023-11-01",80.91,12.92,450,"1994-10-18 2023-11-01",9.45,6.97,450,"1994-10-18 2023-11-01",27.99,10.49,450,"1994-10-18 2023-11-01",-7.48,4.38,450,"1994-10-18 2023-11-01",41.56,18.92,450,"1994-10-18 2023-11-01",-2.79,4.76,450,"1994-10-18 2023-11-01",2.76,3.84,450,"1994-10-18 2023-11-01",0.65,2.13,449,"1994-10-18 2023-11-01",0.23,1.26,443,"1994-10-18 2023-11-01",0.52,1.84,444,"1994-10-18 2023-11-01",1.4,2.88,343,"1994-10-18 2023-11-01",,,,
2024-10-24,-1.3,3.9,450,"1994-10-17 2023-10-31",80.89,12.78,450,"1994-10-17 2023-10-31",9.89,7.06,450,"1994-10-17 2023-10-31",28.39,10.68,450,"1994-10-17 2023-10-31",-7.26,4.29,450,"1994-10-17 2023-10-31",41.09,18.73,450,"1994-10-17 2023-10-31",-2.54,4.67,450,"1994-10-17 2023-10-31",2.66,3.76,450,"1994-10-17 2023-10-31",0.61,2.07,449,"1994-10-17 2023-10-31",0.23,1.3,443,"1994-10-17 2023-10-31",0.48,1.77,444,"1994-10-17 2023-10-31",1.4,2.89,340,"1994-10-17 2023-10-31",,,,
2024-10-23,-1.04,3.86,450,"1994-10-16 2023-10-30",80.79,13.05,450,"1994-10-16 2023-10-30",10.24,7.04,450,"1994-10-16 2023-10-30",28.26,10.55,450,"1994-10-16 2023-10-30",-6.94,4.21,450,"1994-10-16 2023-10-30",41.07,18.77,450,"1994-10-16 2023-10-30",-2.24,4.55,450,"1994-10-16 2023-10-30",2.66,3.77,450,"1994-10-16 2023-10-30",0.62,2.08,449,"1994-10-16 2023-10-30",0.22,1.28,441,"1994-10-16 2023-10-30",0.49,1.79,443,"1994-10-16 2023-10-30",1.4,2.86,339,"1994-10-16 2023-10-30",,,,
2024-10-22,-0.77,3.79,450,"1994-10-15 2023-10-29",80.93,13.02,450,"1994-10-15 2023-10-29",10.52,6.93,450,"1994-10-15 2023-10-29",28.25,10.51,450,"1994-10-15 2023-10-29",-6.6,4.11,450,"1994-10-15 2023-10-29",41.26,19,450,"1994-10-15 2023-10-29",-1.95,4.4,450,"1994-10-15 2023-10-29",2.67,3.85,450,"1994-10-15 2023-10-29",0.66,2.1,449,"1994-10-15 2023-10-29",0.25,1.3,441,"1994-10-15 2023-10-29",0.5,1.81,443,"1994-10-15 2023-10-29",1.3,2.84,334,"1994-10-15 2023-10-29",,,,
2024-10-21,-0.54,3.72,450,"1994-10-14 2023-10-28",80.76,13.04,450,"1994-10-14 2023-10-28",10.89,6.77,450,"1994-10-14 2023-10-28",28.08,10.31,450,"1994-10-14 2023-10-28",-6.39,4,450,"1994-10-14 2023-10-28",40.88,18.77,450,"1994-10-14 2023-10-28",-1.71,4.22,450,"1994-10-14 2023-10-28",2.62,3.72,450,"1994-10-14 2023-10-28",0.7,2.17,449,"1994-10-14 2023-10-28",0.31,1.48,441,"1994-10-14 2023-10-28",0.47,1.7,442,"1994-10-14 2023-10-28",1.2,2.81,331,"1994-10-14 2023-10-28",,,,
2024-10-20,-0.41,3.72,450,"1994-10-13 2023-10-27",80.63,13.01,450,"1994-10-13 2023-10-27",11.22,6.7,450,"1994-10-13 2023-10-27",28,10.21,450,"1994-10-13 2023-10-27",-6.18,3.95,450,"1994-10-13 2023-10-27",40.2,18.43,450,"1994-10-13 2023-10-27",-1.47,4.08,450,"1994-10-13 2023-10-27",2.63,3.72,450,"1994-10-13 2023-10-27",0.65,2.14,449,"1994-10-13 2023-10-27",0.3,1.49,439,"1994-10-13 2023-10-27",0.43,1.66,440,"1994-10-13 2023-10-27",1.1,2.72,326,"1994-10-13 2023-10-27",,,,
2024-10-19,-0.3,3.71,450,"1994-10-12 2023-10-26",80.63,13.01,450,"1994-10-12 2023-10-26",11.33,6.6,450,"1994-10-12 2023-10-26",27.72,10.25,450,"1994-10-12 2023-10-26",-6.04,3.97,450,"1994-10-12 2023-10-26",40.26,18.17,450,"1994-10-12 2023-10-26",-1.39,4.13,450,"1994-10-12 2023-10-26",2.48,3.51,450,"1994-10-12 2023-10-26",0.64,2.15,449,"1994-10-12 2023-10-26",0.33,1.57,438,"1994-10-12 2023-10-26",0.39,1.63,439,"1994-10-12 2023-10-26",1,2.63,322,"1994-10-12 2023-10-26",,,,
2024-10-18,-0.17,3.69,450,"1994-10-11 2023-10-25",80.7,13.09,450,"1994-10-11 2023-10-25",11.34,6.49,450,"1994-10-11 2023-10-25",27.5,10.09,450,"1994-10-11 2023-10-25",-5.93,3.94,450,"1994-10-11 2023-10-25",40.39,18.19,450,"1994-10-11 2023-10-25",-1.23,4.08,450,"1994-10-11 2023-10-25",2.49,3.47,450,"1994-10-11 2023-10-25",0.68,2.18,449,"1994-10-11 2023-10-25",0.35,1.62,437,"1994-10-11 2023-10-25",0.39,1.64,438,"1994-10-11 2023-10-25",0.9,2.48,321,"1994-10-11 2023-10-25",,,,
2024-10-17,-0.03,3.74,450,"1994-10-10 2023-10-24",80.42,13.49,450,"1994-10-10 2023-10-24",11.52,6.52,450,"1994-10-10 2023-10-24",27.65,9.98,450,"1994-10-10 2023-10-24",-5.7,3.88,450,"1994-10-10 2023-10-24",40.46,18.19,450,"1994-10-10 2023-10-24",-0.94,4.03,450,"1994-10-10 2023-10-24",2.6,3.47,450,"1994-10-10 2023-10-24",0.73,2.28,449,"1994-10-10 2023-10-24",0.4,1.74,437,"1994-10-10 2023-10-24",0.4,1.65,438,"1994-10-10 2023-10-24",0.8,2.26,319,"1994-10-10 2023-10-24",,,,
2024-10-16,0.06,3.73,450,"1994-10-09 2023-10-23",80.08,13.47,450,"1994-10-09 2023-10-23",11.74,6.49,450,"1994-10-09 2023-10-23",27.59,9.86,450,"1994-10-09 2023-10-23",-5.57,3.87,450,"1994-10-09 2023-10-23",40.19,18.17,450,"1994-10-09 2023-10-23",-0.75,4.01,450,"1994-10-09 2023-10-23",2.68,3.46,450,"1994-10-09 2023-10-23",0.71,2.24,449,"1994-10-09 2023-10-23",0.4,1.75,436,"1994-10-09 2023-10-23",0.37,1.58,437,"1994-10-09 2023-10-23",0.6,1.79,318,"1994-10-09 2023-10-23",,,,
2024-10-15,0.15,3.67,450,"1994-10-08 2023-10-22",79.79,13.52,450,"1994-10-08 2023-10-22",11.97,6.44,450,"1994-10-08 2023-10-22",27.52,9.78,450,"1994-10-08 2023-10-22",-5.45,3.89,450,"1994-10-08 2023-10-22",39.86,17.97,450,"1994-10-08 2023-10-22",-0.57,4.02,450,"1994-10-08 2023-10-22",2.65,3.41,450,"1994-10-08 2023-10-22",0.61,1.93,450,"1994-10-08 2023-10-22",0.35,1.41,437,"1994-10-08 2023-10-22",0.31,1.46,439,"1994-10-08 2023-10-22",0.5,1.49,317,"1994-10-08 2022-10-22",,,,
2024-10-14,0.32,3.66,450,"1994-10-07 2023-10-21",79.62,13.47,450,"1994-10-07 2023-10-21",12.26,6.38,450,"1994-10-07 2023-10-21",27.88,10.04,450,"1994-10-07 2023-10-21",-5.32,3.92,450,"1994-10-07 2023-10-21",39.28,17.58,450,"1994-10-07 2023-10-21",-0.34,4.08,450,"1994-10-07 2023-10-21",2.69,3.46,450,"1994-10-07 2023-10-21",0.61,1.75,450,"1994-10-07 2023-10-21",0.37,1.41,438,"1994-10-07 2023-10-21",0.29,1.23,440,"1994-10-07 2023-10-21",0.5,1.34,315,"1994-10-07 2022-10-21",,,,
2024-10-13,0.46,3.69,450,"1994-10-06 2023-10-20",79.32,13.57,450,"1994-10-06 2023-10-20",12.57,6.32,450,"1994-10-06 2023-10-20",28.08,10.31,450,"1994-10-06 2023-10-20",-5.21,3.94,450,"1994-10-06 2023-10-20",38.89,17.27,450,"1994-10-06 2023-10-20",-0.15,4.1,450,"1994-10-06 2023-10-20",2.74,3.49,450,"1994-10-06 2023-10-20",0.6,1.77,450,"1994-10-06 2023-10-20",0.37,1.45,439,"1994-10-06 2023-10-20",0.27,1.21,441,"1994-10-06 2023-10-20",0.5,1.32,311,"1994-10-06 2021-10-11",,,,
2024-10-12,0.51,3.75,450,"1994-10-05 2023-10-19",79.19,13.69,450,"1994-10-05 2023-10-19",12.69,6.36,450,"1994-10-05 2023-10-19",27.91,10.34,450,"1994-10-05 2023-10-19",-5.18,3.98,450,"1994-10-05 2023-10-19",38.6,17.15,450,"1994-10-05 2023-10-19",-0.03,4.09,450,"1994-10-05 2023-10-19",2.7,3.41,450,"1994-10-05 2023-10-19",0.58,1.72,450,"1994-10-05 2023-10-19",0.36,1.45,439,"1994-10-05 2023-10-19",0.24,1.09,441,"1994-10-05 2023-10-19",0.4,1.35,309,"1994-10-05 2021-10-11",,,,
2024-10-11,0.65,3.83,450,"1994-10-04 2023-10-18",79.46,13.69,450,"1994-10-04 2023-10-18",12.69,6.39,450,"1994-10-04 2023-10-18",27.64,10.22,450,"1994-10-04 2023-10-18",-5.01,4.06,450,"1994-10-04 2023-10-18",38.94,17.09,450,"1994-10-04 2023-10-18",0.08,4.14,450,"1994-10-04 2023-10-18",2.66,3.35,450,"1994-10-04 2023-10-18",0.6,1.73,450,"1994-10-04 2023-10-18",0.38,1.47,438,"1994-10-04 2023-10-18",0.25,1.11,441,"1994-10-04 2023-10-18",0.5,1.58,307,"1994-10-04 2021-10-11",,,,
2024-10-10,0.79,3.81,450,"1994-10-03 2023-10-17",79.85,13.35,450,"1994-10-03 2023-10-17",12.7,6.4,450,"1994-10-03 2023-10-17",27.51,10.05,450,"1994-10-03 2023-10-17",-4.83,4.01,450,"1994-10-03 2023-10-17",39.4,17,450,"1994-10-03 2023-10-17",0.14,4.16,450,"1994-10-03 2023-10-17",2.64,3.33,450,"1994-10-03 2023-10-17",0.63,1.75,450,"1994-10-03 2023-10-17",0.4,1.48,438,"1994-10-03 2023-10-17",0.26,1.11,441,"1994-10-03 2023-10-17",0.6,2.31,306,"1994-10-03 2021-10-11",,,,
2024-10-09,0.92,3.78,450,"1994-10-02 2023-10-16",80.18,13.29,450,"1994-10-02 2023-10-16",12.7,6.42,450,"1994-10-02 2023-10-16",27.39,10.24,450,"1994-10-02 2023-10-16",-4.65,4.01,450,"1994-10-02 2023-10-16",39.83,17.18,450,"1994-10-02 2023-10-16",0.23,4.14,450,"1994-10-02 2023-10-16",2.75,3.73,450,"1994-10-02 2023-10-16",0.69,2.09,450,"1994-10-02 2023-10-16",0.39,1.43,437,"1994-10-02 2023-10-16",0.32,1.9,440,"1994-10-02 2023-10-16",0.6,2.52,305,"1994-10-02 2021-10-11",,,,
2024-10-08,1.03,3.85,450,"1994-10-01 2023-10-15",80.55,13.1,450,"1994-10-01 2023-10-15",12.79,6.5,450,"1994-10-01 2023-10-15",27.52,10.22,450,"1994-10-01 2023-10-15",-4.5,4.07,450,"1994-10-01 2023-10-15",39.99,17.33,450,"1994-10-01 2023-10-15",0.32,4.15,450,"1994-10-01 2023-10-15",2.77,3.77,450,"1994-10-01 2023-10-15",0.75,2.18,450,"1994-10-01 2023-10-15",0.43,1.49,439,"1994-10-01 2023-10-15",0.36,2.02,441,"1994-10-01 2023-10-15",0.6,2.55,304,"1994-10-01 2021-10-11",,,,
2024-10-07,1.23,3.86,450,"1994-09-30 2023-10-14",80.6,12.94,450,"1994-09-30 2023-10-14",12.98,6.66,450,"1994-09-30 2023-10-14",27.47,10.22,450,"1994-09-30 2023-10-14",-4.28,4.11,450,"1994-09-30 2023-10-14",40.19,17.46,450,"1994-09-30 2023-10-14",0.52,4.17,450,"1994-09-30 2023-10-14",2.81,3.74,450,"1994-09-30 2023-10-14",0.77,2.24,450,"1994-09-30 2023-10-14",0.45,1.52,439,"1994-09-30 2023-10-14",0.37,2.03,441,"1994-09-30 2023-10-14",0.7,2.9,306,"1994-09-30 2021-10-11",,,,
2024-10-06,1.42,3.86,450,"1994-09-29 2023-10-13",80.58,12.91,450,"1994-09-29 2023-10-13",13.25,6.75,450,"1994-09-29 2023-10-13",27.49,10.25,450,"1994-09-29 2023-10-13",-3.99,4.13,450,"1994-09-29 2023-10-13",40.23,17.39,450,"1994-09-29 2023-10-13",0.8,4.18,450,"1994-09-29 2023-10-13",2.84,3.81,450,"1994-09-29 2023-10-13",0.75,2.31,450,"1994-09-29 2023-10-13",0.4,1.38,440,"1994-09-29 2023-10-13",0.39,2.3,442,"1994-09-29 2023-10-13",0.7,2.89,304,"1994-09-29 2021-10-11",,,,
2024-10-05,1.63,3.91,450,"1994-09-28 2023-10-12",80.32,13.18,450,"1994-09-28 2023-10-12",13.58,6.77,450,"1994-09-28 2023-10-12",27.69,10.24,450,"1994-09-28 2023-10-12",-3.74,4.14,450,"1994-09-28 2023-10-12",40.01,17.34,450,"1994-09-28 2023-10-12",1.08,4.25,450,"1994-09-28 2023-10-12",2.92,3.89,450,"1994-09-28 2023-10-12",0.75,2.3,450,"1994-09-28 2023-10-12",0.4,1.36,442,"1994-09-28 2023-10-12",0.39,2.3,444,"1994-09-28 2023-10-12",0.7,2.89,303,"1994-09-28 2021-10-11",,,,
2024-10-04,1.89,3.86,450,"1994-09-27 2023-10-11",80.11,13.21,450,"1994-09-27 2023-10-11",14.02,6.86,450,"1994-09-27 2023-10-11",27.75,10.05,450,"1994-09-27 2023-10-11",-3.44,4.04,450,"1994-09-27 2023-10-11",39.68,17.41,450,"1994-09-27 2023-10-11",1.48,4.14,450,"1994-09-27 2023-10-11",2.94,3.9,450,"1994-09-27 2023-10-11",0.74,2.31,450,"1994-09-27 2023-10-11",0.38,1.36,443,"1994-09-27 2023-10-11",0.4,2.3,445,"1994-09-27 2023-10-11",0.6,2.89,302,"1994-09-27 2021-10-11",,,,
2024-10-03,2.22,3.8,450,"1994-09-26 2023-10-10",79.98,13.26,450,"1994-09-26 2023-10-10",14.61,6.74,450,"1994-09-26 2023-10-10",27.84,10.12,450,"1994-09-26 2023-10-10",-3.1,3.99,450,"1994-09-26 2023-10-10",39.12,17.16,450,"1994-09-26 2023-10-10",1.81,4.13,450,"1994-09-26 2023-10-10",2.9,3.92,450,"1994-09-26 2023-10-10",0.72,2.29,450,"1994-09-26 2023-10-10",0.38,1.32,443,"1994-09-26 2023-10-10",0.38,2.29,445,"1994-09-26 2023-10-10",0.6,2.9,298,"1994-09-26 2020-09-30",,,,
2024-10-02,2.49,3.64,450,"1994-09-25 2023-10-09",79.8,12.97,450,"1994-09-25 2023-10-09",15.12,6.72,450,"1994-09-25 2023-10-09",27.6,9.91,450,"1994-09-25 2023-10-09",-2.86,3.89,450,"1994-09-25 2023-10-09",38.56,17.13,450,"1994-09-25 2023-10-09",2.06,4.03,450,"1994-09-25 2023-10-09",2.78,3.92,450,"1994-09-25 2023-10-09",0.67,2.19,450,"1994-09-25 2023-10-09",0.35,1.15,444,"1994-09-25 2023-10-09",0.36,2.27,446,"1994-09-25 2023-10-09",0.6,2.88,296,"1994-09-25 2020-09-30",,,,
2024-10-01,2.78,3.45,450,"1994-09-24 2023-10-08",79.54,12.96,450,"1994-09-24 2023-10-08",15.56,6.66,450,"1994-09-24 2023-10-08",27.51,9.89,450,"1994-09-24 2023-10-08",-2.61,3.74,450,"1994-09-24 2023-10-08",38.08,16.82,450,"1994-09-24 2023-10-08",2.37,3.99,450,"1994-09-24 2023-10-08",2.68,3.85,450,"1994-09-24 2023-10-08",0.66,2.19,450,"1994-09-24 2023-10-08",0.36,1.18,445,"1994-09-24 2023-10-08",0.34,2.25,447,"1994-09-24 2023-10-08",0.5,2.87,294,"1994-09-24 2020-09-30",,,,
2024-09-30,3.07,3.42,450,"1994-09-23 2023-10-07",79.88,12.85,450,"1994-09-23 2023-10-07",15.92,6.67,450,"1994-09-23 2023-10-07",27.42,9.92,450,"1994-09-23 2023-10-07",-2.39,3.68,450,"1994-09-23 2023-10-07",37.66,16.45,450,"1994-09-23 2023-10-07",2.58,4.04,450,"1994-09-23 2023-10-07",2.6,3.84,450,"1994-09-23 2023-10-07",0.69,2.23,450,"1994-09-23 2023-10-07",0.4,1.3,446,"1994-09-23 2023-10-07",0.31,2.22,447,"1994-09-23 2023-10-07",0.5,2.86,291,"1994-09-23 2020-09-30",,,,
2024-09-29,3.24,3.45,450,"1994-09-22 2023-10-06",80.06,12.94,450,"1994-09-22 2023-10-06",16.07,6.82,450,"1994-09-22 2023-10-06",27.07,9.61,450,"1994-09-22 2023-10-06",-2.13,3.67,450,"1994-09-22 2023-10-06",38.14,16.7,450,"1994-09-22 2023-10-06",2.73,4.08,450,"1994-09-22 2023-10-06",2.53,3.75,450,"1994-09-22 2023-10-06",0.68,2.21,450,"1994-09-22 2023-10-06",0.42,1.34,446,"1994-09-22 2023-10-06",0.28,2.14,447,"1994-09-22 2023-10-06",0.5,2.86,288,"1994-09-22 2020-09-30",,,,
2024-09-28,3.36,3.45,450,"1994-09-21 2023-10-05",80.59,12.79,450,"1994-09-21 2023-10-05",16.12,6.94,450,"1994-09-21 2023-10-05",26.84,9.51,450,"1994-09-21 2023-10-05",-1.91,3.6,450,"1994-09-21 2023-10-05",38.47,17.01,450,"1994-09-21 2023-10-05",2.77,4.03,450,"1994-09-21 2023-10-05",2.54,3.77,450,"1994-09-21 2023-10-05",0.71,2.21,450,"1994-09-21 2023-10-05",0.45,1.36,446,"1994-09-21 2023-10-05",0.29,2.14,447,"1994-09-21 2023-10-05",0.5,2.85,288,"1994-09-21 2020-09-30",,,,
2024-09-27,3.61,3.36,450,"1994-09-20 2023-10-04",80.99,12.45,450,"1994-09-20 2023-10-04",16.2,6.9,450,"1994-09-20 2023-10-04",26.77,9.44,450,"1994-09-20 2023-10-04",-1.67,3.54,450,"1994-09-20 2023-10-04",38.93,17.11,450,"1994-09-20 2023-10-04",2.91,3.94,450,"1994-09-20 2023-10-04",2.52,3.73,450,"1994-09-20 2023-10-04",0.74,2.21,450,"1994-09-20 2023-10-04",0.48,1.36,445,"1994-09-20 2023-10-04",0.29,2.14,446,"1994-09-20 2023-10-04",0.4,2.8,288,"1994-09-20 2020-09-30",,,,
2024-09-26,3.77,3.27,450,"1994-09-19 2023-10-03",81.14,12.32,450,"1994-09-19 2023-10-03",16.38,6.8,450,"1994-09-19 2023-10-03",27.01,9.6,450,"1994-09-19 2023-10-03",-1.49,3.51,450,"1994-09-19 2023-10-03",38.88,17.32,450,"1994-09-19 2023-10-03",3.1,3.82,450,"1994-09-19 2023-10-03",2.51,3.74,450,"1994-09-19 2023-10-03",0.83,2.37,450,"1994-09-19 2023-10-03",0.56,1.56,446,"1994-09-19 2023-10-03",0.27,2.13,446,"1994-09-19 2023-10-03",0.4,2.64,288,"1994-09-19 2020-09-30",,,,
2024-09-25,4.04,3.22,450,"1994-09-18 2023-10-02",81.16,12.4,450,"1994-09-18 2023-10-02",16.68,6.65,450,"1994-09-18 2023-10-02",27.14,9.58,450,"1994-09-18 2023-10-02",-1.26,3.49,450,"1994-09-18 2023-10-02",38.9,17.53,450,"1994-09-18 2023-10-02",3.4,3.74,450,"1994-09-18 2023-10-02",2.51,3.74,450,"1994-09-18 2023-10-02",0.9,2.53,450,"1994-09-18 2023-10-02",0.63,1.81,445,"1994-09-18 2023-10-02",0.28,2.16,445,"1994-09-18 2023-10-02",0.3,1.99,286,"1994-09-18 2020-09-30",,,,
2024-09-24,4.25,3.2,450,"1994-09-17 2023-10-01",81.07,12.47,450,"1994-09-17 2023-10-01",17,6.52,450,"1994-09-17 2023-10-01",26.88,9.11,450,"1994-09-17 2023-10-01",-1.01,3.45,450,"1994-09-17 2023-10-01",38.64,17.32,450,"1994-09-17 2023-10-01",3.68,3.65,450,"1994-09-17 2023-10-01",2.43,3.33,450,"1994-09-17 2023-10-01",0.89,2.37,450,"1994-09-17 2023-10-01",0.7,1.99,445,"1994-09-17 2023-10-01",0.2,1.52,445,"1994-09-17 2023-10-01",0.2,1.69,283,"1994-09-17 2020-09-30",,,,
2024-09-23,4.43,3.16,450,"1994-09-16 2023-09-30",80.76,12.56,450,"1994-09-16 2023-09-30",17.31,6.53,450,"1994-09-16 2023-09-30",26.65,9.08,450,"1994-09-16 2023-09-30",-0.79,3.38,450,"1994-09-16 2023-09-30",38.42,17.21,450,"1994-09-16 2023-09-30",3.95,3.58,450,"1994-09-16 2023-09-30",2.5,3.45,450,"1994-09-16 2023-09-30",0.83,2.31,450,"1994-09-16 2023-09-30",0.67,1.96,445,"1994-09-16 2023-09-30",0.17,1.37,445,"1994-09-16 2023-09-30",0.1,1.61,282,"1994-09-16 2020-09-30",,,,
2024-09-22,4.63,3.11,450,"1994-09-15 2023-09-29",80.8,12.56,450,"1994-09-15 2023-09-29",17.61,6.45,450,"1994-09-15 2023-09-29",26.42,9,450,"1994-09-15 2023-09-29",-0.58,3.37,450,"1994-09-15 2023-09-29",38.21,17.16,450,"1994-09-15 2023-09-29",4.15,3.53,450,"1994-09-15 2023-09-29",2.42,3.47,450,"1994-09-15 2023-09-29",0.81,2.26,450,"1994-09-15 2023-09-29",0.68,1.95,445,"1994-09-15 2023-09-29",0.14,1.33,445,"1994-09-15 2023-09-29",0.1,0.45,279,"1994-09-15 2020-09-24",,,,
2024-09-21,4.82,3.06,450,"1994-09-14 2023-09-28",81.08,12.37,450,"1994-09-14 2023-09-28",17.79,6.44,450,"1994-09-14 2023-09-28",26.14,9.01,450,"1994-09-14 2023-09-28",-0.41,3.33,450,"1994-09-14 2023-09-28",38.33,17.45,450,"1994-09-14 2023-09-28",4.28,3.5,450,"1994-09-14 2023-09-28",2.46,3.44,450,"1994-09-14 2023-09-28",0.87,2.5,450,"1994-09-14 2023-09-28",0.78,2.42,445,"1994-09-14 2023-09-28",0.08,0.64,445,"1994-09-14 2023-09-28",0,0.34,279,"1994-09-14 2020-09-24",,,,
2024-09-20,4.97,3.02,450,"1994-09-13 2023-09-27",81.42,12.02,450,"1994-09-13 2023-09-27",17.81,6.43,450,"1994-09-13 2023-09-27",25.83,8.81,450,"1994-09-13 2023-09-27",-0.19,3.33,450,"1994-09-13 2023-09-27",38.79,17.49,450,"1994-09-13 2023-09-27",4.38,3.47,450,"1994-09-13 2023-09-27",2.36,3.29,450,"1994-09-13 2023-09-27",0.95,2.77,450,"1994-09-13 2023-09-27",0.87,2.7,445,"1994-09-13 2023-09-27",0.07,0.61,445,"1994-09-13 2023-09-27",0,0.33,278,"1994-09-13 2020-09-24",,,,
2024-09-19,5.18,3.01,450,"1994-09-12 2023-09-26",81.78,11.7,450,"1994-09-12 2023-09-26",17.91,6.43,450,"1994-09-12 2023-09-26",25.79,8.78,450,"1994-09-12 2023-09-26",-0.01,3.3,450,"1994-09-12 2023-09-26",39.12,17.48,450,"1994-09-12 2023-09-26",4.47,3.51,450,"1994-09-12 2023-09-26",2.46,3.37,450,"1994-09-12 2023-09-26",1,2.88,450,"1994-09-12 2023-09-26",0.93,2.83,445,"1994-09-12 2023-09-26",0.06,0.6,445,"1994-09-12 2023-09-26",0,0.33,278,"1994-09-12 2020-09-24",,,,
2024-09-18,5.27,3.09,450,"1994-09-11 2023-09-25",81.97,11.57,450,"1994-09-11 2023-09-25",18.04,6.56,450,"1994-09-11 2023-09-25",25.74,8.66,450,"1994-09-11 2023-09-25",0.14,3.33,450,"1994-09-11 2023-09-25",39.32,17.69,450,"1994-09-11 2023-09-25",4.51,3.47,450,"1994-09-11 2023-09-25",2.53,3.43,450,"1994-09-11 2023-09-25",1.05,2.95,450,"1994-09-11 2023-09-25",0.99,2.9,444,"1994-09-11 2023-09-25",0.06,0.6,444,"1994-09-11 2023-09-25",0,0.35,279,"1994-09-11 2020-09-24",,,,
2024-09-17,5.41,3.07,450,"1994-09-10 2023-09-24",82.55,11.47,450,"1994-09-10 2023-09-24",17.96,6.59,450,"1994-09-10 2023-09-24",25.72,8.86,450,"1994-09-10 2023-09-24",0.33,3.35,450,"1994-09-10 2023-09-24",39.94,17.85,450,"1994-09-10 2023-09-24",4.61,3.48,450,"1994-09-10 2023-09-24",2.64,3.54,450,"1994-09-10 2023-09-24",1.25,4.27,450,"1994-09-10 2023-09-24",1.14,4.2,442,"1994-09-10 2023-09-24",0.1,0.93,442,"1994-09-10 2023-09-24",0.1,0.54,280,"1994-09-10 2020-09-24",,,,
2024-09-16,5.58,3.07,450,"1994-09-09 2023-09-23",83.2,11.15,450,"1994-09-09 2023-09-23",17.91,6.6,450,"1994-09-09 2023-09-23",25.77,9.15,450,"1994-09-09 2023-09-23",0.57,3.33,450,"1994-09-09 2023-09-23",40.78,18.26,450,"1994-09-09 2023-09-23",4.72,3.41,450,"1994-09-09 2023-09-23",2.72,3.58,450,"1994-09-09 2023-09-23",1.3,4.29,450,"1994-09-09 2023-09-23",1.18,4.22,440,"1994-09-09 2023-09-23",0.1,0.93,440,"1994-09-09 2023-09-23",0.1,0.8,280,"1994-09-09 2020-09-20",,,,
2024-09-15,5.74,3.09,450,"1994-09-08 2023-09-22",83.19,11.11,450,"1994-09-08 2023-09-22",18,6.49,450,"1994-09-08 2023-09-22",25.9,9.15,450,"1994-09-08 2023-09-22",0.79,3.25,450,"1994-09-08 2023-09-22",41.14,18.25,450,"1994-09-08 2023-09-22",4.87,3.3,450,"1994-09-08 2023-09-22",2.68,3.57,450,"1994-09-08 2023-09-22",1.36,4.45,450,"1994-09-08 2023-09-22",1.22,4.28,440,"1994-09-08 2023-09-22",0.12,1.09,440,"1994-09-08 2023-09-22",0.1,0.93,281,"1994-09-08 2020-09-20",,,,
2024-09-14,5.88,3.06,450,"1994-09-07 2023-09-21",83.22,11.15,450,"1994-09-07 2023-09-21",18.23,6.41,450,"1994-09-07 2023-09-21",25.84,9.32,450,"1994-09-07 2023-09-21",0.9,3.27,450,"1994-09-07 2023-09-21",40.79,18.37,450,"1994-09-07 2023-09-21",5.04,3.25,450,"1994-09-07 2023-09-21",2.64,3.58,450,"1994-09-07 2023-09-21",1.44,4.58,450,"1994-09-07 2023-09-21",1.3,4.42,440,"1994-09-07 2023-09-21",0.12,1.08,440,"1994-09-07 2023-09-21",0.1,0.93,281,"1994-09-07 2020-09-20",,,,
2024-09-13,6.08,3,450,"1994-09-06 2023-09-20",83.13,11.24,450,"1994-09-06 2023-09-20",18.45,6.3,450,"1994-09-06 2023-09-20",25.82,9.12,450,"1994-09-06 2023-09-20",1.06,3.25,450,"1994-09-06 2023-09-20",40.7,18.31,450,"1994-09-06 2023-09-20",5.28,3.15,450,"1994-09-06 2023-09-20",2.59,3.55,450,"1994-09-06 2023-09-20",1.51,4.69,450,"1994-09-06 2023-09-20",1.37,4.54,440,"1994-09-06 2023-09-20",0.12,1.08,440,"1994-09-06 2023-09-20",0.1,0.92,281,"1994-09-06 2020-09-20",,,,
2024-09-12,6.24,2.98,450,"1994-09-05 2023-09-19",82.82,11.39,450,"1994-09-05 2023-09-19",18.82,6.26,450,"1994-09-05 2023-09-19",25.91,9.1,450,"1994-09-05 2023-09-19",1.23,3.23,450,"1994-09-05 2023-09-19",40.26,18.36,450,"1994-09-05 2023-09-19",5.49,3.16,450,"1994-09-05 2023-09-19",2.58,3.58,450,"1994-09-05 2023-09-19",1.58,4.88,450,"1994-09-05 2023-09-19",1.44,4.74,441,"1994-09-05 2023-09-19",0.11,1.08,441,"1994-09-05 2023-09-19",0.1,0.92,281,"1994-09-05 2020-09-19",,,,
2024-09-11,6.4,2.93,450,"1994-09-04 2023-09-18",82.66,11.53,450,"1994-09-04 2023-09-18",19.1,6.26,450,"1994-09-04 2023-09-18",25.87,9.02,450,"1994-09-04 2023-09-18",1.4,3.14,450,"1994-09-04 2023-09-18",40.2,18.28,450,"1994-09-04 2023-09-18",5.7,3.18,450,"1994-09-04 2023-09-18",2.63,3.59,450,"1994-09-04 2023-09-18",1.51,4.84,450,"1994-09-04 2023-09-18",1.4,4.71,441,"1994-09-04 2023-09-18",0.11,1.08,441,"1994-09-04 2023-09-18",0.1,0.92,280,"1994-09-04 2020-09-16",,,,
2024-09-10,6.53,2.89,450,"1994-09-03 2023-09-17",82.58,11.52,450,"1994-09-03 2023-09-17",19.41,6.27,450,"1994-09-03 2023-09-17",25.94,9.19,450,"1994-09-03 2023-09-17",1.55,3.09,450,"1994-09-03 2023-09-17",39.73,17.97,450,"1994-09-03 2023-09-17",5.84,3.15,450,"1994-09-03 2023-09-17",2.61,3.54,450,"1994-09-03 2023-09-17",1.48,4.8,450,"1994-09-03 2023-09-17",1.38,4.67,442,"1994-09-03 2023-09-17",0.09,1.01,442,"1994-09-03 2023-09-17",0.1,0.92,280,"1994-09-03 2020-09-16",,,,
2024-09-09,6.66,2.8,450,"1994-09-02 2023-09-16",82.49,11.34,450,"1994-09-02 2023-09-16",19.71,6.25,450,"1994-09-02 2023-09-16",26.17,9.4,450,"1994-09-02 2023-09-16",1.65,3.04,450,"1994-09-02 2023-09-16",39.26,17.96,450,"1994-09-02 2023-09-16",5.99,3.1,450,"1994-09-02 2023-09-16",2.6,3.55,450,"1994-09-02 2023-09-16",1.49,4.95,450,"1994-09-02 2023-09-16",1.39,4.83,441,"1994-09-02 2023-09-16",0.08,1,441,"1994-09-02 2023-09-16",0.1,0.88,280,"1994-09-02 2020-09-16",,,,
2024-09-08,6.82,2.74,450,"1994-09-01 2023-09-15",82.55,11.15,450,"1994-09-01 2023-09-15",19.84,6.06,450,"1994-09-01 2023-09-15",26.41,9.36,450,"1994-09-01 2023-09-15",1.76,3.03,450,"1994-09-01 2023-09-15",39.12,17.67,450,"1994-09-01 2023-09-15",6.16,3.13,450,"1994-09-01 2023-09-15",2.53,3.39,450,"1994-09-01 2023-09-15",1.49,4.95,450,"1994-09-01 2023-09-15",1.41,4.85,440,"1994-09-01 2023-09-15",0.06,0.91,440,"1994-09-01 2023-09-15",0.1,0.88,279,"1994-09-01 2018-09-14",,,,
2024-09-07,6.95,2.81,450,"1994-08-31 2023-09-14",82.51,11.12,450,"1994-08-31 2023-09-14",20,5.98,450,"1994-08-31 2023-09-14",26.59,9.37,450,"1994-08-31 2023-09-14",1.82,3.03,450,"1994-08-31 2023-09-14",38.87,17.47,450,"1994-08-31 2023-09-14",6.31,3.18,450,"1994-08-31 2023-09-14",2.58,3.34,450,"1994-08-31 2023-09-14",1.6,5.2,450,"1994-08-31 2023-09-14",1.51,5.1,439,"1994-08-31 2023-09-14",0.06,0.91,439,"1994-08-31 2023-09-14",0.1,0.88,279,"1994-08-31 2018-09-14",,,,
2024-09-06,7.11,2.88,450,"1994-08-30 2023-09-13",82.45,11.25,450,"1994-08-30 2023-09-13",20.21,5.95,450,"1994-08-30 2023-09-13",26.87,9.37,450,"1994-08-30 2023-09-13",1.97,3.08,450,"1994-08-30 2023-09-13",38.62,17.05,450,"1994-08-30 2023-09-13",6.51,3.19,450,"1994-08-30 2023-09-13",2.5,3.3,450,"1994-08-30 2023-09-13",1.56,5.04,450,"1994-08-30 2023-09-13",1.46,4.95,438,"1994-08-30 2023-09-13",0.06,0.92,438,"1994-08-30 2023-09-13",0.1,0.88,278,"1994-08-30 2018-09-13",,,,
2024-09-05,7.34,2.9,450,"1994-08-29 2023-09-12",82.33,11.19,450,"1994-08-29 2023-09-12",20.6,5.93,450,"1994-08-29 2023-09-12",27,9.42,450,"1994-08-29 2023-09-12",2.11,3.11,450,"1994-08-29 2023-09-12",38.04,16.86,450,"1994-08-29 2023-09-12",6.75,3.17,450,"1994-08-29 2023-09-12",2.43,3.29,450,"1994-08-29 2023-09-12",1.51,4.92,450,"1994-08-29 2023-09-12",1.41,4.82,436,"1994-08-29 2023-09-12",0.06,0.92,436,"1994-08-29 2023-09-12",0.1,0.88,277,"1994-08-29 2015-09-06",,,,
2024-09-04,7.44,2.9,450,"1994-08-28 2023-09-11",82.03,11.17,450,"1994-08-28 2023-09-11",20.92,5.89,450,"1994-08-28 2023-09-11",26.9,9.37,450,"1994-08-28 2023-09-11",2.23,3.08,450,"1994-08-28 2023-09-11",37.52,16.67,450,"1994-08-28 2023-09-11",6.94,3.15,450,"1994-08-28 2023-09-11",2.3,3.19,450,"1994-08-28 2023-09-11",1.43,4.84,450,"1994-08-28 2023-09-11",1.33,4.74,435,"1994-08-28 2023-09-11",0.06,0.92,435,"1994-08-28 2023-09-11",0.1,0.88,276,"1994-08-28 2015-09-06",,,,
2024-09-03,7.62,2.8,450,"1994-08-27 2023-09-10",81.98,11.04,450,"1994-08-27 2023-09-10",21.13,5.82,450,"1994-08-27 2023-09-10",26.81,9.43,450,"1994-08-27 2023-09-10",2.35,3.02,450,"1994-08-27 2023-09-10",37.2,16.36,450,"1994-08-27 2023-09-10",7.12,3.12,450,"1994-08-27 2023-09-10",2.26,3.13,450,"1994-08-27 2023-09-10",1.41,4.83,450,"1994-08-27 2023-09-10",1.31,4.72,437,"1994-08-27 2023-09-10",0.06,0.92,437,"1994-08-27 2023-09-10",0.1,0.88,275,"1994-08-27 2015-09-06",,,,
2024-09-02,7.77,2.8,450,"1994-08-26 2023-09-09",81.89,11.09,450,"1994-08-26 2023-09-09",21.41,5.71,450,"1994-08-26 2023-09-09",26.76,9.28,450,"1994-08-26 2023-09-09",2.48,3.01,450,"1994-08-26 2023-09-09",36.84,16.19,450,"1994-08-26 2023-09-09",7.3,3.11,450,"1994-08-26 2023-09-09",2.12,2.97,450,"1994-08-26 2023-09-09",1.34,4,450,"1994-08-26 2023-09-09",1.28,3.9,439,"1994-08-26 2023-09-09",0.03,0.57,439,"1994-08-26 2023-09-09",0.1,0.77,274,"1994-08-26 2015-09-06",,,,
2024-09-01,7.92,2.76,450,"1994-08-25 2023-09-08",81.85,11.02,450,"1994-08-25 2023-09-08",21.68,5.51,450,"1994-08-25 2023-09-08",26.73,9.14,450,"1994-08-25 2023-09-08",2.61,3.01,450,"1994-08-25 2023-09-08",36.34,15.61,450,"1994-08-25 2023-09-08",7.44,3.07,450,"1994-08-25 2023-09-08",2.04,2.92,450,"1994-08-25 2023-09-08",1.33,4.01,450,"1994-08-25 2023-09-08",1.29,3.91,441,"1994-08-25 2023-09-08",0.03,0.56,441,"1994-08-25 2023-09-08",0,0.48,273,"1994-08-25 2015-09-06",,,,
2024-08-31,8.07,2.76,450,"1994-08-24 2023-09-07",82.09,10.98,450,"1994-08-24 2023-09-07",21.82,5.5,450,"1994-08-24 2023-09-07",26.78,9.14,450,"1994-08-24 2023-09-07",2.74,2.99,450,"1994-08-24 2023-09-07",36.34,15.62,450,"1994-08-24 2023-09-07",7.59,2.97,450,"1994-08-24 2023-09-07",2.04,3.01,450,"1994-08-24 2023-09-07",1.33,4.04,450,"1994-08-24 2023-09-07",1.31,4.07,441,"1994-08-24 2023-09-07",0,0,441,"1994-08-24 2023-09-07",0,0,272,"1994-08-24 2015-09-06",,,,
2024-08-30,8.29,2.73,450,"1994-08-23 2023-09-06",82.24,10.87,450,"1994-08-23 2023-09-06",21.93,5.46,450,"1994-08-23 2023-09-06",27.12,9.15,450,"1994-08-23 2023-09-06",2.88,2.92,450,"1994-08-23 2023-09-06",36.44,15.57,450,"1994-08-23 2023-09-06",7.73,2.94,450,"1994-08-23 2023-09-06",2.08,3.1,450,"1994-08-23 2023-09-06",1.28,3.9,450,"1994-08-23 2023-09-06",1.26,3.92,441,"1994-08-23 2023-09-06",0,0,441,"1994-08-23 2023-09-06",0,0,272,"1994-08-23 2015-09-06",,,,
2024-08-29,8.45,2.73,450,"1994-08-22 2023-09-05",82.11,10.88,450,"1994-08-22 2023-09-05",22.13,5.41,450,"1994-08-22 2023-09-05",27.17,9.18,450,"1994-08-22 2023-09-05",3.06,2.95,450,"1994-08-22 2023-09-05",36.42,15.57,450,"1994-08-22 2023-09-05",7.93,2.87,450,"1994-08-22 2023-09-05",2.07,3.09,450,"1994-08-22 2023-09-05",1.3,3.93,450,"1994-08-22 2023-09-05",1.29,3.96,441,"1994-08-22 2023-09-05",0,0,441,"1994-08-22 2023-09-05",0,0,271,"1994-08-22 2015-09-05",,,,
2024-08-28,8.63,2.8,450,"1994-08-21 2023-09-04",82.29,10.74,450,"1994-08-21 2023-09-04",22.37,5.35,450,"1994-08-21 2023-09-04",27.13,9.18,450,"1994-08-21 2023-09-04",3.18,2.97,450,"1994-08-21 2023-09-04",36.19,15.52,450,"1994-08-21 2023-09-04",8.06,2.81,450,"1994-08-21 2023-09-04",2.02,3.03,450,"1994-08-21 2023-09-04",1.32,4.09,450,"1994-08-21 2023-09-04",1.31,4.12,440,"1994-08-21 2023-09-04",0,0,440,"1994-08-21 2023-09-04",0,0,270,"1994-08-21 2011-09-04",,,,
2024-08-27,8.79,2.85,450,"1994-08-20 2023-09-03",82.26,10.51,450,"1994-08-20 2023-09-03",22.57,5.14,450,"1994-08-20 2023-09-03",27.02,9.02,450,"1994-08-20 2023-09-03",3.35,3.05,450,"1994-08-20 2023-09-03",35.94,15.02,450,"1994-08-20 2023-09-03",8.21,2.76,450,"1994-08-20 2023-09-03",1.97,2.96,450,"1994-08-20 2023-09-03",1.3,4.09,450,"1994-08-20 2023-09-03",1.28,4.12,441,"1994-08-20 2023-09-03",0,0,441,"1994-08-20 2023-09-03",0,0,270,"1994-08-20 2011-09-03",,,,
2024-08-26,8.96,2.91,450,"1994-08-19 2023-09-02",82.35,10.39,450,"1994-08-19 2023-09-02",22.66,4.98,450,"1994-08-19 2023-09-02",26.71,8.74,450,"1994-08-19 2023-09-02",3.48,3.07,450,"1994-08-19 2023-09-02",35.88,14.77,450,"1994-08-19 2023-09-02",8.35,2.8,450,"1994-08-19 2023-09-02",1.98,2.97,450,"1994-08-19 2023-09-02",1.25,4.06,450,"1994-08-19 2023-09-02",1.23,4.08,441,"1994-08-19 2023-09-02",0,0,441,"1994-08-19 2023-09-02",0,0,270,"1994-08-19 2011-09-02",,,,
2024-08-25,9.15,2.88,450,"1994-08-18 2023-09-01",82.42,10.37,450,"1994-08-18 2023-09-01",22.83,4.97,450,"1994-08-18 2023-09-01",26.6,8.46,450,"1994-08-18 2023-09-01",3.6,3.04,450,"1994-08-18 2023-09-01",35.78,14.54,450,"1994-08-18 2023-09-01",8.49,2.8,450,"1994-08-18 2023-09-01",1.96,2.93,450,"1994-08-18 2023-09-01",1.18,3.8,450,"1994-08-18 2023-09-01",1.16,3.81,443,"1994-08-18 2023-09-01",0,0,443,"1994-08-18 2023-09-01",0,0,270,"1994-08-18 2011-09-01",,,,
2024-08-24,9.31,2.84,450,"1994-08-17 2023-08-31",82.69,10.25,450,"1994-08-17 2023-08-31",22.98,5.03,450,"1994-08-17 2023-08-31",26.51,8.43,450,"1994-08-17 2023-08-31",3.8,3.02,450,"1994-08-17 2023-08-31",35.93,14.85,450,"1994-08-17 2023-08-31",8.6,2.8,450,"1994-08-17 2023-08-31",1.92,2.89,450,"1994-08-17 2023-08-31",1.33,4.21,450,"1994-08-17 2023-08-31",1.32,4.23,443,"1994-08-17 2023-08-31",0,0,443,"1994-08-17 2023-08-31",0,0,270,"1994-08-17 2011-08-31",,,,
2024-08-23,9.5,2.84,450,"1994-08-16 2023-08-30",83.02,10.14,450,"1994-08-16 2023-08-30",23.09,4.96,450,"1994-08-16 2023-08-30",26.45,8.29,450,"1994-08-16 2023-08-30",4.04,3.07,450,"1994-08-16 2023-08-30",36.18,14.78,450,"1994-08-16 2023-08-30",8.75,2.78,450,"1994-08-16 2023-08-30",1.84,2.83,450,"1994-08-16 2023-08-30",1.3,4.02,450,"1994-08-16 2023-08-30",1.3,4.04,444,"1994-08-16 2023-08-30",0,0,444,"1994-08-16 2023-08-30",0,0,270,"1994-08-16 2011-08-30",,,,
2024-08-22,9.64,2.85,450,"1994-08-15 2023-08-29",83.15,10.09,450,"1994-08-15 2023-08-29",23.16,4.98,450,"1994-08-15 2023-08-29",26.41,8.19,450,"1994-08-15 2023-08-29",4.19,3.09,450,"1994-08-15 2023-08-29",36.48,15.09,450,"1994-08-15 2023-08-29",8.88,2.82,450,"1994-08-15 2023-08-29",1.85,2.83,450,"1994-08-15 2023-08-29",1.43,4.34,450,"1994-08-15 2023-08-29",1.43,4.36,445,"1994-08-15 2023-08-29",0,0,445,"1994-08-15 2023-08-29",0,0,270,"1994-08-15 2011-08-29",,,,
2024-08-21,9.74,2.91,450,"1994-08-14 2023-08-28",83.28,10.11,450,"1994-08-14 2023-08-28",23.25,4.97,450,"1994-08-14 2023-08-28",26.45,8.34,450,"1994-08-14 2023-08-28",4.31,3.15,450,"1994-08-14 2023-08-28",36.64,15.29,450,"1994-08-14 2023-08-28",8.96,2.82,450,"1994-08-14 2023-08-28",1.84,2.83,450,"1994-08-14 2023-08-28",1.5,4.43,450,"1994-08-14 2023-08-28",1.51,4.44,447,"1994-08-14 2023-08-28",0,0,447,"1994-08-14 2023-08-28",0,0,270,"1994-08-14 2011-08-28",,,,
2024-08-20,9.91,2.88,450,"1994-08-13 2023-08-27",83.77,10.01,450,"1994-08-13 2023-08-27",23.34,5.03,450,"1994-08-13 2023-08-27",26.45,8.46,450,"1994-08-13 2023-08-27",4.48,3.2,450,"1994-08-13 2023-08-27",36.88,15.53,450,"1994-08-13 2023-08-27",9.06,2.79,450,"1994-08-13 2023-08-27",1.88,2.89,450,"1994-08-13 2023-08-27",1.56,4.45,450,"1994-08-13 2023-08-27",1.57,4.46,448,"1994-08-13 2023-08-27",0,0,448,"1994-08-13 2023-08-27",0,0,270,"1994-08-13 2011-08-27",,,,
2024-08-19,10.07,2.86,450,"1994-08-12 2023-08-26",84.09,10.02,450,"1994-08-12 2023-08-26",23.33,5.02,450,"1994-08-12 2023-08-26",26.44,8.32,450,"1994-08-12 2023-08-26",4.69,3.21,450,"1994-08-12 2023-08-26",37.53,15.88,450,"1994-08-12 2023-08-26",9.19,2.78,450,"1994-08-12 2023-08-26",1.83,2.85,450,"1994-08-12 2023-08-26",1.64,4.51,450,"1994-08-12 2023-08-26",1.64,4.52,448,"1994-08-12 2023-08-26",0,0,448,"1994-08-12 2023-08-26",0,0,270,"1994-08-12 2011-08-26",,,,
2024-08-18,10.26,2.86,450,"1994-08-11 2023-08-25",84.39,9.82,450,"1994-08-11 2023-08-25",23.32,4.99,450,"1994-08-11 2023-08-25",26.56,8.39,450,"1994-08-11 2023-08-25",4.88,3.22,450,"1994-08-11 2023-08-25",38.08,15.81,450,"1994-08-11 2023-08-25",9.32,2.82,450,"1994-08-11 2023-08-25",1.86,2.83,450,"1994-08-11 2023-08-25",1.7,4.96,450,"1994-08-11 2023-08-25",1.71,4.97,448,"1994-08-11 2023-08-25",0,0,448,"1994-08-11 2023-08-25",0,0,270,"1994-08-11 2011-08-25",,,,
2024-08-17,10.45,2.83,450,"1994-08-10 2023-08-24",84.52,9.87,450,"1994-08-10 2023-08-24",23.33,5.07,450,"1994-08-10 2023-08-24",26.54,8.3,450,"1994-08-10 2023-08-24",5.04,3.21,450,"1994-08-10 2023-08-24",38.74,16.22,450,"1994-08-10 2023-08-24",9.46,2.85,450,"1994-08-10 2023-08-24",1.86,2.86,450,"1994-08-10 2023-08-24",1.75,4.96,450,"1994-08-10 2023-08-24",1.75,4.98,448,"1994-08-10 2023-08-24",0,0,448,"1994-08-10 2023-08-24",0,0,270,"1994-08-10 2011-08-24",,,,
2024-08-16,10.52,2.83,450,"1994-08-09 2023-08-23",84.54,9.82,450,"1994-08-09 2023-08-23",23.45,5.09,450,"1994-08-09 2023-08-23",26.37,8.18,450,"1994-08-09 2023-08-23",5.19,3.22,450,"1994-08-09 2023-08-23",38.8,16.35,450,"1994-08-09 2023-08-23",9.57,2.84,450,"1994-08-09 2023-08-23",1.92,2.85,450,"1994-08-09 2023-08-23",1.77,4.94,450,"1994-08-09 2023-08-23",1.78,4.95,448,"1994-08-09 2023-08-23",0,0,448,"1994-08-09 2023-08-23",0,0,270,"1994-08-09 2011-08-23",,,,
2024-08-15,10.64,2.83,450,"1994-08-08 2023-08-22",84.78,9.78,450,"1994-08-08 2023-08-22",23.43,5.06,450,"1994-08-08 2023-08-22",26.1,8.21,450,"1994-08-08 2023-08-22",5.4,3.23,450,"1994-08-08 2023-08-22",39.39,16.46,450,"1994-08-08 2023-08-22",9.68,2.85,450,"1994-08-08 2023-08-22",1.86,2.73,450,"1994-08-08 2023-08-22",1.86,5.02,450,"1994-08-08 2023-08-22",1.87,5.03,448,"1994-08-08 2023-08-22",0,0,448,"1994-08-08 2023-08-22",0,0,270,"1994-08-08 2011-08-22",,,,
2024-08-14,10.81,2.81,450,"1994-08-07 2023-08-21",84.98,9.73,450,"1994-08-07 2023-08-21",23.51,5.01,450,"1994-08-07 2023-08-21",26.18,8.17,450,"1994-08-07 2023-08-21",5.58,3.22,450,"1994-08-07 2023-08-21",39.59,16.22,450,"1994-08-07 2023-08-21",9.8,2.86,450,"1994-08-07 2023-08-21",1.94,2.75,450,"1994-08-07 2023-08-21",1.85,4.94,450,"1994-08-07 2023-08-21",1.86,4.95,448,"1994-08-07 2023-08-21",0,0,448,"1994-08-07 2023-08-21",0,0,270,"1994-08-07 2011-08-21",,,,
2024-08-13,10.91,2.74,450,"1994-08-06 2023-08-20",85.06,9.67,450,"1994-08-06 2023-08-20",23.54,4.98,450,"1994-08-06 2023-08-20",26.37,8.3,450,"1994-08-06 2023-08-20",5.76,3.16,450,"1994-08-06 2023-08-20",39.93,16.17,450,"1994-08-06 2023-08-20",9.94,2.81,450,"1994-08-06 2023-08-20",1.95,2.73,450,"1994-08-06 2023-08-20",1.88,4.85,450,"1994-08-06 2023-08-20",1.88,4.85,449,"1994-08-06 2023-08-20",0,0,449,"1994-08-06 2023-08-20",0,0,270,"1994-08-06 2011-08-20",,,,
2024-08-12,11.05,2.7,450,"1994-08-05 2023-08-19",85.18,9.55,450,"1994-08-05 2023-08-19",23.62,5.06,450,"1994-08-05 2023-08-19",26.42,8.32,450,"1994-08-05 2023-08-19",5.91,3.13,450,"1994-08-05 2023-08-19",40.21,16.37,450,"1994-08-05 2023-08-19",10.03,2.8,450,"1994-08-05 2023-08-19",2,2.76,450,"1994-08-05 2023-08-19",2.04,5.07,450,"1994-08-05 2023-08-19",2.04,5.08,449,"1994-08-05 2023-08-19",0,0,449,"1994-08-05 2023-08-19",0,0,270,"1994-08-05 2011-08-19",,,,
2024-08-11,11.17,2.6,450,"1994-08-04 2023-08-18",85.35,9.44,450,"1994-08-04 2023-08-18",23.65,5.12,450,"1994-08-04 2023-08-18",26.58,8.45,450,"1994-08-04 2023-08-18",6.06,3.07,450,"1994-08-04 2023-08-18",40.58,16.4,450,"1994-08-04 2023-08-18",10.16,2.73,450,"1994-08-04 2023-08-18",2,2.75,450,"1994-08-04 2023-08-18",2.15,5.2,450,"1994-08-04 2023-08-18",2.15,5.21,448,"1994-08-04 2023-08-18",0,0,449,"1994-08-04 2023-08-18",0,0,270,"1994-08-04 2011-08-18",,,,
2024-08-10,11.29,2.62,450,"1994-08-03 2023-08-17",85.65,9.24,450,"1994-08-03 2023-08-17",23.61,5.1,450,"1994-08-03 2023-08-17",26.66,8.64,450,"1994-08-03 2023-08-17",6.24,3.02,450,"1994-08-03 2023-08-17",41.22,16.35,450,"1994-08-03 2023-08-17",10.25,2.71,450,"1994-08-03 2023-08-17",2.07,2.8,450,"1994-08-03 2023-08-17",2.31,5.38,450,"1994-08-03 2023-08-17",2.3,5.38,448,"1994-08-03 2023-08-17",0,0,449,"1994-08-03 2023-08-17",0,0,270,"1994-08-03 2011-08-17",,,,
2024-08-09,11.39,2.63,450,"1994-08-02 2023-08-16",85.66,9.1,450,"1994-08-02 2023-08-16",23.7,4.99,450,"1994-08-02 2023-08-16",26.66,8.62,450,"1994-08-02 2023-08-16",6.3,3.07,450,"1994-08-02 2023-08-16",41.18,16.09,450,"1994-08-02 2023-08-16",10.35,2.73,450,"1994-08-02 2023-08-16",2.11,2.83,450,"1994-08-02 2023-08-16",2.28,5.32,450,"1994-08-02 2023-08-16",2.27,5.32,449,"1994-08-02 2023-08-16",0,0,450,"1994-08-02 2023-08-16",0,0,270,"1994-08-02 2011-08-16",,,,
2024-08-08,11.46,2.63,450,"1994-08-01 2023-08-15",85.64,9.1,450,"1994-08-01 2023-08-15",23.84,4.99,450,"1994-08-01 2023-08-15",26.85,8.79,450,"1994-08-01 2023-08-15",6.34,3.07,450,"1994-08-01 2023-08-15",40.96,15.95,450,"1994-08-01 2023-08-15",10.4,2.74,450,"1994-08-01 2023-08-15",2.18,2.92,450,"1994-08-01 2023-08-15",2.23,5.27,450,"1994-08-01 2023-08-15",2.22,5.27,449,"1994-08-01 2023-08-15",0,0,450,"1994-08-01 2023-08-15",0,0,270,"1994-08-01 2011-08-15",,,,
2024-08-07,11.54,2.72,450,"1994-07-31 2023-08-14",85.53,8.96,450,"1994-07-31 2023-08-14",23.99,4.89,450,"1994-07-31 2023-08-14",26.88,8.78,450,"1994-07-31 2023-08-14",6.37,3.14,450,"1994-07-31 2023-08-14",40.64,15.58,450,"1994-07-31 2023-08-14",10.45,2.73,450,"1994-07-31 2023-08-14",2.13,2.9,450,"1994-07-31 2023-08-14",2.14,5.11,450,"1994-07-31 2023-08-14",2.13,5.11,449,"1994-07-31 2023-08-14",0,0,450,"1994-07-31 2023-08-14",0,0,270,"1994-07-31 2011-08-14",,,,
2024-08-06,11.65,2.7,450,"1994-07-30 2023-08-13",85.61,8.79,450,"1994-07-30 2023-08-13",24.09,4.86,450,"1994-07-30 2023-08-13",27.25,8.86,450,"1994-07-30 2023-08-13",6.41,3.17,450,"1994-07-30 2023-08-13",40.46,15.35,450,"1994-07-30 2023-08-13",10.53,2.75,450,"1994-07-30 2023-08-13",2.16,2.91,450,"1994-07-30 2023-08-13",2.1,5.18,450,"1994-07-30 2023-08-13",2.09,5.18,449,"1994-07-30 2023-08-13",0,0,450,"1994-07-30 2023-08-13",0,0,270,"1994-07-30 2011-08-13",,,,
2024-08-05,11.76,2.7,450,"1994-07-29 2023-08-12",85.55,8.63,450,"1994-07-29 2023-08-12",24.14,4.8,450,"1994-07-29 2023-08-12",27.45,8.92,450,"1994-07-29 2023-08-12",6.48,3.2,450,"1994-07-29 2023-08-12",40.45,15.08,450,"1994-07-29 2023-08-12",10.63,2.75,450,"1994-07-29 2023-08-12",2.13,2.84,450,"1994-07-29 2023-08-12",2.08,5.19,450,"1994-07-29 2023-08-12",2.04,5.17,447,"1994-07-29 2023-08-12",0,0,448,"1994-07-29 2023-08-12",0,0,270,"1994-07-29 2011-08-12",,,,
2024-08-04,11.84,2.72,450,"1994-07-28 2023-08-11",85.36,8.57,450,"1994-07-28 2023-08-11",24.29,4.75,450,"1994-07-28 2023-08-11",27.41,8.92,450,"1994-07-28 2023-08-11",6.5,3.25,450,"1994-07-28 2023-08-11",40.18,14.78,450,"1994-07-28 2023-08-11",10.68,2.77,450,"1994-07-28 2023-08-11",2.15,2.88,450,"1994-07-28 2023-08-11",2.01,5.18,450,"1994-07-28 2023-08-11",1.97,5.15,447,"1994-07-28 2023-08-11",0,0,448,"1994-07-28 2023-08-11",0,0,270,"1994-07-28 2011-08-11",,,,
2024-08-03,11.87,2.71,450,"1994-07-27 2023-08-10",85.29,8.51,450,"1994-07-27 2023-08-10",24.43,4.73,450,"1994-07-27 2023-08-10",27.42,8.95,450,"1994-07-27 2023-08-10",6.51,3.27,450,"1994-07-27 2023-08-10",39.74,14.58,450,"1994-07-27 2023-08-10",10.69,2.76,450,"1994-07-27 2023-08-10",2.16,2.88,450,"1994-07-27 2023-08-10",1.87,4.58,450,"1994-07-27 2023-08-10",1.84,4.55,447,"1994-07-27 2023-08-10",0,0,448,"1994-07-27 2023-08-10",0,0,270,"1994-07-27 2011-08-10",,,,
2024-08-02,11.9,2.72,450,"1994-07-26 2023-08-09",85.38,8.26,450,"1994-07-26 2023-08-09",24.54,4.58,450,"1994-07-26 2023-08-09",27.49,8.9,450,"1994-07-26 2023-08-09",6.58,3.28,450,"1994-07-26 2023-08-09",39.45,13.94,450,"1994-07-26 2023-08-09",10.72,2.72,450,"1994-07-26 2023-08-09",2.13,2.87,450,"1994-07-26 2023-08-09",1.84,4.57,450,"1994-07-26 2023-08-09",1.8,4.54,447,"1994-07-26 2023-08-09",0,0,448,"1994-07-26 2023-08-09",0,0,270,"1994-07-26 2011-08-09",,,,
2024-08-01,11.96,2.67,450,"1994-07-25 2023-08-08",85.29,8.4,450,"1994-07-25 2023-08-08",24.53,4.54,450,"1994-07-25 2023-08-08",27.6,8.95,450,"1994-07-25 2023-08-08",6.61,3.27,450,"1994-07-25 2023-08-08",39.55,13.6,450,"1994-07-25 2023-08-08",10.77,2.73,450,"1994-07-25 2023-08-08",2.12,2.9,450,"1994-07-25 2023-08-08",1.82,4.45,450,"1994-07-25 2023-08-08",1.78,4.41,447,"1994-07-25 2023-08-08",0,0,448,"1994-07-25 2023-08-08",0,0,270,"1994-07-25 2011-08-08",,,,
2024-07-31,11.99,2.68,450,"1994-07-24 2023-08-07",85.24,8.28,450,"1994-07-24 2023-08-07",24.65,4.44,450,"1994-07-24 2023-08-07",27.8,8.85,450,"1994-07-24 2023-08-07",6.59,3.33,450,"1994-07-24 2023-08-07",39.21,13.38,450,"1994-07-24 2023-08-07",10.81,2.72,450,"1994-07-24 2023-08-07",2.23,2.98,450,"1994-07-24 2023-08-07",1.82,4.42,450,"1994-07-24 2023-08-07",1.78,4.38,447,"1994-07-24 2023-08-07",0,0,448,"1994-07-24 2023-08-07",0,0,271,"1994-07-24 2019-07-24",,,,
2024-07-30,12.03,2.69,450,"1994-07-23 2023-08-06",85.34,7.96,450,"1994-07-23 2023-08-06",24.75,4.41,450,"1994-07-23 2023-08-06",28.02,8.93,450,"1994-07-23 2023-08-06",6.55,3.37,450,"1994-07-23 2023-08-06",38.89,13.32,450,"1994-07-23 2023-08-06",10.85,2.69,450,"1994-07-23 2023-08-06",2.16,2.95,450,"1994-07-23 2023-08-06",1.78,4.5,450,"1994-07-23 2023-08-06",1.74,4.46,447,"1994-07-23 2023-08-06",0,0,448,"1994-07-23 2023-08-06",0,0,272,"1994-07-23 2019-07-24",,,,
2024-07-29,12.08,2.71,450,"1994-07-22 2023-08-05",85.26,8.02,450,"1994-07-22 2023-08-05",24.77,4.38,450,"1994-07-22 2023-08-05",27.95,8.91,450,"1994-07-22 2023-08-05",6.55,3.42,450,"1994-07-22 2023-08-05",38.92,13.17,450,"1994-07-22 2023-08-05",10.89,2.68,450,"1994-07-22 2023-08-05",2.23,3.09,450,"1994-07-22 2023-08-05",1.7,4.31,450,"1994-07-22 2023-08-05",1.66,4.27,447,"1994-07-22 2023-08-05",0,0,448,"1994-07-22 2023-08-05",0,0,273,"1994-07-22 2019-07-24",,,,
2024-07-28,12.11,2.68,450,"1994-07-21 2023-08-04",85.32,8.09,450,"1994-07-21 2023-08-04",24.81,4.31,450,"1994-07-21 2023-08-04",28.09,9.01,450,"1994-07-21 2023-08-04",6.52,3.43,450,"1994-07-21 2023-08-04",38.64,12.89,450,"1994-07-21 2023-08-04",10.88,2.65,450,"1994-07-21 2023-08-04",2.25,3.1,450,"1994-07-21 2023-08-04",1.53,3.99,450,"1994-07-21 2023-08-04",1.49,3.94,447,"1994-07-21 2023-08-04",0,0,448,"1994-07-21 2023-08-04",0,0,274,"1994-07-21 2019-07-24",,,,
2024-07-27,12.1,2.72,450,"1994-07-20 2023-08-03",85.25,8.21,450,"1994-07-20 2023-08-03",24.88,4.19,450,"1994-07-20 2023-08-03",28.29,9.04,450,"1994-07-20 2023-08-03",6.49,3.49,450,"1994-07-20 2023-08-03",38.46,12.97,450,"1994-07-20 2023-08-03",10.85,2.64,450,"1994-07-20 2023-08-03",2.27,3.1,450,"1994-07-20 2023-08-03",1.45,3.83,450,"1994-07-20 2023-08-03",1.42,3.78,448,"1994-07-20 2023-08-03",0,0,448,"1994-07-20 2023-08-03",0,0,275,"1994-07-20 2019-07-24",,,,
2024-07-26,12.14,2.71,450,"1994-07-19 2023-08-02",85.19,8.26,450,"1994-07-19 2023-08-02",24.88,4.06,450,"1994-07-19 2023-08-02",28.27,8.93,450,"1994-07-19 2023-08-02",6.47,3.51,450,"1994-07-19 2023-08-02",38.38,12.83,450,"1994-07-19 2023-08-02",10.87,2.63,450,"1994-07-19 2023-08-02",2.2,3.08,450,"1994-07-19 2023-08-02",1.4,3.98,450,"1994-07-19 2023-08-02",1.38,3.94,447,"1994-07-19 2023-08-02",0,0,447,"1994-07-19 2023-08-02",0,0,276,"1994-07-19 2019-07-24",,,,
2024-07-25,12.2,2.77,450,"1994-07-18 2023-08-01",85.31,8.35,450,"1994-07-18 2023-08-01",24.83,4.08,450,"1994-07-18 2023-08-01",28.37,8.86,450,"1994-07-18 2023-08-01",6.52,3.47,450,"1994-07-18 2023-08-01",38.62,12.89,450,"1994-07-18 2023-08-01",10.9,2.57,450,"1994-07-18 2023-08-01",2.21,3.1,450,"1994-07-18 2023-08-01",1.32,3.66,450,"1994-07-18 2023-08-01",1.3,3.62,446,"1994-07-18 2023-08-01",0,0,446,"1994-07-18 2023-08-01",0,0,277,"1994-07-18 2019-07-24",,,,
2024-07-24,12.28,2.74,450,"1994-07-17 2023-07-31",85.3,8.45,450,"1994-07-17 2023-07-31",24.75,4,450,"1994-07-17 2023-07-31",28.35,8.94,450,"1994-07-17 2023-07-31",6.56,3.49,450,"1994-07-17 2023-07-31",39.06,13.03,450,"1994-07-17 2023-07-31",10.89,2.53,450,"1994-07-17 2023-07-31",2.24,3.08,450,"1994-07-17 2023-07-31",1.4,3.76,450,"1994-07-17 2023-07-31",1.37,3.72,445,"1994-07-17 2023-07-31",0,0,445,"1994-07-17 2023-07-31",0,0,278,"1994-07-17 2019-07-24",,,,
2024-07-23,12.31,2.66,450,"1994-07-16 2023-07-30",85.56,8.53,450,"1994-07-16 2023-07-30",24.66,4.02,450,"1994-07-16 2023-07-30",28.24,8.92,450,"1994-07-16 2023-07-30",6.62,3.44,450,"1994-07-16 2023-07-30",39.42,13.21,450,"1994-07-16 2023-07-30",10.87,2.56,450,"1994-07-16 2023-07-30",2.34,3.08,450,"1994-07-16 2023-07-30",1.46,3.84,450,"1994-07-16 2023-07-30",1.44,3.81,444,"1994-07-16 2023-07-30",0,0,444,"1994-07-16 2023-07-30",0,0,279,"1994-07-16 2019-07-24",,,,
2024-07-22,12.28,2.68,450,"1994-07-15 2023-07-29",85.57,8.74,450,"1994-07-15 2023-07-29",24.48,4.09,450,"1994-07-15 2023-07-29",27.91,8.76,450,"1994-07-15 2023-07-29",6.62,3.4,450,"1994-07-15 2023-07-29",39.97,13.57,450,"1994-07-15 2023-07-29",10.83,2.57,450,"1994-07-15 2023-07-29",2.36,3.06,450,"1994-07-15 2023-07-29",1.62,4.28,450,"1994-07-15 2023-07-29",1.6,4.26,444,"1994-07-15 2023-07-29",0,0,444,"1994-07-15 2023-07-29",0,0,280,"1994-07-15 2019-07-24",,,,
2024-07-21,12.22,2.68,450,"1994-07-14 2023-07-28",85.62,8.76,450,"1994-07-14 2023-07-28",24.33,4.08,450,"1994-07-14 2023-07-28",27.93,8.6,450,"1994-07-14 2023-07-28",6.58,3.36,450,"1994-07-14 2023-07-28",40.18,13.7,450,"1994-07-14 2023-07-28",10.77,2.57,450,"1994-07-14 2023-07-28",2.38,3.1,450,"1994-07-14 2023-07-28",1.72,4.55,450,"1994-07-14 2023-07-28",1.73,4.57,445,"1994-07-14 2023-07-28",0,0,445,"1994-07-14 2023-07-28",0,0,281,"1994-07-14 2019-07-24",,,,
2024-07-20,12.24,2.68,450,"1994-07-13 2023-07-27",85.84,8.61,450,"1994-07-13 2023-07-27",24.25,4.12,450,"1994-07-13 2023-07-27",28.26,8.83,450,"1994-07-13 2023-07-27",6.57,3.36,450,"1994-07-13 2023-07-27",40.33,13.72,450,"1994-07-13 2023-07-27",10.78,2.55,450,"1994-07-13 2023-07-27",2.44,3.06,450,"1994-07-13 2023-07-27",1.87,4.7,450,"1994-07-13 2023-07-27",1.88,4.72,445,"1994-07-13 2023-07-27",0,0,445,"1994-07-13 2023-07-27",0,0,281,"1994-07-13 2019-07-24",,,,
2024-07-19,12.28,2.7,450,"1994-07-12 2023-07-26",85.83,8.61,450,"1994-07-12 2023-07-26",24.24,4.06,450,"1994-07-12 2023-07-26",28.26,8.84,450,"1994-07-12 2023-07-26",6.55,3.36,450,"1994-07-12 2023-07-26",40.46,13.68,450,"1994-07-12 2023-07-26",10.82,2.54,450,"1994-07-12 2023-07-26",2.46,3.09,450,"1994-07-12 2023-07-26",1.87,4.7,450,"1994-07-12 2023-07-26",1.89,4.72,445,"1994-07-12 2023-07-26",0,0,445,"1994-07-12 2023-07-26",0,0,282,"1994-07-12 2019-07-24",,,,
2024-07-18,12.29,2.74,450,"1994-07-11 2023-07-25",85.72,8.77,450,"1994-07-11 2023-07-25",24.14,4.08,450,"1994-07-11 2023-07-25",28.29,8.78,450,"1994-07-11 2023-07-25",6.5,3.38,450,"1994-07-11 2023-07-25",40.71,13.82,450,"1994-07-11 2023-07-25",10.83,2.56,450,"1994-07-11 2023-07-25",2.5,3.09,450,"1994-07-11 2023-07-25",2.02,5.12,450,"1994-07-11 2023-07-25",2.04,5.14,445,"1994-07-11 2023-07-25",0,0,445,"1994-07-11 2023-07-25",0,0,283,"1994-07-11 2019-07-24",,,,
2024-07-17,12.37,2.73,450,"1994-07-10 2023-07-24",85.83,8.6,450,"1994-07-10 2023-07-24",24.14,4.06,450,"1994-07-10 2023-07-24",28.23,8.66,450,"1994-07-10 2023-07-24",6.5,3.36,450,"1994-07-10 2023-07-24",40.72,13.78,450,"1994-07-10 2023-07-24",10.81,2.58,450,"1994-07-10 2023-07-24",2.47,2.98,450,"1994-07-10 2023-07-24",2.02,5.11,450,"1994-07-10 2023-07-24",2.04,5.13,445,"1994-07-10 2023-07-24",0,0,445,"1994-07-10 2023-07-24",0,0,285,"1994-07-10 2019-07-24",,,,
2024-07-16,12.4,2.75,450,"1994-07-09 2023-07-23",85.78,8.69,450,"1994-07-09 2023-07-23",24.18,4.04,450,"1994-07-09 2023-07-23",28.39,8.66,450,"1994-07-09 2023-07-23",6.53,3.3,450,"1994-07-09 2023-07-23",40.67,13.51,450,"1994-07-09 2023-07-23",10.83,2.58,450,"1994-07-09 2023-07-23",2.45,2.94,450,"1994-07-09 2023-07-23",2.04,5.23,450,"1994-07-09 2023-07-23",2.06,5.26,445,"1994-07-09 2023-07-23",0,0,445,"1994-07-09 2023-07-23",0,0,286,"1994-07-09 2019-07-23",,,,
2024-07-15,12.37,2.77,450,"1994-07-08 2023-07-22",85.62,8.98,450,"1994-07-08 2023-07-22",24.06,4.04,450,"1994-07-08 2023-07-22",28.16,8.8,450,"1994-07-08 2023-07-22",6.52,3.27,450,"1994-07-08 2023-07-22",41,13.6,450,"1994-07-08 2023-07-22",10.78,2.57,450,"1994-07-08 2023-07-22",2.47,3,450,"1994-07-08 2023-07-22",2.1,5.24,450,"1994-07-08 2023-07-22",2.13,5.27,444,"1994-07-08 2023-07-22",0,0,444,"1994-07-08 2023-07-22",0,0,287,"1994-07-08 2019-07-22",,,,
2024-07-14,12.36,2.76,450,"1994-07-07 2023-07-21",85.85,8.91,450,"1994-07-07 2023-07-21",23.94,4.02,450,"1994-07-07 2023-07-21",28.27,8.73,450,"1994-07-07 2023-07-21",6.49,3.25,450,"1994-07-07 2023-07-21",41.23,13.75,450,"1994-07-07 2023-07-21",10.72,2.6,450,"1994-07-07 2023-07-21",2.45,2.89,450,"1994-07-07 2023-07-21",2.22,5.36,450,"1994-07-07 2023-07-21",2.25,5.39,444,"1994-07-07 2023-07-21",0,0,444,"1994-07-07 2023-07-21",0,0,288,"1994-07-07 2019-07-21",,,,
2024-07-13,12.35,2.78,450,"1994-07-06 2023-07-20",85.93,8.88,450,"1994-07-06 2023-07-20",23.79,4.02,450,"1994-07-06 2023-07-20",28.26,8.75,450,"1994-07-06 2023-07-20",6.42,3.3,450,"1994-07-06 2023-07-20",41.75,13.95,450,"1994-07-06 2023-07-20",10.65,2.7,450,"1994-07-06 2023-07-20",2.41,2.87,450,"1994-07-06 2023-07-20",2.38,5.56,450,"1994-07-06 2023-07-20",2.41,5.6,443,"1994-07-06 2023-07-20",0,0,443,"1994-07-06 2023-07-20",0,0,289,"1994-07-06 2019-07-20",,,,
2024-07-12,12.27,2.86,450,"1994-07-05 2023-07-19",86.04,8.9,450,"1994-07-05 2023-07-19",23.59,4.08,450,"1994-07-05 2023-07-19",28.15,8.63,450,"1994-07-05 2023-07-19",6.34,3.3,450,"1994-07-05 2023-07-19",42.15,13.85,450,"1994-07-05 2023-07-19",10.55,2.74,450,"1994-07-05 2023-07-19",2.41,2.87,450,"1994-07-05 2023-07-19",2.53,5.75,450,"1994-07-05 2023-07-19",2.57,5.79,443,"1994-07-05 2023-07-19",0,0,443,"1994-07-05 2023-07-19",0,0,290,"1994-07-05 2019-07-19",,,,
2024-07-11,12.2,2.86,450,"1994-07-04 2023-07-18",85.95,9.08,450,"1994-07-04 2023-07-18",23.42,4.22,450,"1994-07-04 2023-07-18",28.26,8.54,450,"1994-07-04 2023-07-18",6.27,3.34,450,"1994-07-04 2023-07-18",42.57,14.3,450,"1994-07-04 2023-07-18",10.5,2.72,450,"1994-07-04 2023-07-18",2.47,2.88,450,"1994-07-04 2023-07-18",2.8,6.16,450,"1994-07-04 2023-07-18",2.84,6.19,444,"1994-07-04 2023-07-18",0,0,444,"1994-07-04 2023-07-18",0,0,291,"1994-07-04 2019-07-18",,,,
2024-07-10,12.07,2.88,450,"1994-07-03 2023-07-17",85.64,9.42,450,"1994-07-03 2023-07-17",23.32,4.28,450,"1994-07-03 2023-07-17",28.42,8.71,450,"1994-07-03 2023-07-17",6.13,3.45,450,"1994-07-03 2023-07-17",42.56,14.53,450,"1994-07-03 2023-07-17",10.4,2.73,450,"1994-07-03 2023-07-17",2.53,2.94,450,"1994-07-03 2023-07-17",2.82,6.23,450,"1994-07-03 2023-07-17",2.84,6.26,445,"1994-07-03 2023-07-17",0,0,445,"1994-07-03 2023-07-17",0,0,292,"1994-07-03 2019-07-17",,,,
2024-07-09,11.95,3.01,450,"1994-07-02 2023-07-16",85.66,9.53,450,"1994-07-02 2023-07-16",23.19,4.31,450,"1994-07-02 2023-07-16",28.35,8.55,450,"1994-07-02 2023-07-16",6,3.52,450,"1994-07-02 2023-07-16",42.39,14.46,450,"1994-07-02 2023-07-16",10.34,2.76,450,"1994-07-02 2023-07-16",2.47,2.93,450,"1994-07-02 2023-07-16",2.83,6.32,450,"1994-07-02 2023-07-16",2.85,6.34,446,"1994-07-02 2023-07-16",0,0,446,"1994-07-02 2023-07-16",0,0,293,"1994-07-02 2019-07-16",,,,
2024-07-08,11.86,3.08,450,"1994-07-01 2023-07-15",85.51,9.69,450,"1994-07-01 2023-07-15",23.17,4.26,450,"1994-07-01 2023-07-15",28.53,8.64,450,"1994-07-01 2023-07-15",5.87,3.62,450,"1994-07-01 2023-07-15",42.09,14.48,450,"1994-07-01 2023-07-15",10.3,2.75,450,"1994-07-01 2023-07-15",2.41,2.96,450,"1994-07-01 2023-07-15",2.83,6.31,450,"1994-07-01 2023-07-15",2.84,6.32,447,"1994-07-01 2023-07-15",0,0,447,"1994-07-01 2023-07-15",0,0,293,"1994-07-01 2019-07-15",,,,
2024-07-07,11.81,3.09,450,"1994-06-30 2023-07-14",85.4,9.7,450,"1994-06-30 2023-07-14",23.12,4.22,450,"1994-06-30 2023-07-14",28.57,8.6,450,"1994-06-30 2023-07-14",5.81,3.7,450,"1994-06-30 2023-07-14",41.96,14.44,450,"1994-06-30 2023-07-14",10.29,2.77,450,"1994-06-30 2023-07-14",2.49,3.02,450,"1994-06-30 2023-07-14",2.7,6.09,450,"1994-06-30 2023-07-14",2.72,6.1,447,"1994-06-30 2023-07-14",0,0,447,"1994-06-30 2023-07-14",0,0,294,"1994-06-30 2019-07-14",,,,
2024-07-06,11.79,3.13,450,"1994-06-29 2023-07-13",85.41,9.71,450,"1994-06-29 2023-07-13",23.04,4.28,450,"1994-06-29 2023-07-13",28.59,8.6,450,"1994-06-29 2023-07-13",5.79,3.7,450,"1994-06-29 2023-07-13",42.22,14.52,450,"1994-06-29 2023-07-13",10.3,2.81,450,"1994-06-29 2023-07-13",2.48,2.99,450,"1994-06-29 2023-07-13",2.68,5.92,450,"1994-06-29 2023-07-13",2.69,5.93,448,"1994-06-29 2023-07-13",0,0,448,"1994-06-29 2023-07-13",0,0,295,"1994-06-29 2019-07-12",,,,
2024-07-05,11.72,3.13,450,"1994-06-28 2023-07-12",85.18,10,450,"1994-06-28 2023-07-12",22.95,4.27,450,"1994-06-28 2023-07-12",28.5,8.35,450,"1994-06-28 2023-07-12",5.72,3.7,450,"1994-06-28 2023-07-12",42.31,14.77,450,"1994-06-28 2023-07-12",10.24,2.85,450,"1994-06-28 2023-07-12",2.51,3.12,450,"1994-06-28 2023-07-12",2.62,5.95,450,"1994-06-28 2023-07-12",2.63,5.96,448,"1994-06-28 2023-07-12",0,0,448,"1994-06-28 2023-07-12",0,0,296,"1994-06-28 2019-07-12",,,,
2024-07-04,11.54,3.2,450,"1994-06-27 2023-07-11",84.99,10.27,450,"1994-06-27 2023-07-11",22.79,4.3,450,"1994-06-27 2023-07-11",28.56,8.3,450,"1994-06-27 2023-07-11",5.62,3.75,450,"1994-06-27 2023-07-11",42.47,14.95,450,"1994-06-27 2023-07-11",10.11,2.89,450,"1994-06-27 2023-07-11",2.59,3.19,450,"1994-06-27 2023-07-11",2.66,6,450,"1994-06-27 2023-07-11",2.68,6.02,447,"1994-06-27 2023-07-11",0,0,447,"1994-06-27 2023-07-11",0,0,297,"1994-06-27 2019-07-10",,,,
2024-07-03,11.35,3.25,450,"1994-06-26 2023-07-10",84.78,10.56,450,"1994-06-26 2023-07-10",22.67,4.45,450,"1994-06-26 2023-07-10",28.72,8.43,450,"1994-06-26 2023-07-10",5.46,3.77,450,"1994-06-26 2023-07-10",42.24,15.18,450,"1994-06-26 2023-07-10",10,2.89,450,"1994-06-26 2023-07-10",2.66,3.28,450,"1994-06-26 2023-07-10",2.51,5.65,450,"1994-06-26 2023-07-10",2.52,5.66,447,"1994-06-26 2023-07-10",0,0,447,"1994-06-26 2023-07-10",0,0,298,"1994-06-26 2019-07-10",,,,
2024-07-02,11.19,3.24,450,"1994-06-25 2023-07-09",84.78,10.55,450,"1994-06-25 2023-07-09",22.51,4.46,450,"1994-06-25 2023-07-09",29.04,8.68,450,"1994-06-25 2023-07-09",5.32,3.77,450,"1994-06-25 2023-07-09",42.33,15.31,450,"1994-06-25 2023-07-09",9.88,2.89,450,"1994-06-25 2023-07-09",2.72,3.31,450,"1994-06-25 2023-07-09",2.58,5.85,450,"1994-06-25 2023-07-09",2.59,5.87,447,"1994-06-25 2023-07-09",0,0,447,"1994-06-25 2023-07-09",0,0,298,"1994-06-25 2019-07-09",,,,
2024-07-01,11.02,3.21,450,"1994-06-24 2023-07-08",84.95,10.46,450,"1994-06-24 2023-07-08",22.19,4.46,450,"1994-06-24 2023-07-08",28.88,8.73,450,"1994-06-24 2023-07-08",5.18,3.76,450,"1994-06-24 2023-07-08",42.77,15.45,450,"1994-06-24 2023-07-08",9.67,2.9,450,"1994-06-24 2023-07-08",2.68,3.32,450,"1994-06-24 2023-07-08",2.69,5.94,450,"1994-06-24 2023-07-08",2.71,5.96,447,"1994-06-24 2023-07-08",0,0,447,"1994-06-24 2023-07-08",0,0,298,"1994-06-24 2019-07-08",,,,
2024-06-30,10.86,3.19,450,"1994-06-23 2023-07-07",85.07,10.34,450,"1994-06-23 2023-07-07",21.99,4.44,450,"1994-06-23 2023-07-07",28.87,8.5,450,"1994-06-23 2023-07-07",5.02,3.75,450,"1994-06-23 2023-07-07",42.72,15.29,450,"1994-06-23 2023-07-07",9.54,2.91,450,"1994-06-23 2023-07-07",2.69,3.28,450,"1994-06-23 2023-07-07",2.68,5.99,450,"1994-06-23 2023-07-07",2.69,6,448,"1994-06-23 2023-07-07",0,0,448,"1994-06-23 2023-07-07",0,0,298,"1994-06-23 2019-07-07",,,,
2024-06-29,10.69,3.2,450,"1994-06-22 2023-07-06",84.92,10.4,450,"1994-06-22 2023-07-06",21.89,4.48,450,"1994-06-22 2023-07-06",28.82,8.52,450,"1994-06-22 2023-07-06",4.86,3.72,450,"1994-06-22 2023-07-06",42.39,15.22,450,"1994-06-22 2023-07-06",9.43,2.92,450,"1994-06-22 2023-07-06",2.65,3.28,450,"1994-06-22 2023-07-06",2.59,5.9,450,"1994-06-22 2023-07-06",2.61,5.91,448,"1994-06-22 2023-07-06",0,0,448,"1994-06-22 2023-07-06",0,0,297,"1994-06-22 2019-07-06",,,,
2024-06-28,10.52,3.17,450,"1994-06-21 2023-07-05",84.93,10.39,450,"1994-06-21 2023-07-05",21.78,4.53,450,"1994-06-21 2023-07-05",28.85,8.45,450,"1994-06-21 2023-07-05",4.76,3.68,450,"1994-06-21 2023-07-05",42.04,15.19,450,"1994-06-21 2023-07-05",9.33,2.86,450,"1994-06-21 2023-07-05",2.65,3.3,450,"1994-06-21 2023-07-05",2.79,6.45,450,"1994-06-21 2023-07-05",2.79,6.46,449,"1994-06-21 2023-07-05",0,0,449,"1994-06-21 2023-07-05",0,0,296,"1994-06-21 2019-07-05",,,,
2024-06-27,10.41,3.13,450,"1994-06-20 2023-07-04",84.88,10.4,450,"1994-06-20 2023-07-04",21.67,4.57,450,"1994-06-20 2023-07-04",28.82,8.48,450,"1994-06-20 2023-07-04",4.66,3.64,450,"1994-06-20 2023-07-04",41.89,15.31,450,"1994-06-20 2023-07-04",9.24,2.88,450,"1994-06-20 2023-07-04",2.66,3.42,450,"1994-06-20 2023-07-04",2.87,6.75,450,"1994-06-20 2023-07-04",2.87,6.76,449,"1994-06-20 2023-07-04",0,0,449,"1994-06-20 2023-07-04",0,0,295,"1994-06-20 2019-07-04",,,,
2024-06-26,10.25,3.13,450,"1994-06-19 2023-07-03",84.97,10.38,450,"1994-06-19 2023-07-03",21.54,4.47,450,"1994-06-19 2023-07-03",28.79,8.49,450,"1994-06-19 2023-07-03",4.51,3.64,450,"1994-06-19 2023-07-03",41.58,15.06,450,"1994-06-19 2023-07-03",9.08,2.89,450,"1994-06-19 2023-07-03",2.68,3.45,450,"1994-06-19 2023-07-03",2.63,6.29,450,"1994-06-19 2023-07-03",2.64,6.3,449,"1994-06-19 2023-07-03",0,0,449,"1994-06-19 2023-07-03",0,0,294,"1994-06-19 2019-07-03",,,,
2024-06-25,10.13,3.1,450,"1994-06-18 2023-07-02",85.31,10.15,450,"1994-06-18 2023-07-02",21.29,4.51,450,"1994-06-18 2023-07-02",28.64,8.43,450,"1994-06-18 2023-07-02",4.44,3.57,450,"1994-06-18 2023-07-02",41.88,15.19,450,"1994-06-18 2023-07-02",8.94,2.88,450,"1994-06-18 2023-07-02",2.7,3.52,450,"1994-06-18 2023-07-02",2.87,6.55,450,"1994-06-18 2023-07-02",2.88,6.55,449,"1994-06-18 2023-07-02",0,0,449,"1994-06-18 2023-07-02",0,0,293,"1994-06-18 2019-07-02",,,,
2024-06-24,9.99,3.02,450,"1994-06-17 2023-07-01",85.23,10.28,450,"1994-06-17 2023-07-01",21.12,4.53,450,"1994-06-17 2023-07-01",28.79,8.47,450,"1994-06-17 2023-07-01",4.33,3.5,450,"1994-06-17 2023-07-01",42.03,15.5,450,"1994-06-17 2023-07-01",8.8,2.85,450,"1994-06-17 2023-07-01",2.74,3.53,450,"1994-06-17 2023-07-01",2.93,6.59,450,"1994-06-17 2023-07-01",2.94,6.6,449,"1994-06-17 2023-07-01",0,0,449,"1994-06-17 2023-07-01",0,0,292,"1994-06-17 2019-06-30",,,,
2024-06-23,9.8,2.93,450,"1994-06-16 2023-06-30",85.21,10.31,450,"1994-06-16 2023-06-30",20.87,4.51,450,"1994-06-16 2023-06-30",29.01,8.43,450,"1994-06-16 2023-06-30",4.18,3.43,450,"1994-06-16 2023-06-30",42.32,15.64,450,"1994-06-16 2023-06-30",8.64,2.82,450,"1994-06-16 2023-06-30",2.81,3.53,450,"1994-06-16 2023-06-30",2.98,6.6,450,"1994-06-16 2023-06-30",2.96,6.58,448,"1994-06-16 2023-06-30",0,0,449,"1994-06-16 2023-06-30",0,0,292,"1994-06-16 2019-06-30",,,,
2024-06-22,9.56,2.96,450,"1994-06-15 2023-06-29",85.3,10.25,450,"1994-06-15 2023-06-29",20.59,4.51,450,"1994-06-15 2023-06-29",29.24,8.63,450,"1994-06-15 2023-06-29",4.01,3.39,450,"1994-06-15 2023-06-29",42.5,15.63,450,"1994-06-15 2023-06-29",8.43,2.77,450,"1994-06-15 2023-06-29",2.89,3.67,450,"1994-06-15 2023-06-29",3.09,6.67,450,"1994-06-15 2023-06-29",3.07,6.67,447,"1994-06-15 2023-06-29",0,0,448,"1994-06-15 2023-06-29",0,0,291,"1994-06-15 2019-06-29",,,,
2024-06-21,9.37,2.91,450,"1994-06-14 2023-06-28",85.26,10.36,450,"1994-06-14 2023-06-28",20.32,4.46,450,"1994-06-14 2023-06-28",29.35,8.79,450,"1994-06-14 2023-06-28",3.84,3.35,450,"1994-06-14 2023-06-28",42.67,15.58,450,"1994-06-14 2023-06-28",8.25,2.67,450,"1994-06-14 2023-06-28",3,3.81,450,"1994-06-14 2023-06-28",3.24,6.95,450,"1994-06-14 2023-06-28",3.22,6.95,447,"1994-06-14 2023-06-28",0,0,448,"1994-06-14 2023-06-28",0,0,290,"1994-06-14 2019-06-27",,,,
2024-06-20,9.19,2.88,450,"1994-06-13 2023-06-27",85.25,10.56,450,"1994-06-13 2023-06-27",20.18,4.39,450,"1994-06-13 2023-06-27",29.39,8.83,450,"1994-06-13 2023-06-27",3.65,3.34,450,"1994-06-13 2023-06-27",42.63,15.53,450,"1994-06-13 2023-06-27",8.08,2.6,450,"1994-06-13 2023-06-27",2.92,3.72,450,"1994-06-13 2023-06-27",3.4,7.32,450,"1994-06-13 2023-06-27",3.38,7.32,447,"1994-06-13 2023-06-27",0,0,448,"1994-06-13 2023-06-27",0,0,290,"1994-06-13 2019-06-27",,,,
2024-06-19,9.01,2.95,450,"1994-06-12 2023-06-26",85.24,10.83,450,"1994-06-12 2023-06-26",20.03,4.32,450,"1994-06-12 2023-06-26",29.33,8.74,450,"1994-06-12 2023-06-26",3.47,3.39,450,"1994-06-12 2023-06-26",42.47,15.65,450,"1994-06-12 2023-06-26",7.95,2.6,450,"1994-06-12 2023-06-26",2.88,3.72,450,"1994-06-12 2023-06-26",3.4,7.32,450,"1994-06-12 2023-06-26",3.37,7.32,448,"1994-06-12 2023-06-26",0,0,449,"1994-06-12 2023-06-26",0,0,289,"1994-06-12 2019-06-26",,,,
2024-06-18,8.92,2.95,450,"1994-06-11 2023-06-25",85.33,10.79,450,"1994-06-11 2023-06-25",19.86,4.21,450,"1994-06-11 2023-06-25",29.32,8.69,450,"1994-06-11 2023-06-25",3.33,3.48,450,"1994-06-11 2023-06-25",42.46,15.57,450,"1994-06-11 2023-06-25",7.83,2.59,450,"1994-06-11 2023-06-25",2.88,3.64,450,"1994-06-11 2023-06-25",3.53,7.58,450,"1994-06-11 2023-06-25",3.51,7.58,447,"1994-06-11 2023-06-25",0,0,448,"1994-06-11 2023-06-25",0,0,288,"1994-06-11 2019-06-25",,,,
2024-06-17,8.73,2.97,450,"1994-06-10 2023-06-24",85.26,10.88,450,"1994-06-10 2023-06-24",19.64,4.26,450,"1994-06-10 2023-06-24",29.2,8.54,450,"1994-06-10 2023-06-24",3.21,3.51,450,"1994-06-10 2023-06-24",42.69,15.9,450,"1994-06-10 2023-06-24",7.72,2.62,450,"1994-06-10 2023-06-24",2.91,3.69,450,"1994-06-10 2023-06-24",3.6,7.57,450,"1994-06-10 2023-06-24",3.59,7.58,446,"1994-06-10 2023-06-24",0,0,447,"1994-06-10 2023-06-24",0,0,287,"1994-06-10 2019-06-24",,,,
2024-06-16,8.6,2.97,450,"1994-06-09 2023-06-23",85.1,11.03,450,"1994-06-09 2023-06-23",19.52,4.29,450,"1994-06-09 2023-06-23",29.22,8.35,450,"1994-06-09 2023-06-23",3.02,3.54,450,"1994-06-09 2023-06-23",42.5,16.15,450,"1994-06-09 2023-06-23",7.62,2.66,450,"1994-06-09 2023-06-23",2.98,3.65,450,"1994-06-09 2023-06-23",3.44,7.44,450,"1994-06-09 2023-06-23",3.43,7.45,446,"1994-06-09 2023-06-23",0,0,447,"1994-06-09 2023-06-23",0,0,286,"1994-06-09 2019-06-23",,,,
2024-06-15,8.45,3.01,450,"1994-06-08 2023-06-22",85.08,11.12,450,"1994-06-08 2023-06-22",19.4,4.42,450,"1994-06-08 2023-06-22",29.23,8.28,450,"1994-06-08 2023-06-22",2.86,3.56,450,"1994-06-08 2023-06-22",42.45,16.47,450,"1994-06-08 2023-06-22",7.5,2.76,450,"1994-06-08 2023-06-22",2.97,3.66,450,"1994-06-08 2023-06-22",3.47,7.44,450,"1994-06-08 2023-06-22",3.47,7.45,446,"1994-06-08 2023-06-22",0,0,447,"1994-06-08 2023-06-22",0,0,285,"1994-06-08 2012-06-22",,,,
2024-06-14,8.27,3.03,450,"1994-06-07 2023-06-21",84.9,11.3,450,"1994-06-07 2023-06-21",19.18,4.52,450,"1994-06-07 2023-06-21",29.36,8.39,450,"1994-06-07 2023-06-21",2.71,3.6,450,"1994-06-07 2023-06-21",42.67,16.74,450,"1994-06-07 2023-06-21",7.37,2.83,450,"1994-06-07 2023-06-21",3.09,3.76,450,"1994-06-07 2023-06-21",3.62,7.86,450,"1994-06-07 2023-06-21",3.61,7.87,446,"1994-06-07 2023-06-21",0,0,447,"1994-06-07 2023-06-21",0,0,285,"1994-06-07 2012-06-21",,,,
2024-06-13,8.15,3.07,450,"1994-06-06 2023-06-20",84.87,11.51,450,"1994-06-06 2023-06-20",18.99,4.51,450,"1994-06-06 2023-06-20",29.53,8.53,450,"1994-06-06 2023-06-20",2.58,3.63,450,"1994-06-06 2023-06-20",42.97,16.74,450,"1994-06-06 2023-06-20",7.28,2.88,450,"1994-06-06 2023-06-20",3.21,3.78,450,"1994-06-06 2023-06-20",3.85,8.01,450,"1994-06-06 2023-06-20",3.84,8.02,446,"1994-06-06 2023-06-20",0.01,0.15,447,"1994-06-06 2023-06-20",0,0,285,"1994-06-06 2012-06-20",,,,
2024-06-12,8.12,3.11,450,"1994-06-05 2023-06-19",84.92,11.49,450,"1994-06-05 2023-06-19",18.99,4.51,450,"1994-06-05 2023-06-19",29.87,8.5,450,"1994-06-05 2023-06-19",2.55,3.7,450,"1994-06-05 2023-06-19",42.81,16.72,450,"1994-06-05 2023-06-19",7.27,2.93,450,"1994-06-05 2023-06-19",3.24,3.72,450,"1994-06-05 2023-06-19",3.99,8.6,450,"1994-06-05 2023-06-19",3.98,8.61,446,"1994-06-05 2023-06-19",0.01,0.15,447,"1994-06-05 2023-06-19",0,0,285,"1994-06-05 2012-06-19",,,,
2024-06-11,8.1,3.13,450,"1994-06-04 2023-06-18",84.69,11.72,450,"1994-06-04 2023-06-18",19.06,4.6,450,"1994-06-04 2023-06-18",29.85,8.65,450,"1994-06-04 2023-06-18",2.49,3.74,450,"1994-06-04 2023-06-18",42.58,16.79,450,"1994-06-04 2023-06-18",7.26,2.94,450,"1994-06-04 2023-06-18",3.23,3.71,450,"1994-06-04 2023-06-18",3.94,8.57,450,"1994-06-04 2023-06-18",3.93,8.59,446,"1994-06-04 2023-06-18",0.01,0.15,447,"1994-06-04 2023-06-18",0,0,285,"1994-06-04 2012-06-18",,,,
2024-06-10,8.01,3.14,450,"1994-06-03 2023-06-17",84.27,11.97,450,"1994-06-03 2023-06-17",19.17,4.63,450,"1994-06-03 2023-06-17",29.96,8.58,450,"1994-06-03 2023-06-17",2.35,3.81,450,"1994-06-03 2023-06-17",42.01,16.99,450,"1994-06-03 2023-06-17",7.22,2.94,450,"1994-06-03 2023-06-17",3.12,3.64,450,"1994-06-03 2023-06-17",3.8,8.41,450,"1994-06-03 2023-06-17",3.79,8.42,446,"1994-06-03 2023-06-17",0.01,0.15,447,"1994-06-03 2023-06-17",0,0,285,"1994-06-03 2012-06-17",,,,
2024-06-09,7.87,3.11,450,"1994-06-02 2023-06-16",84.05,11.97,450,"1994-06-02 2023-06-16",19.2,4.65,450,"1994-06-02 2023-06-16",29.89,8.64,450,"1994-06-02 2023-06-16",2.2,3.83,450,"1994-06-02 2023-06-16",41.52,16.96,450,"1994-06-02 2023-06-16",7.17,2.99,450,"1994-06-02 2023-06-16",3.13,3.65,450,"1994-06-02 2023-06-16",3.81,8.45,450,"1994-06-02 2023-06-16",3.79,8.46,446,"1994-06-02 2023-06-16",0.01,0.15,447,"1994-06-02 2023-06-16",0,0,285,"1994-06-02 2012-06-16",,,,
2024-06-08,7.77,3.15,450,"1994-06-01 2023-06-15",83.84,12.05,450,"1994-06-01 2023-06-15",19.19,4.65,450,"1994-06-01 2023-06-15",29.65,8.68,450,"1994-06-01 2023-06-15",2.13,3.84,450,"1994-06-01 2023-06-15",41.19,16.85,450,"1994-06-01 2023-06-15",7.12,3.04,450,"1994-06-01 2023-06-15",3.07,3.69,450,"1994-06-01 2023-06-15",3.71,8.39,450,"1994-06-01 2023-06-15",3.72,8.41,447,"1994-06-01 2023-06-15",0.01,0.15,447,"1994-06-01 2023-06-15",0,0,285,"1994-06-01 2012-06-15",,,,
2024-06-07,7.68,3.16,450,"1994-05-31 2023-06-14",83.51,12.32,450,"1994-05-31 2023-06-14",19.28,4.67,450,"1994-05-31 2023-06-14",29.46,8.52,450,"1994-05-31 2023-06-14",1.94,3.86,450,"1994-05-31 2023-06-14",40.63,16.81,450,"1994-05-31 2023-06-14",7.08,3.05,450,"1994-05-31 2023-06-14",2.96,3.55,450,"1994-05-31 2023-06-14",3.62,8.43,450,"1994-05-31 2023-06-14",3.63,8.45,447,"1994-05-31 2023-06-14",0.01,0.15,447,"1994-05-31 2023-06-14",0,0,286,"1994-05-31 2023-05-31",,,,
2024-06-06,7.47,3.24,450,"1994-05-30 2023-06-13",82.94,12.93,450,"1994-05-30 2023-06-13",19.35,4.68,450,"1994-05-30 2023-06-13",29.34,8.33,450,"1994-05-30 2023-06-13",1.71,3.93,450,"1994-05-30 2023-06-13",39.84,16.79,450,"1994-05-30 2023-06-13",6.97,3.09,450,"1994-05-30 2023-06-13",2.94,3.51,450,"1994-05-30 2023-06-13",3.41,8.2,450,"1994-05-30 2023-06-13",3.43,8.23,446,"1994-05-30 2023-06-13",0.01,0.15,447,"1994-05-30 2023-06-13",0,0,287,"1994-05-30 2023-05-31",,,,
2024-06-05,7.26,3.23,450,"1994-05-29 2023-06-12",82.71,13.12,450,"1994-05-29 2023-06-12",19.2,4.75,450,"1994-05-29 2023-06-12",29.27,8.46,450,"1994-05-29 2023-06-12",1.53,3.94,450,"1994-05-29 2023-06-12",39.56,16.92,450,"1994-05-29 2023-06-12",6.86,3.08,450,"1994-05-29 2023-06-12",3.11,3.6,450,"1994-05-29 2023-06-12",3.22,7.78,450,"1994-05-29 2023-06-12",3.21,7.79,446,"1994-05-29 2023-06-12",0.03,0.58,447,"1994-05-29 2023-06-12",0,0.12,287,"1994-05-29 2023-05-31",,,,
2024-06-04,7.17,3.21,450,"1994-05-28 2023-06-11",82.56,13.19,450,"1994-05-28 2023-06-11",19.1,4.83,450,"1994-05-28 2023-06-11",29.35,8.5,450,"1994-05-28 2023-06-11",1.4,3.94,450,"1994-05-28 2023-06-11",39.58,17.18,450,"1994-05-28 2023-06-11",6.77,3.06,450,"1994-05-28 2023-06-11",3.16,3.64,450,"1994-05-28 2023-06-11",3.16,7.72,450,"1994-05-28 2023-06-11",3.14,7.73,446,"1994-05-28 2023-06-11",0.04,0.6,447,"1994-05-28 2023-06-11",0,0.12,287,"1994-05-28 2023-05-31",,,,
2024-06-03,7.03,3.21,450,"1994-05-27 2023-06-10",82.48,13.33,450,"1994-05-27 2023-06-10",19.09,4.91,450,"1994-05-27 2023-06-10",29.32,8.5,450,"1994-05-27 2023-06-10",1.26,3.9,450,"1994-05-27 2023-06-10",39.37,17.48,450,"1994-05-27 2023-06-10",6.64,3.09,450,"1994-05-27 2023-06-10",3.11,3.65,450,"1994-05-27 2023-06-10",3.19,7.75,450,"1994-05-27 2023-06-10",3.16,7.74,447,"1994-05-27 2023-06-10",0.05,0.61,448,"1994-05-27 2023-06-10",0,0.12,287,"1994-05-27 2023-05-31",,,,
2024-06-02,6.93,3.21,450,"1994-05-26 2023-06-09",82.49,13.37,450,"1994-05-26 2023-06-09",19.07,4.89,450,"1994-05-26 2023-06-09",29.26,8.58,450,"1994-05-26 2023-06-09",1.12,3.92,450,"1994-05-26 2023-06-09",39.04,17.57,450,"1994-05-26 2023-06-09",6.53,3.11,450,"1994-05-26 2023-06-09",3.08,3.68,450,"1994-05-26 2023-06-09",3.13,7.74,450,"1994-05-26 2023-06-09",3.09,7.72,448,"1994-05-26 2023-06-09",0.05,0.6,449,"1994-05-26 2023-06-09",0,0.12,287,"1994-05-26 2023-05-31",,,,
2024-06-01,6.8,3.2,450,"1994-05-25 2023-06-08",82.29,13.39,450,"1994-05-25 2023-06-08",19.04,4.95,450,"1994-05-25 2023-06-08",29.35,8.68,450,"1994-05-25 2023-06-08",1.07,3.86,450,"1994-05-25 2023-06-08",38.85,17.47,450,"1994-05-25 2023-06-08",6.44,3.09,450,"1994-05-25 2023-06-08",3.16,3.79,450,"1994-05-25 2023-06-08",3.15,7.74,450,"1994-05-25 2023-06-08",3.11,7.72,448,"1994-05-25 2023-06-08",0.05,0.6,449,"1994-05-25 2023-06-08",0,0.12,288,"1994-05-25 2023-05-31",,,,
2024-05-31,6.64,3.21,450,"1994-05-24 2023-06-07",82.13,13.56,450,"1994-05-24 2023-06-07",18.92,5.06,450,"1994-05-24 2023-06-07",29.6,8.8,450,"1994-05-24 2023-06-07",0.99,3.86,450,"1994-05-24 2023-06-07",39.1,17.89,450,"1994-05-24 2023-06-07",6.3,3.09,450,"1994-05-24 2023-06-07",3.18,3.89,450,"1994-05-24 2023-06-07",3.26,8.04,450,"1994-05-24 2023-06-07",3.21,8.02,448,"1994-05-24 2023-06-07",0.07,0.72,449,"1994-05-24 2023-06-07",0,0.43,289,"1994-05-24 2023-05-31",,,,
2024-05-30,6.51,3.26,450,"1994-05-23 2023-06-06",81.94,13.87,450,"1994-05-23 2023-06-06",18.87,5.09,450,"1994-05-23 2023-06-06",29.46,8.69,450,"1994-05-23 2023-06-06",0.83,3.91,450,"1994-05-23 2023-06-06",38.84,17.85,450,"1994-05-23 2023-06-06",6.15,3.15,450,"1994-05-23 2023-06-06",3.12,3.82,450,"1994-05-23 2023-06-06",3.14,7.69,450,"1994-05-23 2023-06-06",3.09,7.67,448,"1994-05-23 2023-06-06",0.07,0.72,449,"1994-05-23 2023-06-06",0,0.43,289,"1994-05-23 2023-05-31",,,,
2024-05-29,6.27,3.33,450,"1994-05-22 2023-06-05",81.72,13.92,450,"1994-05-22 2023-06-05",18.73,5.3,450,"1994-05-22 2023-06-05",29.28,8.6,450,"1994-05-22 2023-06-05",0.63,3.96,450,"1994-05-22 2023-06-05",38.75,18.46,450,"1994-05-22 2023-06-05",5.98,3.25,450,"1994-05-22 2023-06-05",3.01,3.88,450,"1994-05-22 2023-06-05",2.82,7.12,450,"1994-05-22 2023-06-05",2.77,7.11,447,"1994-05-22 2023-06-05",0.07,0.72,448,"1994-05-22 2023-06-05",0.1,0.5,290,"1994-05-22 2023-05-31",,,,
2024-05-28,5.96,3.34,450,"1994-05-21 2023-06-04",81.42,14.09,450,"1994-05-21 2023-06-04",18.46,5.48,450,"1994-05-21 2023-06-04",29.04,8.86,450,"1994-05-21 2023-06-04",0.29,3.97,450,"1994-05-21 2023-06-04",38.78,18.9,450,"1994-05-21 2023-06-04",5.71,3.31,450,"1994-05-21 2023-06-04",3.1,4.05,450,"1994-05-21 2023-06-04",2.62,6.15,450,"1994-05-21 2023-06-04",2.53,6.1,447,"1994-05-21 2023-06-04",0.1,0.85,448,"1994-05-21 2023-06-04",0.1,1.32,290,"1994-05-21 2023-05-31",,,,
2024-05-27,5.68,3.38,450,"1994-05-20 2023-06-03",81.44,14.13,450,"1994-05-20 2023-06-03",18.12,5.62,450,"1994-05-20 2023-06-03",28.98,8.79,450,"1994-05-20 2023-06-03",0.07,3.97,450,"1994-05-20 2023-06-03",39.08,19.22,450,"1994-05-20 2023-06-03",5.45,3.37,450,"1994-05-20 2023-06-03",3.14,4.17,450,"1994-05-20 2023-06-03",2.66,6.17,449,"1994-05-20 2023-06-03",2.52,6.04,444,"1994-05-20 2023-06-03",0.17,1.57,447,"1994-05-20 2023-06-03",0.2,1.35,290,"1994-05-20 2023-05-31",,,,
2024-05-26,5.47,3.37,450,"1994-05-19 2023-06-02",81.6,14,450,"1994-05-19 2023-06-02",17.86,5.63,450,"1994-05-19 2023-06-02",29.2,9,450,"1994-05-19 2023-06-02",-0.1,3.95,450,"1994-05-19 2023-06-02",39.2,18.92,450,"1994-05-19 2023-06-02",5.23,3.41,450,"1994-05-19 2023-06-02",3.25,4.21,450,"1994-05-19 2023-06-02",2.58,6.11,449,"1994-05-19 2023-06-02",2.44,5.98,444,"1994-05-19 2023-06-02",0.17,1.57,447,"1994-05-19 2023-06-02",0.2,1.35,290,"1994-05-19 2023-05-31",,,,
2024-05-25,5.32,3.39,450,"1994-05-18 2023-06-01",81.67,14,450,"1994-05-18 2023-06-01",17.64,5.64,450,"1994-05-18 2023-06-01",29.35,9,450,"1994-05-18 2023-06-01",-0.29,3.96,450,"1994-05-18 2023-06-01",39.24,18.78,450,"1994-05-18 2023-06-01",5.06,3.4,450,"1994-05-18 2023-06-01",3.29,4.21,450,"1994-05-18 2023-06-01",2.41,5.84,449,"1994-05-18 2023-06-01",2.28,5.71,442,"1994-05-18 2023-06-01",0.17,1.57,445,"1994-05-18 2023-06-01",0.2,1.35,290,"1994-05-18 2023-05-31",,,,
2024-05-24,5.18,3.36,450,"1994-05-17 2023-05-31",81.65,14,450,"1994-05-17 2023-05-31",17.5,5.75,450,"1994-05-17 2023-05-31",29.54,9.11,450,"1994-05-17 2023-05-31",-0.48,3.91,450,"1994-05-17 2023-05-31",39.15,18.92,450,"1994-05-17 2023-05-31",4.89,3.37,450,"1994-05-17 2023-05-31",3.35,4.25,450,"1994-05-17 2023-05-31",2.43,5.86,449,"1994-05-17 2023-05-31",2.29,5.73,442,"1994-05-17 2023-05-31",0.17,1.57,445,"1994-05-17 2023-05-31",0.2,1.35,290,"1994-05-17 2023-05-31",,,,
2024-05-23,5.05,3.29,450,"1994-05-16 2023-05-30",81.59,14.04,450,"1994-05-16 2023-05-30",17.43,5.79,450,"1994-05-16 2023-05-30",29.62,9.14,450,"1994-05-16 2023-05-30",-0.62,3.85,450,"1994-05-16 2023-05-30",38.91,19.04,450,"1994-05-16 2023-05-30",4.76,3.4,450,"1994-05-16 2023-05-30",3.34,4.24,450,"1994-05-16 2023-05-30",2.37,5.67,449,"1994-05-16 2023-05-30",2.23,5.52,442,"1994-05-16 2023-05-30",0.18,1.57,445,"1994-05-16 2023-05-30",0.2,1.35,290,"1994-05-16 2023-05-30",,,,
2024-05-22,4.94,3.26,450,"1994-05-15 2023-05-29",81.61,14.07,450,"1994-05-15 2023-05-29",17.37,5.84,450,"1994-05-15 2023-05-29",29.72,9.22,450,"1994-05-15 2023-05-29",-0.71,3.86,450,"1994-05-15 2023-05-29",38.83,19.06,450,"1994-05-15 2023-05-29",4.66,3.41,450,"1994-05-15 2023-05-29",3.33,4.22,450,"1994-05-15 2023-05-29",2.36,5.67,449,"1994-05-15 2023-05-29",2.22,5.52,443,"1994-05-15 2023-05-29",0.18,1.57,445,"1994-05-15 2023-05-29",0.2,1.35,289,"1994-05-15 2023-05-25",,,,
2024-05-21,4.77,3.26,450,"1994-05-14 2023-05-28",81.33,14.33,450,"1994-05-14 2023-05-28",17.35,5.8,450,"1994-05-14 2023-05-28",29.86,9.29,450,"1994-05-14 2023-05-28",-0.93,3.86,450,"1994-05-14 2023-05-28",38.3,18.92,450,"1994-05-14 2023-05-28",4.5,3.42,450,"1994-05-14 2023-05-28",3.23,4.24,450,"1994-05-14 2023-05-28",2.28,5.62,449,"1994-05-14 2023-05-28",2.15,5.49,443,"1994-05-14 2023-05-28",0.15,1.47,445,"1994-05-14 2023-05-28",0.2,1.35,289,"1994-05-14 2023-05-25",,,,
2024-05-20,4.54,3.26,450,"1994-05-13 2023-05-27",80.92,14.37,450,"1994-05-13 2023-05-27",17.25,5.75,450,"1994-05-13 2023-05-27",29.83,9.22,450,"1994-05-13 2023-05-27",-1.14,3.83,450,"1994-05-13 2023-05-27",37.8,18.52,450,"1994-05-13 2023-05-27",4.33,3.48,450,"1994-05-13 2023-05-27",3.13,4.15,450,"1994-05-13 2023-05-27",2.25,5.62,449,"1994-05-13 2023-05-27",2.14,5.5,443,"1994-05-13 2023-05-27",0.14,1.46,445,"1994-05-13 2023-05-27",0.2,1.35,289,"1994-05-13 2023-05-25",,,,
2024-05-19,4.31,3.33,450,"1994-05-12 2023-05-26",80.58,14.52,450,"1994-05-12 2023-05-26",17.17,5.78,450,"1994-05-12 2023-05-26",29.83,9.25,450,"1994-05-12 2023-05-26",-1.4,3.85,450,"1994-05-12 2023-05-26",37.22,18.25,450,"1994-05-12 2023-05-26",4.13,3.55,450,"1994-05-12 2023-05-26",3.17,4.16,450,"1994-05-12 2023-05-26",2.09,5.22,449,"1994-05-12 2023-05-26",1.97,5.09,443,"1994-05-12 2023-05-26",0.14,1.46,445,"1994-05-12 2023-05-26",0.2,1.39,289,"1994-05-12 2023-05-25",,,,
2024-05-18,3.98,3.4,450,"1994-05-11 2023-05-25",80.09,14.63,450,"1994-05-11 2023-05-25",17.06,5.89,450,"1994-05-11 2023-05-25",29.76,9.09,450,"1994-05-11 2023-05-25",-1.74,3.88,450,"1994-05-11 2023-05-25",36.57,18.04,450,"1994-05-11 2023-05-25",3.84,3.62,450,"1994-05-11 2023-05-25",3.13,4.13,450,"1994-05-11 2023-05-25",1.95,5.04,449,"1994-05-11 2023-05-25",1.79,4.83,442,"1994-05-11 2023-05-25",0.2,1.74,444,"1994-05-11 2023-05-25",0.2,1.41,290,"1994-05-11 2023-05-25",,,,
2024-05-17,3.69,3.41,450,"1994-05-10 2023-05-24",80.21,14.61,450,"1994-05-10 2023-05-24",16.77,5.92,450,"1994-05-10 2023-05-24",29.54,9.1,450,"1994-05-10 2023-05-24",-2.07,3.9,450,"1994-05-10 2023-05-24",36.34,17.93,450,"1994-05-10 2023-05-24",3.53,3.69,450,"1994-05-10 2023-05-24",3.12,4.11,450,"1994-05-10 2023-05-24",1.9,5.05,449,"1994-05-10 2023-05-24",1.7,4.8,441,"1994-05-10 2023-05-24",0.23,1.78,443,"1994-05-10 2023-05-24",0.2,1.46,292,"1994-05-10 2023-05-24",,,,
2024-05-16,3.49,3.41,450,"1994-05-09 2023-05-23",80.21,14.53,450,"1994-05-09 2023-05-23",16.52,5.92,450,"1994-05-09 2023-05-23",29.57,9.05,450,"1994-05-09 2023-05-23",-2.37,3.87,450,"1994-05-09 2023-05-23",36.05,17.52,450,"1994-05-09 2023-05-23",3.34,3.7,450,"1994-05-09 2023-05-23",3.18,4.08,450,"1994-05-09 2023-05-23",1.65,4.29,449,"1994-05-09 2023-05-23",1.43,3.97,441,"1994-05-09 2023-05-23",0.25,1.77,443,"1994-05-09 2023-05-23",0.2,1.49,293,"1994-05-09 2023-05-22",,,,
2024-05-15,3.29,3.42,450,"1994-05-08 2023-05-22",80.29,14.34,450,"1994-05-08 2023-05-22",16.3,5.93,450,"1994-05-08 2023-05-22",29.73,9.09,450,"1994-05-08 2023-05-22",-2.57,3.92,450,"1994-05-08 2023-05-22",36.12,17.78,450,"1994-05-08 2023-05-22",3.17,3.74,450,"1994-05-08 2023-05-22",3.25,4.14,450,"1994-05-08 2023-05-22",1.59,4.14,449,"1994-05-08 2023-05-22",1.36,3.79,441,"1994-05-08 2023-05-22",0.27,1.79,443,"1994-05-08 2023-05-22",0.3,1.76,296,"1994-05-08 2023-05-22",,,,
2024-05-14,3.14,3.4,450,"1994-05-07 2023-05-21",80.11,14.39,450,"1994-05-07 2023-05-21",16.18,5.94,450,"1994-05-07 2023-05-21",30.04,9.3,450,"1994-05-07 2023-05-21",-2.79,3.9,450,"1994-05-07 2023-05-21",35.76,17.2,450,"1994-05-07 2023-05-21",3.02,3.79,450,"1994-05-07 2023-05-21",3.33,4.25,450,"1994-05-07 2023-05-21",1.37,3.65,449,"1994-05-07 2023-05-21",1.13,3.22,442,"1994-05-07 2023-05-21",0.28,1.79,444,"1994-05-07 2023-05-21",0.4,2.16,298,"1994-05-07 2023-05-10",,,,
2024-05-13,2.98,3.4,450,"1994-05-06 2023-05-20",79.93,14.37,450,"1994-05-06 2023-05-20",16.05,6.03,450,"1994-05-06 2023-05-20",30.22,9.1,450,"1994-05-06 2023-05-20",-2.96,3.89,450,"1994-05-06 2023-05-20",35.66,17.24,450,"1994-05-06 2023-05-20",2.89,3.82,450,"1994-05-06 2023-05-20",3.3,4.21,450,"1994-05-06 2023-05-20",1.23,3.28,449,"1994-05-06 2023-05-20",0.99,2.82,442,"1994-05-06 2023-05-20",0.29,1.84,444,"1994-05-06 2023-05-20",0.4,1.88,301,"1994-05-06 2023-05-10",,,,
2024-05-12,2.79,3.34,450,"1994-05-05 2023-05-19",79.66,14.39,450,"1994-05-05 2023-05-19",15.96,6.14,450,"1994-05-05 2023-05-19",30.36,9.09,450,"1994-05-05 2023-05-19",-3.14,3.82,450,"1994-05-05 2023-05-19",35.46,17.44,450,"1994-05-05 2023-05-19",2.78,3.83,450,"1994-05-05 2023-05-19",3.3,4.16,450,"1994-05-05 2023-05-19",1.17,3.14,450,"1994-05-05 2023-05-19",0.91,2.7,445,"1994-05-05 2023-05-19",0.3,1.53,445,"1994-05-05 2023-05-19",0.4,1.88,304,"1994-05-05 2023-05-10",,,,
2024-05-11,2.55,3.29,450,"1994-05-04 2023-05-18",79.2,14.75,450,"1994-05-04 2023-05-18",15.84,6.32,450,"1994-05-04 2023-05-18",30.14,9.02,450,"1994-05-04 2023-05-18",-3.36,3.73,450,"1994-05-04 2023-05-18",35.26,17.89,450,"1994-05-04 2023-05-18",2.66,3.83,450,"1994-05-04 2023-05-18",3.32,4.16,450,"1994-05-04 2023-05-18",1.14,3.04,450,"1994-05-04 2023-05-18",0.84,2.55,445,"1994-05-04 2023-05-18",0.35,1.59,445,"1994-05-04 2023-05-18",0.4,1.91,306,"1994-05-04 2023-05-10",,,,
2024-05-10,2.31,3.2,450,"1994-05-03 2023-05-17",79.11,14.91,450,"1994-05-03 2023-05-17",15.71,6.49,450,"1994-05-03 2023-05-17",30.33,9.13,450,"1994-05-03 2023-05-17",-3.59,3.62,450,"1994-05-03 2023-05-17",35.16,18.29,450,"1994-05-03 2023-05-17",2.43,3.79,450,"1994-05-03 2023-05-17",3.32,4.18,450,"1994-05-03 2023-05-17",1.27,3.59,450,"1994-05-03 2023-05-17",0.92,3.11,446,"1994-05-03 2023-05-17",0.4,1.71,446,"1994-05-03 2023-05-17",0.4,1.91,308,"1994-05-03 2023-05-10",,,,
2024-05-09,2.08,3.12,450,"1994-05-02 2023-05-16",78.95,15.02,450,"1994-05-02 2023-05-16",15.56,6.42,450,"1994-05-02 2023-05-16",30.41,9.25,450,"1994-05-02 2023-05-16",-3.81,3.57,450,"1994-05-02 2023-05-16",34.9,18.22,450,"1994-05-02 2023-05-16",2.2,3.76,450,"1994-05-02 2023-05-16",3.35,4.17,450,"1994-05-02 2023-05-16",1.22,3.59,450,"1994-05-02 2023-05-16",0.86,3.09,446,"1994-05-02 2023-05-16",0.41,1.71,446,"1994-05-02 2023-05-16",0.4,1.91,310,"1994-05-02 2023-05-10",,,,
2024-05-08,1.8,3.11,450,"1994-05-01 2023-05-15",78.92,14.94,450,"1994-05-01 2023-05-15",15.25,6.32,450,"1994-05-01 2023-05-15",30.19,9.28,450,"1994-05-01 2023-05-15",-4.03,3.59,450,"1994-05-01 2023-05-15",34.98,18.22,450,"1994-05-01 2023-05-15",1.93,3.71,450,"1994-05-01 2023-05-15",3.3,4.18,450,"1994-05-01 2023-05-15",1.21,3.57,450,"1994-05-01 2023-05-15",0.84,3.06,447,"1994-05-01 2023-05-15",0.41,1.72,447,"1994-05-01 2023-05-15",0.4,1.94,311,"1994-05-01 2023-05-10",,,,
2024-05-07,1.57,3.11,450,"1994-04-30 2023-05-14",79.18,14.71,450,"1994-04-30 2023-05-14",14.89,6.25,450,"1994-04-30 2023-05-14",30.12,9.34,450,"1994-04-30 2023-05-14",-4.31,3.56,450,"1994-04-30 2023-05-14",35.09,18.13,450,"1994-04-30 2023-05-14",1.61,3.64,450,"1994-04-30 2023-05-14",3.26,4.12,450,"1994-04-30 2023-05-14",1.18,3.51,450,"1994-04-30 2023-05-14",0.81,3,446,"1994-04-30 2023-05-14",0.42,1.72,446,"1994-04-30 2023-05-14",0.5,2,313,"1994-04-30 2023-05-10",,,,
2024-05-06,1.34,3.19,450,"1994-04-29 2023-05-13",79.38,14.32,450,"1994-04-29 2023-05-13",14.55,6.28,450,"1994-04-29 2023-05-13",30.23,9.35,450,"1994-04-29 2023-05-13",-4.52,3.63,450,"1994-04-29 2023-05-13",35.33,18.22,450,"1994-04-29 2023-05-13",1.38,3.64,450,"1994-04-29 2023-05-13",3.3,4.23,450,"1994-04-29 2023-05-13",1.2,3.53,449,"1994-04-29 2023-05-13",0.8,3,445,"1994-04-29 2023-05-13",0.44,1.74,445,"1994-04-29 2023-05-13",0.5,2.11,315,"1994-04-29 2023-05-10",,,,
2024-05-05,1.15,3.22,450,"1994-04-28 2023-05-12",79.61,14.22,450,"1994-04-28 2023-05-12",14.29,6.44,450,"1994-04-28 2023-05-12",30.44,9.53,450,"1994-04-28 2023-05-12",-4.77,3.7,450,"1994-04-28 2023-05-12",35.41,18.68,450,"1994-04-28 2023-05-12",1.17,3.62,450,"1994-04-28 2023-05-12",3.44,4.38,450,"1994-04-28 2023-05-12",1.24,3.61,449,"1994-04-28 2023-05-12",0.79,3.02,445,"1994-04-28 2023-05-12",0.5,1.81,445,"1994-04-28 2023-05-12",0.6,2.31,318,"1994-04-28 2023-05-10",,,,
2024-05-04,1,3.15,450,"1994-04-27 2023-05-11",79.87,14.03,450,"1994-04-27 2023-05-11",14.02,6.41,450,"1994-04-27 2023-05-11",30.8,9.73,450,"1994-04-27 2023-05-11",-4.94,3.75,450,"1994-04-27 2023-05-11",35.61,18.86,450,"1994-04-27 2023-05-11",1.04,3.52,450,"1994-04-27 2023-05-11",3.49,4.39,450,"1994-04-27 2023-05-11",1.23,3.62,449,"1994-04-27 2023-05-11",0.74,2.97,444,"1994-04-27 2023-05-11",0.53,1.91,444,"1994-04-27 2023-05-11",0.7,2.43,322,"1994-04-27 2023-05-10",,,,
2024-05-03,0.88,3.17,450,"1994-04-26 2023-05-10",79.84,14.24,450,"1994-04-26 2023-05-10",13.82,6.39,450,"1994-04-26 2023-05-10",31,9.93,450,"1994-04-26 2023-05-10",-5.02,3.76,450,"1994-04-26 2023-05-10",35.99,19.12,450,"1994-04-26 2023-05-10",0.95,3.58,450,"1994-04-26 2023-05-10",3.57,4.41,450,"1994-04-26 2023-05-10",1.27,3.65,449,"1994-04-26 2023-05-10",0.78,3.03,441,"1994-04-26 2023-05-10",0.58,2.28,442,"1994-04-26 2023-05-10",0.7,2.41,325,"1994-04-26 2023-05-10",,,,
2024-05-02,0.78,3.22,450,"1994-04-25 2023-05-09",79.44,14.58,450,"1994-04-25 2023-05-09",13.72,6.49,450,"1994-04-25 2023-05-09",31.14,9.84,450,"1994-04-25 2023-05-09",-5.15,3.74,450,"1994-04-25 2023-05-09",36.09,19.36,450,"1994-04-25 2023-05-09",0.87,3.57,450,"1994-04-25 2023-05-09",3.5,4.36,450,"1994-04-25 2023-05-09",1.3,3.7,449,"1994-04-25 2023-05-09",0.79,3.15,441,"1994-04-25 2023-05-09",0.59,2.28,443,"1994-04-25 2023-05-09",0.7,2.43,326,"1994-04-25 2023-05-08",,,,
2024-05-01,0.63,3.3,450,"1994-04-24 2023-05-08",79.23,14.67,450,"1994-04-24 2023-05-08",13.69,6.49,450,"1994-04-24 2023-05-08",30.9,9.93,450,"1994-04-24 2023-05-08",-5.32,3.83,450,"1994-04-24 2023-05-08",35.76,19.44,450,"1994-04-24 2023-05-08",0.76,3.58,450,"1994-04-24 2023-05-08",3.54,4.4,450,"1994-04-24 2023-05-08",1.36,3.86,449,"1994-04-24 2023-05-08",0.83,3.24,441,"1994-04-24 2023-05-08",0.61,2.42,443,"1994-04-24 2023-05-08",0.7,2.44,329,"1994-04-24 2023-05-08",,,,
2024-04-30,0.5,3.29,450,"1994-04-23 2023-05-07",79.18,14.54,450,"1994-04-23 2023-05-07",13.58,6.49,450,"1994-04-23 2023-05-07",30.78,9.99,450,"1994-04-23 2023-05-07",-5.5,3.76,450,"1994-04-23 2023-05-07",35.25,18.88,450,"1994-04-23 2023-05-07",0.61,3.55,450,"1994-04-23 2023-05-07",3.45,4.32,450,"1994-04-23 2023-05-07",1.3,3.82,449,"1994-04-23 2023-05-07",0.78,3.2,441,"1994-04-23 2023-05-07",0.59,2.41,443,"1994-04-23 2023-05-07",0.7,2.36,330,"1994-04-23 2023-05-06",,,,
2024-04-29,0.38,3.24,450,"1994-04-22 2023-05-06",79.17,14.49,450,"1994-04-22 2023-05-06",13.53,6.43,450,"1994-04-22 2023-05-06",30.64,9.87,450,"1994-04-22 2023-05-06",-5.64,3.74,450,"1994-04-22 2023-05-06",35,18.72,450,"1994-04-22 2023-05-06",0.45,3.5,450,"1994-04-22 2023-05-06",3.39,4.15,450,"1994-04-22 2023-05-06",1.33,3.86,449,"1994-04-22 2023-05-06",0.78,3.2,441,"1994-04-22 2023-05-06",0.63,2.49,443,"1994-04-22 2023-05-06",0.7,2.14,335,"1994-04-22 2023-05-06",,,,
2024-04-28,0.24,3.24,450,"1994-04-21 2023-05-05",78.92,14.56,450,"1994-04-21 2023-05-05",13.53,6.48,450,"1994-04-21 2023-05-05",30.63,9.81,450,"1994-04-21 2023-05-05",-5.74,3.75,450,"1994-04-21 2023-05-05",34.62,18.36,450,"1994-04-21 2023-05-05",0.33,3.5,450,"1994-04-21 2023-05-05",3.4,4.04,450,"1994-04-21 2023-05-05",1.28,3.73,449,"1994-04-21 2023-05-05",0.75,3.06,440,"1994-04-21 2023-05-05",0.6,2.42,442,"1994-04-21 2023-05-05",0.7,2.25,338,"1994-04-21 2023-04-22",,,,
2024-04-27,0.09,3.26,450,"1994-04-20 2023-05-04",78.79,14.6,450,"1994-04-20 2023-05-04",13.41,6.51,450,"1994-04-20 2023-05-04",30.6,9.77,450,"1994-04-20 2023-05-04",-5.91,3.74,450,"1994-04-20 2023-05-04",34.4,17.95,450,"1994-04-20 2023-05-04",0.13,3.57,450,"1994-04-20 2023-05-04",3.35,4.09,450,"1994-04-20 2023-05-04",1.27,3.84,449,"1994-04-20 2023-05-04",0.79,3.32,439,"1994-04-20 2023-05-04",0.56,2.34,441,"1994-04-20 2023-05-04",0.8,2.55,343,"1994-04-20 2023-04-22",,,,
2024-04-26,-0.01,3.29,450,"1994-04-19 2023-05-03",79.2,14.38,450,"1994-04-19 2023-05-03",13.25,6.42,450,"1994-04-19 2023-05-03",30.5,9.65,450,"1994-04-19 2023-05-03",-6.06,3.72,450,"1994-04-19 2023-05-03",34.31,17.48,450,"1994-04-19 2023-05-03",-0.13,3.58,450,"1994-04-19 2023-05-03",3.28,4.15,450,"1994-04-19 2023-05-03",1.29,3.95,449,"1994-04-19 2023-05-03",0.78,3.31,438,"1994-04-19 2023-05-03",0.61,2.59,440,"1994-04-19 2023-05-03",0.9,2.65,348,"1994-04-19 2023-04-22",,,,
2024-04-25,-0.17,3.3,450,"1994-04-18 2023-05-02",79.13,14.33,450,"1994-04-18 2023-05-02",13.06,6.31,450,"1994-04-18 2023-05-02",30.17,9.53,450,"1994-04-18 2023-05-02",-6.28,3.84,450,"1994-04-18 2023-05-02",34.14,17.23,450,"1994-04-18 2023-05-02",-0.33,3.64,450,"1994-04-18 2023-05-02",3.21,4.24,450,"1994-04-18 2023-05-02",1.16,3.48,449,"1994-04-18 2023-05-02",0.65,2.75,439,"1994-04-18 2023-05-02",0.63,2.65,441,"1994-04-18 2023-05-02",0.9,2.68,352,"1994-04-18 2023-04-22",,,,
2024-04-24,-0.37,3.3,450,"1994-04-17 2023-05-01",79.09,14.39,450,"1994-04-17 2023-05-01",12.86,6.34,450,"1994-04-17 2023-05-01",29.98,9.42,450,"1994-04-17 2023-05-01",-6.53,3.89,450,"1994-04-17 2023-05-01",34.08,17.49,450,"1994-04-17 2023-05-01",-0.52,3.67,450,"1994-04-17 2023-05-01",3.18,4.21,450,"1994-04-17 2023-05-01",1.11,3.37,449,"1994-04-17 2023-05-01",0.59,2.61,439,"1994-04-17 2023-05-01",0.63,2.65,441,"1994-04-17 2023-05-01",1,2.75,355,"1994-04-17 2023-04-22",,,,
2024-04-23,-0.57,3.33,450,"1994-04-16 2023-04-30",79.09,14.54,450,"1994-04-16 2023-04-30",12.64,6.45,450,"1994-04-16 2023-04-30",29.97,9.42,450,"1994-04-16 2023-04-30",-6.73,3.9,450,"1994-04-16 2023-04-30",34.26,17.89,450,"1994-04-16 2023-04-30",-0.74,3.7,450,"1994-04-16 2023-04-30",3.25,4.26,450,"1994-04-16 2023-04-30",1.06,3.19,449,"1994-04-16 2023-04-30",0.52,2.34,439,"1994-04-16 2023-04-30",0.66,2.68,441,"1994-04-16 2023-04-30",1.1,2.83,359,"1994-04-16 2023-04-22",,,,
2024-04-22,-0.8,3.4,450,"1994-04-15 2023-04-29",79.18,14.56,450,"1994-04-15 2023-04-29",12.31,6.62,450,"1994-04-15 2023-04-29",29.86,9.29,450,"1994-04-15 2023-04-29",-6.93,3.93,450,"1994-04-15 2023-04-29",34.59,18.32,450,"1994-04-15 2023-04-29",-0.96,3.76,450,"1994-04-15 2023-04-29",3.27,4.26,450,"1994-04-15 2023-04-29",1.06,3.2,449,"1994-04-15 2023-04-29",0.49,2.33,440,"1994-04-15 2023-04-29",0.69,2.69,442,"1994-04-15 2023-04-29",1.1,2.99,365,"1994-04-15 2023-04-22",,,,
2024-04-21,-0.93,3.46,450,"1994-04-14 2023-04-28",79.59,14.65,450,"1994-04-14 2023-04-28",11.98,6.71,450,"1994-04-14 2023-04-28",29.94,9.38,450,"1994-04-14 2023-04-28",-7.06,4.03,450,"1994-04-14 2023-04-28",35.1,18.66,450,"1994-04-14 2023-04-28",-1.15,3.79,450,"1994-04-14 2023-04-28",3.3,4.08,450,"1994-04-14 2023-04-28",1.12,3.3,450,"1994-04-14 2023-04-28",0.48,2.32,440,"1994-04-14 2023-04-28",0.78,2.92,442,"1994-04-14 2023-04-28",1.2,3.12,372,"1994-04-14 2023-04-22",,,,
2024-04-20,-1.05,3.54,450,"1994-04-13 2023-04-27",79.85,14.74,450,"1994-04-13 2023-04-27",11.69,6.68,450,"1994-04-13 2023-04-27",29.9,9.32,450,"1994-04-13 2023-04-27",-7.14,4.14,450,"1994-04-13 2023-04-27",35.7,19.04,450,"1994-04-13 2023-04-27",-1.35,3.85,450,"1994-04-13 2023-04-27",3.27,3.97,450,"1994-04-13 2023-04-27",1.15,3.3,450,"1994-04-13 2023-04-27",0.51,2.39,440,"1994-04-13 2023-04-27",0.79,2.95,441,"1994-04-13 2023-04-27",1.2,3.02,377,"1994-04-13 2023-04-22",,,,
2024-04-19,-1.24,3.66,450,"1994-04-12 2023-04-26",79.79,14.85,450,"1994-04-12 2023-04-26",11.4,6.73,450,"1994-04-12 2023-04-26",29.57,8.98,450,"1994-04-12 2023-04-26",-7.28,4.25,450,"1994-04-12 2023-04-26",36.1,19.18,450,"1994-04-12 2023-04-26",-1.59,3.85,450,"1994-04-12 2023-04-26",3.26,4.03,450,"1994-04-12 2023-04-26",1.18,3.49,450,"1994-04-12 2023-04-26",0.52,2.43,441,"1994-04-12 2023-04-26",0.82,3,442,"1994-04-12 2023-04-26",1.1,2.93,381,"1994-04-12 2023-04-22",,,,
2024-04-18,-1.37,3.72,450,"1994-04-11 2023-04-25",79.87,14.66,450,"1994-04-11 2023-04-25",11.22,6.72,450,"1994-04-11 2023-04-25",29.56,8.88,450,"1994-04-11 2023-04-25",-7.47,4.33,450,"1994-04-11 2023-04-25",35.97,18.91,450,"1994-04-11 2023-04-25",-1.74,3.88,450,"1994-04-11 2023-04-25",3.2,3.95,450,"1994-04-11 2023-04-25",1.11,3.35,450,"1994-04-11 2023-04-25",0.49,2.35,445,"1994-04-11 2023-04-25",0.74,2.58,445,"1994-04-11 2023-04-25",1.1,2.94,384,"1994-04-11 2023-04-22",,,,
2024-04-17,-1.55,3.78,450,"1994-04-10 2023-04-24",79.86,14.47,450,"1994-04-10 2023-04-24",11.04,6.65,450,"1994-04-10 2023-04-24",29.51,8.96,450,"1994-04-10 2023-04-24",-7.65,4.38,450,"1994-04-10 2023-04-24",35.9,18.94,450,"1994-04-10 2023-04-24",-1.88,3.87,450,"1994-04-10 2023-04-24",3.24,4.01,450,"1994-04-10 2023-04-24",1.08,3.23,450,"1994-04-10 2023-04-24",0.44,2.07,446,"1994-04-10 2023-04-24",0.78,2.79,445,"1994-04-10 2023-04-24",1.1,2.93,386,"1994-04-10 2023-04-22",,,,
2024-04-16,-1.66,3.74,450,"1994-04-09 2023-04-23",79.9,14.44,450,"1994-04-09 2023-04-23",10.87,6.64,450,"1994-04-09 2023-04-23",29.65,9.09,450,"1994-04-09 2023-04-23",-7.77,4.32,450,"1994-04-09 2023-04-23",36.04,18.75,450,"1994-04-09 2023-04-23",-2.07,3.84,450,"1994-04-09 2023-04-23",3.26,4.06,450,"1994-04-09 2023-04-23",1.03,3.06,450,"1994-04-09 2023-04-23",0.41,1.97,445,"1994-04-09 2023-04-23",0.76,2.67,444,"1994-04-09 2023-04-23",1.2,2.92,388,"1994-04-09 2023-04-22",,,,
2024-04-15,-1.75,3.77,450,"1994-04-08 2023-04-22",79.72,14.7,450,"1994-04-08 2023-04-22",10.73,6.67,450,"1994-04-08 2023-04-22",29.79,9.36,450,"1994-04-08 2023-04-22",-7.86,4.35,450,"1994-04-08 2023-04-22",36.42,19.05,450,"1994-04-08 2023-04-22",-2.17,3.89,450,"1994-04-08 2023-04-22",3.36,4.11,450,"1994-04-08 2023-04-22",1.08,3.13,450,"1994-04-08 2023-04-22",0.42,1.98,443,"1994-04-08 2023-04-22",0.8,2.72,443,"1994-04-08 2023-04-22",1.2,2.92,390,"1994-04-08 2023-04-22",,,,
2024-04-14,-1.91,3.83,450,"1994-04-07 2023-04-21",79.56,14.91,450,"1994-04-07 2023-04-21",10.49,6.74,450,"1994-04-07 2023-04-21",29.58,9.28,450,"1994-04-07 2023-04-21",-8.02,4.34,450,"1994-04-07 2023-04-21",36.76,19.15,450,"1994-04-07 2023-04-21",-2.38,3.94,450,"1994-04-07 2023-04-21",3.37,4.09,450,"1994-04-07 2023-04-21",1.05,3.12,450,"1994-04-07 2023-04-21",0.4,2,443,"1994-04-07 2023-04-21",0.81,2.7,443,"1994-04-07 2023-04-21",1.2,2.9,389,"1994-04-07 2023-04-21",,,,
2024-04-13,-2.1,3.87,450,"1994-04-06 2023-04-20",79.68,15.15,450,"1994-04-06 2023-04-20",10.07,6.61,450,"1994-04-06 2023-04-20",29.42,9.38,450,"1994-04-06 2023-04-20",-8.2,4.34,450,"1994-04-06 2023-04-20",37.28,19.54,450,"1994-04-06 2023-04-20",-2.57,3.96,450,"1994-04-06 2023-04-20",3.36,4.14,450,"1994-04-06 2023-04-20",1.03,3.06,450,"1994-04-06 2023-04-20",0.37,1.9,444,"1994-04-06 2023-04-20",0.8,2.69,443,"1994-04-06 2023-04-20",1.2,2.89,391,"1994-04-06 2023-04-20",,,,
2024-04-12,-2.27,3.86,450,"1994-04-05 2023-04-19",80.06,15.12,450,"1994-04-05 2023-04-19",9.68,6.53,450,"1994-04-05 2023-04-19",29.26,9.39,450,"1994-04-05 2023-04-19",-8.37,4.37,450,"1994-04-05 2023-04-19",37.75,19.78,450,"1994-04-05 2023-04-19",-2.77,3.91,450,"1994-04-05 2023-04-19",3.4,4.03,450,"1994-04-05 2023-04-19",0.98,2.75,450,"1994-04-05 2023-04-19",0.32,1.37,445,"1994-04-05 2023-04-19",0.81,2.66,444,"1994-04-05 2023-04-19",1.2,2.86,391,"1994-04-05 2023-04-16",,,,
2024-04-11,-2.46,3.89,450,"1994-04-04 2023-04-18",80.12,15.19,450,"1994-04-04 2023-04-18",9.31,6.53,450,"1994-04-04 2023-04-18",29.43,9.5,450,"1994-04-04 2023-04-18",-8.56,4.39,450,"1994-04-04 2023-04-18",38.19,19.86,450,"1994-04-04 2023-04-18",-2.97,4.02,450,"1994-04-04 2023-04-18",3.44,3.93,450,"1994-04-04 2023-04-18",0.89,2.53,450,"1994-04-04 2023-04-18",0.29,1.34,446,"1994-04-04 2023-04-18",0.74,2.41,445,"1994-04-04 2023-04-18",1.3,3.12,392,"1994-04-04 2023-04-16",,,,
2024-04-10,-2.68,3.93,450,"1994-04-03 2023-04-17",80.04,15.2,450,"1994-04-03 2023-04-17",8.96,6.66,450,"1994-04-03 2023-04-17",29.38,9.55,450,"1994-04-03 2023-04-17",-8.7,4.36,450,"1994-04-03 2023-04-17",38.91,20.11,450,"1994-04-03 2023-04-17",-3.22,4.15,450,"1994-04-03 2023-04-17",3.49,3.84,450,"1994-04-03 2023-04-17",0.85,2.48,450,"1994-04-03 2023-04-17",0.27,1.33,445,"1994-04-03 2023-04-17",0.71,2.28,444,"1994-04-03 2023-04-17",1.5,3.59,394,"1994-04-03 2023-04-16",,,,
2024-04-09,-2.87,4.07,450,"1994-04-02 2023-04-16",80.43,15.01,450,"1994-04-02 2023-04-16",8.56,6.76,450,"1994-04-02 2023-04-16",29.46,9.56,450,"1994-04-02 2023-04-16",-8.86,4.47,450,"1994-04-02 2023-04-16",39.49,20.35,450,"1994-04-02 2023-04-16",-3.46,4.25,450,"1994-04-02 2023-04-16",3.59,3.94,450,"1994-04-02 2023-04-16",0.92,2.65,450,"1994-04-02 2023-04-16",0.27,1.33,445,"1994-04-02 2023-04-16",0.81,2.57,444,"1994-04-02 2023-04-16",1.6,3.77,397,"1994-04-02 2023-04-16",,,,
2024-04-08,-2.92,4.2,450,"1994-04-01 2023-04-15",80.81,14.78,450,"1994-04-01 2023-04-15",8.25,6.77,450,"1994-04-01 2023-04-15",29.82,9.94,450,"1994-04-01 2023-04-15",-8.99,4.61,450,"1994-04-01 2023-04-15",39.9,20.35,450,"1994-04-01 2023-04-15",-3.57,4.37,450,"1994-04-01 2023-04-15",3.59,3.93,450,"1994-04-01 2023-04-15",0.93,2.66,450,"1994-04-01 2023-04-15",0.28,1.33,445,"1994-04-01 2023-04-15",0.82,2.57,444,"1994-04-01 2023-04-15",1.7,3.88,398,"1994-04-01 2023-04-15",,,,
2024-04-07,-2.97,4.28,450,"1994-03-31 2023-04-14",80.65,14.9,450,"1994-03-31 2023-04-14",8.24,6.87,450,"1994-03-31 2023-04-14",29.99,10.12,450,"1994-03-31 2023-04-14",-9.09,4.69,450,"1994-03-31 2023-04-14",39.88,20.42,450,"1994-03-31 2023-04-14",-3.63,4.5,450,"1994-03-31 2023-04-14",3.64,3.98,450,"1994-03-31 2023-04-14",0.93,2.65,450,"1994-03-31 2023-04-14",0.28,1.34,443,"1994-03-31 2023-04-14",0.82,2.57,443,"1994-03-31 2023-04-14",1.7,3.89,398,"1994-03-31 2023-04-14",,,,
2024-04-06,-3.05,4.26,450,"1994-03-30 2023-04-13",80.34,14.87,450,"1994-03-30 2023-04-13",8.26,7.01,450,"1994-03-30 2023-04-13",29.77,9.92,450,"1994-03-30 2023-04-13",-9.17,4.62,450,"1994-03-30 2023-04-13",39.84,20.54,450,"1994-03-30 2023-04-13",-3.76,4.58,450,"1994-03-30 2023-04-13",3.58,4.01,450,"1994-03-30 2023-04-13",0.86,2.5,450,"1994-03-30 2023-04-13",0.26,1.32,444,"1994-03-30 2023-04-13",0.79,2.41,444,"1994-03-30 2023-04-13",1.8,3.86,398,"1994-03-30 2023-04-13",,,,
2024-04-05,-3.17,4.2,450,"1994-03-29 2023-04-12",80.34,14.58,450,"1994-03-29 2023-04-12",8.2,7.04,450,"1994-03-29 2023-04-12",29.7,10,450,"1994-03-29 2023-04-12",-9.29,4.52,450,"1994-03-29 2023-04-12",39.48,20.12,450,"1994-03-29 2023-04-12",-3.92,4.55,450,"1994-03-29 2023-04-12",3.54,4.03,450,"1994-03-29 2023-04-12",0.76,2.35,450,"1994-03-29 2023-04-12",0.2,1.07,443,"1994-03-29 2023-04-12",0.74,2.34,444,"1994-03-29 2023-04-12",1.9,3.94,399,"1994-03-29 2023-04-12",,,,
2024-04-04,-3.22,4.16,450,"1994-03-28 2023-04-11",80.5,14.5,450,"1994-03-28 2023-04-11",8.05,6.98,450,"1994-03-28 2023-04-11",29.8,10.17,450,"1994-03-28 2023-04-11",-9.36,4.48,450,"1994-03-28 2023-04-11",39.57,20.01,450,"1994-03-28 2023-04-11",-3.99,4.61,450,"1994-03-28 2023-04-11",3.55,4,450,"1994-03-28 2023-04-11",0.69,1.96,450,"1994-03-28 2023-04-11",0.18,0.96,441,"1994-03-28 2023-04-11",0.7,2.21,442,"1994-03-28 2023-04-11",2,4.04,401,"1994-03-28 2023-04-11",,,,
2024-04-03,-3.3,4.12,450,"1994-03-27 2023-04-10",80.61,14.39,450,"1994-03-27 2023-04-10",7.84,6.99,450,"1994-03-27 2023-04-10",29.58,10.23,450,"1994-03-27 2023-04-10",-9.44,4.43,450,"1994-03-27 2023-04-10",39.84,20.09,450,"1994-03-27 2023-04-10",-4.1,4.65,450,"1994-03-27 2023-04-10",3.54,4.03,450,"1994-03-27 2023-04-10",0.69,1.97,450,"1994-03-27 2023-04-10",0.17,0.96,440,"1994-03-27 2023-04-10",0.72,2.25,441,"1994-03-27 2023-04-10",2.1,4.13,403,"1994-03-27 2023-04-10",,,,
2024-04-02,-3.38,4.08,450,"1994-03-26 2023-04-09",80.91,14.27,450,"1994-03-26 2023-04-09",7.64,7.02,450,"1994-03-26 2023-04-09",29.65,10.22,450,"1994-03-26 2023-04-09",-9.53,4.37,450,"1994-03-26 2023-04-09",39.94,19.97,450,"1994-03-26 2023-04-09",-4.31,4.68,450,"1994-03-26 2023-04-09",3.42,3.97,450,"1994-03-26 2023-04-09",0.66,1.84,450,"1994-03-26 2023-04-09",0.15,0.93,439,"1994-03-26 2023-04-09",0.7,2.01,440,"1994-03-26 2023-04-09",2.3,4.2,407,"1994-03-26 2023-04-09",,,,
2024-04-01,-3.54,4.05,450,"1994-03-25 2023-04-08",81.08,14.36,450,"1994-03-25 2023-04-08",7.36,7.01,450,"1994-03-25 2023-04-08",29.52,10.1,450,"1994-03-25 2023-04-08",-9.7,4.41,450,"1994-03-25 2023-04-08",40.33,20.23,450,"1994-03-25 2023-04-08",-4.52,4.73,450,"1994-03-25 2023-04-08",3.44,3.88,450,"1994-03-25 2023-04-08",0.6,1.75,450,"1994-03-25 2023-04-08",0.12,0.79,440,"1994-03-25 2023-04-08",0.68,2,441,"1994-03-25 2023-04-08",2.4,4.3,410,"1994-03-25 2023-04-08",,,,
2024-03-31,-3.74,4.04,450,"1994-03-24 2023-04-07",81.71,14.1,450,"1994-03-24 2023-04-07",6.88,7.03,450,"1994-03-24 2023-04-07",29.36,9.85,450,"1994-03-24 2023-04-07",-9.87,4.47,450,"1994-03-24 2023-04-07",41.24,20.55,450,"1994-03-24 2023-04-07",-4.84,4.78,450,"1994-03-24 2023-04-07",3.4,3.89,450,"1994-03-24 2023-04-07",0.54,1.61,450,"1994-03-24 2023-04-07",0.09,0.74,442,"1994-03-24 2023-04-07",0.65,1.94,442,"1994-03-24 2023-04-07",2.5,4.47,415,"1994-03-24 2023-04-07",,,,
2024-03-30,-3.91,4.07,450,"1994-03-23 2023-04-06",82.24,13.73,450,"1994-03-23 2023-04-06",6.48,7.1,450,"1994-03-23 2023-04-06",29.34,10.06,450,"1994-03-23 2023-04-06",-10.02,4.54,450,"1994-03-23 2023-04-06",41.94,21.04,450,"1994-03-23 2023-04-06",-5.05,4.9,450,"1994-03-23 2023-04-06",3.33,3.92,450,"1994-03-23 2023-04-06",0.51,1.52,450,"1994-03-23 2023-04-06",0.06,0.48,442,"1994-03-23 2023-04-06",0.66,1.96,442,"1994-03-23 2023-04-06",2.7,4.75,417,"1994-03-23 2023-04-06",,,,
2024-03-29,-3.95,4.08,450,"1994-03-22 2023-04-05",82.74,13.26,450,"1994-03-22 2023-04-05",6.25,7.16,450,"1994-03-22 2023-04-05",29.14,10.07,450,"1994-03-22 2023-04-05",-10.13,4.57,450,"1994-03-22 2023-04-05",42.46,21.04,450,"1994-03-22 2023-04-05",-5.26,4.88,450,"1994-03-22 2023-04-05",3.31,3.89,450,"1994-03-22 2023-04-05",0.6,1.78,450,"1994-03-22 2023-04-05",0.06,0.45,442,"1994-03-22 2023-04-05",0.77,2.24,443,"1994-03-22 2023-04-05",2.8,4.81,419,"1994-03-22 2023-04-05",,,,
2024-03-28,-4.05,4.16,450,"1994-03-21 2023-04-04",82.57,13.42,450,"1994-03-21 2023-04-04",6.14,7.2,450,"1994-03-21 2023-04-04",29.34,10.19,450,"1994-03-21 2023-04-04",-10.26,4.62,450,"1994-03-21 2023-04-04",42.68,21.12,450,"1994-03-21 2023-04-04",-5.38,4.97,450,"1994-03-21 2023-04-04",3.31,3.94,450,"1994-03-21 2023-04-04",0.57,1.75,450,"1994-03-21 2023-04-04",0.04,0.19,441,"1994-03-21 2023-04-04",0.76,2.26,442,"1994-03-21 2023-04-04",2.8,4.83,422,"1994-03-21 2023-04-04",,,,
2024-03-27,-4.09,4.24,450,"1994-03-20 2023-04-03",82.33,13.28,450,"1994-03-20 2023-04-03",6.12,7.26,450,"1994-03-20 2023-04-03",29.22,10.25,450,"1994-03-20 2023-04-03",-10.41,4.67,450,"1994-03-20 2023-04-03",42.39,21.28,450,"1994-03-20 2023-04-03",-5.49,4.99,450,"1994-03-20 2023-04-03",3.27,3.93,450,"1994-03-20 2023-04-03",0.58,1.76,450,"1994-03-20 2023-04-03",0.03,0.18,441,"1994-03-20 2023-04-03",0.77,2.26,442,"1994-03-20 2023-04-03",2.8,4.86,424,"1994-03-20 2023-04-03",,,,
2024-03-26,-4.12,4.31,450,"1994-03-19 2023-04-02",82.31,13.15,450,"1994-03-19 2023-04-02",6.1,7.28,450,"1994-03-19 2023-04-02",29.13,10.3,450,"1994-03-19 2023-04-02",-10.52,4.71,450,"1994-03-19 2023-04-02",41.94,21.12,450,"1994-03-19 2023-04-02",-5.52,5.01,450,"1994-03-19 2023-04-02",3.21,3.91,450,"1994-03-19 2023-04-02",0.58,1.76,450,"1994-03-19 2023-04-02",0.03,0.18,442,"1994-03-19 2023-04-02",0.77,2.24,443,"1994-03-19 2023-04-02",2.7,4.8,425,"1994-03-19 2023-04-02",,,,
2024-03-25,-4.13,4.28,450,"1994-03-18 2023-04-01",82.33,13.14,450,"1994-03-18 2023-04-01",6.06,7.25,450,"1994-03-18 2023-04-01",28.94,10.13,450,"1994-03-18 2023-04-01",-10.54,4.64,450,"1994-03-18 2023-04-01",41.93,20.77,450,"1994-03-18 2023-04-01",-5.63,5.02,450,"1994-03-18 2023-04-01",3.02,3.79,450,"1994-03-18 2023-04-01",0.52,1.48,450,"1994-03-18 2023-04-01",0.04,0.2,441,"1994-03-18 2023-04-01",0.68,1.92,443,"1994-03-18 2023-04-01",2.8,5.01,427,"1994-03-18 2023-04-01",,,,
2024-03-24,-4.24,4.26,450,"1994-03-17 2023-03-31",82.28,13.18,450,"1994-03-17 2023-03-31",5.91,7.26,450,"1994-03-17 2023-03-31",28.7,9.8,450,"1994-03-17 2023-03-31",-10.6,4.58,450,"1994-03-17 2023-03-31",42.16,20.75,450,"1994-03-17 2023-03-31",-5.77,5.03,450,"1994-03-17 2023-03-31",2.94,3.73,450,"1994-03-17 2023-03-31",0.5,1.5,450,"1994-03-17 2023-03-31",0.03,0.17,441,"1994-03-17 2023-03-31",0.69,1.99,443,"1994-03-17 2023-03-31",2.9,5.17,430,"1994-03-17 2023-03-31",,,,
2024-03-23,-4.3,4.25,450,"1994-03-16 2023-03-30",82.54,12.87,450,"1994-03-16 2023-03-30",5.63,7.21,450,"1994-03-16 2023-03-30",28.44,9.69,450,"1994-03-16 2023-03-30",-10.64,4.57,450,"1994-03-16 2023-03-30",42.89,21.05,450,"1994-03-16 2023-03-30",-5.95,5.01,450,"1994-03-16 2023-03-30",2.83,3.69,450,"1994-03-16 2023-03-30",0.57,1.92,450,"1994-03-16 2023-03-30",0.03,0.25,443,"1994-03-16 2023-03-30",0.75,2.27,444,"1994-03-16 2023-03-30",2.9,5.15,433,"1994-03-16 2023-03-30",,,,
2024-03-22,-4.35,4.34,450,"1994-03-15 2023-03-29",82.91,12.68,450,"1994-03-15 2023-03-29",5.41,7.1,450,"1994-03-15 2023-03-29",28.22,9.77,450,"1994-03-15 2023-03-29",-10.71,4.68,450,"1994-03-15 2023-03-29",43.21,20.83,450,"1994-03-15 2023-03-29",-6.15,5.08,450,"1994-03-15 2023-03-29",2.76,3.64,450,"1994-03-15 2023-03-29",0.55,1.91,450,"1994-03-15 2023-03-29",0.03,0.25,443,"1994-03-15 2023-03-29",0.71,2.18,444,"1994-03-15 2023-03-29",2.9,5.16,435,"1994-03-15 2023-03-29",,,,
2024-03-21,-4.37,4.52,450,"1994-03-14 2023-03-28",83.06,12.65,450,"1994-03-14 2023-03-28",5.25,7.15,450,"1994-03-14 2023-03-28",28.21,9.69,450,"1994-03-14 2023-03-28",-10.81,4.84,450,"1994-03-14 2023-03-28",43.67,20.74,450,"1994-03-14 2023-03-28",-6.22,5.31,450,"1994-03-14 2023-03-28",2.74,3.57,450,"1994-03-14 2023-03-28",0.57,1.93,450,"1994-03-14 2023-03-28",0.04,0.25,443,"1994-03-14 2023-03-28",0.72,2.2,444,"1994-03-14 2023-03-28",3,5.19,436,"1994-03-14 2023-03-28",,,,
2024-03-20,-4.41,4.55,450,"1994-03-13 2023-03-27",82.99,12.57,450,"1994-03-13 2023-03-27",5.19,7.27,450,"1994-03-13 2023-03-27",28.23,9.91,450,"1994-03-13 2023-03-27",-10.93,4.91,450,"1994-03-13 2023-03-27",43.92,20.63,450,"1994-03-13 2023-03-27",-6.41,5.43,450,"1994-03-13 2023-03-27",2.73,3.63,450,"1994-03-13 2023-03-27",0.58,1.96,450,"1994-03-13 2023-03-27",0.03,0.25,444,"1994-03-13 2023-03-27",0.74,2.23,445,"1994-03-13 2023-03-27",3.1,5.23,436,"1994-03-13 2023-03-27",,,,
2024-03-19,-4.53,4.65,450,"1994-03-12 2023-03-26",82.8,12.86,450,"1994-03-12 2023-03-26",5.12,7.41,450,"1994-03-12 2023-03-26",28.56,10.11,450,"1994-03-12 2023-03-26",-11.06,4.96,450,"1994-03-12 2023-03-26",43.99,20.57,450,"1994-03-12 2023-03-26",-6.54,5.56,450,"1994-03-12 2023-03-26",2.82,3.73,450,"1994-03-12 2023-03-26",0.58,1.94,450,"1994-03-12 2023-03-26",0.03,0.25,445,"1994-03-12 2023-03-26",0.74,2.21,446,"1994-03-12 2023-03-26",3.1,5.26,437,"1994-03-12 2023-03-26",,,,
2024-03-18,-4.64,4.83,450,"1994-03-11 2023-03-25",82.6,12.86,450,"1994-03-11 2023-03-25",5,7.7,450,"1994-03-11 2023-03-25",28.51,10.17,450,"1994-03-11 2023-03-25",-11.3,5.14,450,"1994-03-11 2023-03-25",44.14,20.57,450,"1994-03-11 2023-03-25",-6.74,5.81,450,"1994-03-11 2023-03-25",2.91,3.8,450,"1994-03-11 2023-03-25",0.55,1.91,450,"1994-03-11 2023-03-25",0.03,0.26,446,"1994-03-11 2023-03-25",0.7,2.18,447,"1994-03-11 2023-03-25",3.1,5.31,437,"1994-03-11 2023-03-25",,,,
2024-03-17,-4.87,5.17,450,"1994-03-10 2023-03-24",82.42,12.57,450,"1994-03-10 2023-03-24",4.74,8.06,450,"1994-03-10 2023-03-24",28.53,10.21,450,"1994-03-10 2023-03-24",-11.55,5.37,450,"1994-03-10 2023-03-24",44.11,20.33,450,"1994-03-10 2023-03-24",-7.02,6.08,450,"1994-03-10 2023-03-24",2.8,3.74,450,"1994-03-10 2023-03-24",0.57,1.94,450,"1994-03-10 2023-03-24",0.03,0.26,445,"1994-03-10 2023-03-24",0.71,2.19,446,"1994-03-10 2023-03-24",3.2,5.32,437,"1994-03-10 2023-03-24",,,,
2024-03-16,-5.12,5.49,450,"1994-03-09 2023-03-23",81.92,12.55,450,"1994-03-09 2023-03-23",4.62,8.39,450,"1994-03-09 2023-03-23",28.62,10.25,450,"1994-03-09 2023-03-23",-11.9,5.62,450,"1994-03-09 2023-03-23",43.42,19.98,450,"1994-03-09 2023-03-23",-7.28,6.39,450,"1994-03-09 2023-03-23",2.68,3.68,450,"1994-03-09 2023-03-23",0.58,1.95,450,"1994-03-09 2023-03-23",0.03,0.26,444,"1994-03-09 2023-03-23",0.73,2.2,445,"1994-03-09 2023-03-23",3.3,5.27,436,"1994-03-09 2023-03-23",,,,
2024-03-15,-5.37,5.76,450,"1994-03-08 2023-03-22",81.39,12.46,450,"1994-03-08 2023-03-22",4.36,8.66,450,"1994-03-08 2023-03-22",28.62,10.23,450,"1994-03-08 2023-03-22",-12.23,5.88,450,"1994-03-08 2023-03-22",43.28,19.62,450,"1994-03-08 2023-03-22",-7.57,6.71,450,"1994-03-08 2023-03-22",2.74,3.68,450,"1994-03-08 2023-03-22",0.57,1.93,450,"1994-03-08 2023-03-22",0.03,0.26,444,"1994-03-08 2023-03-22",0.71,2.15,445,"1994-03-08 2023-03-22",3.4,5.11,437,"1994-03-08 2023-03-22",,,,
2024-03-14,-5.74,6.06,450,"1994-03-07 2023-03-21",81.05,12.27,450,"1994-03-07 2023-03-21",4.03,9,450,"1994-03-07 2023-03-21",28.62,10.3,450,"1994-03-07 2023-03-21",-12.65,6.2,450,"1994-03-07 2023-03-21",43.08,19.28,450,"1994-03-07 2023-03-21",-8.02,7.05,450,"1994-03-07 2023-03-21",2.72,3.66,450,"1994-03-07 2023-03-21",0.5,1.71,450,"1994-03-07 2023-03-21",0.03,0.25,444,"1994-03-07 2023-03-21",0.63,1.9,445,"1994-03-07 2023-03-21",3.5,5.14,438,"1994-03-07 2023-03-21",,,,
2024-03-13,-6.1,6.35,450,"1994-03-06 2023-03-20",81.16,11.78,450,"1994-03-06 2023-03-20",3.53,9.39,450,"1994-03-06 2023-03-20",28.2,10.29,450,"1994-03-06 2023-03-20",-13.07,6.48,450,"1994-03-06 2023-03-20",43.48,19.09,450,"1994-03-06 2023-03-20",-8.53,7.35,450,"1994-03-06 2023-03-20",2.61,3.57,450,"1994-03-06 2023-03-20",0.51,1.72,450,"1994-03-06 2023-03-20",0.03,0.25,445,"1994-03-06 2023-03-20",0.64,1.91,446,"1994-03-06 2023-03-20",3.6,5.2,438,"1994-03-06 2023-03-20",,,,
2024-03-12,-6.47,6.47,450,"1994-03-05 2023-03-19",81.27,11.63,450,"1994-03-05 2023-03-19",3.01,9.62,450,"1994-03-05 2023-03-19",27.91,10.41,450,"1994-03-05 2023-03-19",-13.42,6.73,450,"1994-03-05 2023-03-19",44.52,19.13,450,"1994-03-05 2023-03-19",-8.98,7.63,450,"1994-03-05 2023-03-19",2.59,3.5,450,"1994-03-05 2023-03-19",0.53,1.77,450,"1994-03-05 2023-03-19",0.03,0.25,445,"1994-03-05 2023-03-19",0.68,1.99,446,"1994-03-05 2023-03-19",3.8,5.18,439,"1994-03-05 2023-03-19",,,,
2024-03-11,-6.75,6.64,450,"1994-03-04 2023-03-18",81.59,11.43,450,"1994-03-04 2023-03-18",2.52,9.75,450,"1994-03-04 2023-03-18",27.88,10.47,450,"1994-03-04 2023-03-18",-13.71,6.92,450,"1994-03-04 2023-03-18",45.37,19.2,450,"1994-03-04 2023-03-18",-9.41,7.76,450,"1994-03-04 2023-03-18",2.57,3.46,450,"1994-03-04 2023-03-18",0.54,1.77,450,"1994-03-04 2023-03-18",0.03,0.25,445,"1994-03-04 2023-03-18",0.69,1.99,446,"1994-03-04 2023-03-18",3.9,5.12,441,"1994-03-04 2023-03-18",,,,
2024-03-10,-7,6.76,450,"1994-03-03 2023-03-17",81.46,11.4,450,"1994-03-03 2023-03-17",2.12,9.84,450,"1994-03-03 2023-03-17",27.95,10.73,450,"1994-03-03 2023-03-17",-13.95,7.03,450,"1994-03-03 2023-03-17",46.02,19.49,450,"1994-03-03 2023-03-17",-9.61,7.89,450,"1994-03-03 2023-03-17",2.65,3.49,450,"1994-03-03 2023-03-17",0.6,1.85,450,"1994-03-03 2023-03-17",0.03,0.3,445,"1994-03-03 2023-03-17",0.77,2.11,446,"1994-03-03 2023-03-17",3.9,4.87,442,"1994-03-03 2023-03-17",,,,
2024-03-09,-7.14,6.89,450,"1994-03-02 2023-03-16",81.59,11.36,450,"1994-03-02 2023-03-16",1.87,9.96,450,"1994-03-02 2023-03-16",28.03,10.85,450,"1994-03-02 2023-03-16",-14.13,7.17,450,"1994-03-02 2023-03-16",46.52,19.45,450,"1994-03-02 2023-03-16",-9.88,8.02,450,"1994-03-02 2023-03-16",2.78,3.54,450,"1994-03-02 2023-03-16",0.62,1.87,450,"1994-03-02 2023-03-16",0.04,0.3,444,"1994-03-02 2023-03-16",0.8,2.13,445,"1994-03-02 2023-03-16",4,4.65,443,"1994-03-02 2023-03-16",,,,
2024-03-08,-7.37,7.03,450,"1994-03-01 2023-03-15",81.57,11.21,450,"1994-03-01 2023-03-15",1.63,10.12,450,"1994-03-01 2023-03-15",27.96,10.8,450,"1994-03-01 2023-03-15",-14.38,7.28,450,"1994-03-01 2023-03-15",46.4,19.09,450,"1994-03-01 2023-03-15",-10.16,8.14,450,"1994-03-01 2023-03-15",2.77,3.51,450,"1994-03-01 2023-03-15",0.54,1.44,450,"1994-03-01 2023-03-15",0.02,0.23,444,"1994-03-01 2023-03-15",0.74,1.82,445,"1994-03-01 2023-03-15",4,4.64,443,"1994-03-01 2023-03-15",,,,
2024-03-07,-7.63,6.99,450,"1994-02-28 2023-03-14",81.19,11.18,450,"1994-02-28 2023-03-14",1.35,10.11,450,"1994-02-28 2023-03-14",27.94,10.76,450,"1994-02-28 2023-03-14",-14.71,7.27,450,"1994-02-28 2023-03-14",46.55,18.97,450,"1994-02-28 2023-03-14",-10.47,8.12,450,"1994-02-28 2023-03-14",2.77,3.57,450,"1994-02-28 2023-03-14",0.55,1.44,450,"1994-02-28 2023-03-14",0.02,0.23,444,"1994-02-28 2023-03-14",0.76,1.84,445,"1994-02-28 2023-03-14",4.1,4.6,443,"1994-02-28 2023-03-14",,,,
2024-03-06,-7.93,6.91,450,"1994-02-27 2023-03-13",81.04,11.25,450,"1994-02-27 2023-03-13",0.96,9.97,450,"1994-02-27 2023-03-13",27.59,10.8,450,"1994-02-27 2023-03-13",-14.99,7.22,450,"1994-02-27 2023-03-13",46.87,18.72,450,"1994-02-27 2023-03-13",-10.83,8.03,450,"1994-02-27 2023-03-13",2.68,3.53,450,"1994-02-27 2023-03-13",0.54,1.4,450,"1994-02-27 2023-03-13",0.02,0.22,445,"1994-02-27 2023-03-13",0.75,1.81,446,"1994-02-27 2023-03-13",4.2,4.58,444,"1994-02-27 2023-03-13",,,,
2024-03-05,-8.28,6.92,450,"1994-02-26 2023-03-12",80.94,11.07,450,"1994-02-26 2023-03-12",0.45,9.9,450,"1994-02-26 2023-03-12",27.13,10.55,450,"1994-02-26 2023-03-12",-15.33,7.21,450,"1994-02-26 2023-03-12",47.34,18.79,450,"1994-02-26 2023-03-12",-11.22,8.01,450,"1994-02-26 2023-03-12",2.64,3.43,450,"1994-02-26 2023-03-12",0.55,1.37,450,"1994-02-26 2023-03-12",0.02,0.22,446,"1994-02-26 2023-03-12",0.76,1.78,447,"1994-02-26 2023-03-12",4.2,4.53,444,"1994-02-26 2023-03-12",,,,
2024-03-04,-8.67,7.04,450,"1994-02-25 2023-03-11",80.89,10.69,450,"1994-02-25 2023-03-11",-0.1,9.89,450,"1994-02-25 2023-03-11",26.66,10.33,450,"1994-02-25 2023-03-11",-15.76,7.36,450,"1994-02-25 2023-03-11",47.74,18.57,450,"1994-02-25 2023-03-11",-11.74,8.07,450,"1994-02-25 2023-03-11",2.57,3.36,450,"1994-02-25 2023-03-11",0.53,1.36,450,"1994-02-25 2023-03-11",0.02,0.22,446,"1994-02-25 2023-03-11",0.73,1.74,446,"1994-02-25 2023-03-11",4.3,4.5,444,"1994-02-25 2023-03-11",,,,
2024-03-03,-9.03,7.1,450,"1994-02-24 2023-03-10",80.87,10.62,450,"1994-02-24 2023-03-10",-0.54,9.88,450,"1994-02-24 2023-03-10",26.45,10.36,450,"1994-02-24 2023-03-10",-16.03,7.46,450,"1994-02-24 2023-03-10",47.99,18.43,450,"1994-02-24 2023-03-10",-12.07,8.12,450,"1994-02-24 2023-03-10",2.5,3.3,450,"1994-02-24 2023-03-10",0.56,1.39,450,"1994-02-24 2023-03-10",0.01,0.21,445,"1994-02-24 2023-03-10",0.8,1.84,445,"1994-02-24 2023-03-10",4.4,4.48,444,"1994-02-24 2023-03-10",,,,
2024-03-02,-9.18,7.09,450,"1994-02-23 2023-03-09",80.93,10.6,450,"1994-02-23 2023-03-09",-0.85,9.79,450,"1994-02-23 2023-03-09",26.29,10.38,450,"1994-02-23 2023-03-09",-16.22,7.46,450,"1994-02-23 2023-03-09",48.54,18.37,450,"1994-02-23 2023-03-09",-12.27,8.11,450,"1994-02-23 2023-03-09",2.5,3.31,450,"1994-02-23 2023-03-09",0.58,1.35,450,"1994-02-23 2023-03-09",0.01,0.21,445,"1994-02-23 2023-03-09",0.83,1.85,445,"1994-02-23 2023-03-09",4.4,4.49,445,"1994-02-23 2023-03-09",,,,
2024-03-01,-9.27,7,450,"1994-02-22 2023-03-08",81.09,10.65,450,"1994-02-22 2023-03-08",-1.06,9.58,450,"1994-02-22 2023-03-08",25.96,10.18,450,"1994-02-22 2023-03-08",-16.22,7.38,450,"1994-02-22 2023-03-08",49.07,18.21,450,"1994-02-22 2023-03-08",-12.36,7.98,450,"1994-02-22 2023-03-08",2.55,3.3,450,"1994-02-22 2023-03-08",0.62,1.44,450,"1994-02-22 2023-03-08",0.01,0.21,445,"1994-02-22 2023-03-08",0.88,1.96,446,"1994-02-22 2023-03-08",4.2,4.47,446,"1994-02-22 2023-03-08",,,,
2024-02-29,-9.26,6.98,450,"1994-02-22 2023-03-08",81.13,10.66,450,"1994-02-22 2023-03-08",-1.04,9.53,450,"1994-02-22 2023-03-08",25.9,10.14,450,"1994-02-22 2023-03-08",-16.21,7.34,450,"1994-02-22 2023-03-08",48.93,18.16,450,"1994-02-22 2023-03-08",-12.34,7.93,450,"1994-02-22 2023-03-08",2.49,3.29,450,"1994-02-22 2023-03-08",0.62,1.44,450,"1994-02-22 2023-03-08",0.01,0.21,445,"1994-02-22 2023-03-08",0.87,1.96,446,"1994-02-22 2023-03-08",4.2,4.48,446,"1994-02-22 2023-03-08",,,,
2024-02-28,-9.22,6.92,450,"1994-02-21 2023-03-07",81.19,10.91,450,"1994-02-21 2023-03-07",-0.91,9.38,450,"1994-02-21 2023-03-07",25.86,10.16,450,"1994-02-21 2023-03-07",-16.11,7.24,450,"1994-02-21 2023-03-07",48.71,18.01,450,"1994-02-21 2023-03-07",-12.24,7.83,450,"1994-02-21 2023-03-07",2.46,3.3,450,"1994-02-21 2023-03-07",0.61,1.44,450,"1994-02-21 2023-03-07",0.01,0.21,445,"1994-02-21 2023-03-07",0.87,1.97,446,"1994-02-21 2023-03-07",4,4.45,447,"1994-02-21 2023-03-07",,,,
2024-02-27,-9.15,6.77,450,"1994-02-20 2023-03-06",81.22,11.21,450,"1994-02-20 2023-03-06",-0.78,9.19,450,"1994-02-20 2023-03-06",25.84,10.04,450,"1994-02-20 2023-03-06",-16.01,7.09,450,"1994-02-20 2023-03-06",48.76,18.18,450,"1994-02-20 2023-03-06",-12.14,7.71,450,"1994-02-20 2023-03-06",2.42,3.24,450,"1994-02-20 2023-03-06",0.62,1.53,450,"1994-02-20 2023-03-06",0.01,0.2,445,"1994-02-20 2023-03-06",0.86,2.01,445,"1994-02-20 2023-03-06",3.9,4.41,447,"1994-02-20 2023-03-06",,,,
2024-02-26,-8.94,6.66,450,"1994-02-19 2023-03-05",81.23,11.48,450,"1994-02-19 2023-03-05",-0.5,8.99,450,"1994-02-19 2023-03-05",25.97,10.09,450,"1994-02-19 2023-03-05",-15.77,6.96,450,"1994-02-19 2023-03-05",48.27,18.14,450,"1994-02-19 2023-03-05",-11.88,7.6,450,"1994-02-19 2023-03-05",2.48,3.28,450,"1994-02-19 2023-03-05",0.6,1.49,450,"1994-02-19 2023-03-05",0.01,0.2,444,"1994-02-19 2023-03-05",0.84,1.98,444,"1994-02-19 2023-03-05",3.8,4.37,447,"1994-02-19 2023-03-05",,,,
2024-02-25,-8.82,6.61,450,"1994-02-18 2023-03-04",81.08,11.49,450,"1994-02-18 2023-03-04",-0.33,8.87,450,"1994-02-18 2023-03-04",26.08,9.88,450,"1994-02-18 2023-03-04",-15.58,6.84,450,"1994-02-18 2023-03-04",47.86,17.97,450,"1994-02-18 2023-03-04",-11.69,7.48,450,"1994-02-18 2023-03-04",2.4,3.24,450,"1994-02-18 2023-03-04",0.57,1.46,450,"1994-02-18 2023-03-04",0.01,0.2,442,"1994-02-18 2023-03-04",0.8,1.93,443,"1994-02-18 2023-03-04",3.7,4.4,446,"1994-02-18 2023-03-04",,,,
2024-02-24,-8.76,6.54,450,"1994-02-17 2023-03-03",80.86,11.47,450,"1994-02-17 2023-03-03",-0.22,8.75,450,"1994-02-17 2023-03-03",26,9.78,450,"1994-02-17 2023-03-03",-15.52,6.82,450,"1994-02-17 2023-03-03",47.59,17.67,450,"1994-02-17 2023-03-03",-11.59,7.47,450,"1994-02-17 2023-03-03",2.34,3.2,450,"1994-02-17 2023-03-03",0.57,1.48,450,"1994-02-17 2023-03-03",0.01,0.2,441,"1994-02-17 2023-03-03",0.78,1.92,443,"1994-02-17 2023-03-03",3.7,4.47,446,"1994-02-17 2023-03-03",,,,
2024-02-23,-8.77,6.48,450,"1994-02-16 2023-03-02",80.89,11.24,450,"1994-02-16 2023-03-02",-0.13,8.73,450,"1994-02-16 2023-03-02",26.02,9.81,450,"1994-02-16 2023-03-02",-15.61,6.78,450,"1994-02-16 2023-03-02",47.1,17.26,450,"1994-02-16 2023-03-02",-11.67,7.46,450,"1994-02-16 2023-03-02",2.26,3.23,450,"1994-02-16 2023-03-02",0.49,1.35,450,"1994-02-16 2023-03-02",0,0.02,441,"1994-02-16 2023-03-02",0.69,1.77,442,"1994-02-16 2023-03-02",3.7,4.57,446,"1994-02-16 2023-03-02",,,,
2024-02-22,-8.83,6.4,450,"1994-02-15 2023-03-01",80.68,11.25,450,"1994-02-15 2023-03-01",-0.08,8.66,450,"1994-02-15 2023-03-01",26.04,9.84,450,"1994-02-15 2023-03-01",-15.62,6.67,450,"1994-02-15 2023-03-01",46.72,16.94,450,"1994-02-15 2023-03-01",-11.65,7.4,450,"1994-02-15 2023-03-01",2.14,3.13,450,"1994-02-15 2023-03-01",0.48,1.27,450,"1994-02-15 2023-03-01",0,0.02,442,"1994-02-15 2023-03-01",0.68,1.7,443,"1994-02-15 2023-03-01",3.8,4.72,446,"1994-02-15 2023-03-01",,,,
2024-02-21,-8.83,6.28,450,"1994-02-14 2023-02-28",80.74,11.3,450,"1994-02-14 2023-02-28",-0.08,8.51,450,"1994-02-14 2023-02-28",26.19,10.06,450,"1994-02-14 2023-02-28",-15.62,6.66,450,"1994-02-14 2023-02-28",46.72,16.93,450,"1994-02-14 2023-02-28",-11.65,7.35,450,"1994-02-14 2023-02-28",2.2,3.16,450,"1994-02-14 2023-02-28",0.48,1.26,450,"1994-02-14 2023-02-28",0,0.02,442,"1994-02-14 2023-02-28",0.67,1.69,443,"1994-02-14 2023-02-28",3.9,4.82,446,"1994-02-14 2023-02-28",,,,
2024-02-20,-8.75,6.38,450,"1994-02-13 2023-02-27",80.75,11.5,450,"1994-02-13 2023-02-27",0,8.63,450,"1994-02-13 2023-02-27",26.64,10.46,450,"1994-02-13 2023-02-27",-15.52,6.67,450,"1994-02-13 2023-02-27",46.57,16.96,450,"1994-02-13 2023-02-27",-11.49,7.46,450,"1994-02-13 2023-02-27",2.27,3.11,450,"1994-02-13 2023-02-27",0.47,1.25,450,"1994-02-13 2023-02-27",0,0.03,441,"1994-02-13 2023-02-27",0.65,1.66,442,"1994-02-13 2023-02-27",4,5.05,446,"1994-02-13 2023-02-27",,,,
2024-02-19,-8.71,6.44,450,"1994-02-12 2023-02-26",80.36,11.79,450,"1994-02-12 2023-02-26",0.11,8.77,450,"1994-02-12 2023-02-26",26.9,10.47,450,"1994-02-12 2023-02-26",-15.52,6.74,450,"1994-02-12 2023-02-26",46.54,17.27,450,"1994-02-12 2023-02-26",-11.43,7.58,450,"1994-02-12 2023-02-26",2.35,3.15,450,"1994-02-12 2023-02-26",0.47,1.25,450,"1994-02-12 2023-02-26",0,0.02,440,"1994-02-12 2023-02-26",0.66,1.67,441,"1994-02-12 2023-02-26",4.1,5.25,447,"1994-02-12 2023-02-26",,,,
2024-02-18,-8.75,6.55,450,"1994-02-11 2023-02-25",80.21,12.1,450,"1994-02-11 2023-02-25",0.14,8.89,450,"1994-02-11 2023-02-25",27.25,10.69,450,"1994-02-11 2023-02-25",-15.56,6.8,450,"1994-02-11 2023-02-25",46.34,17.33,450,"1994-02-11 2023-02-25",-11.46,7.65,450,"1994-02-11 2023-02-25",2.38,3.18,450,"1994-02-11 2023-02-25",0.45,1.24,450,"1994-02-11 2023-02-25",0,0.02,437,"1994-02-11 2023-02-25",0.63,1.66,439,"1994-02-11 2023-02-25",4.2,5.47,448,"1994-02-11 2023-02-25",,,,
2024-02-17,-8.75,6.56,450,"1994-02-10 2023-02-24",80.04,12.31,450,"1994-02-10 2023-02-24",0.11,8.88,450,"1994-02-10 2023-02-24",27.52,10.56,450,"1994-02-10 2023-02-24",-15.56,6.73,450,"1994-02-10 2023-02-24",46.45,17.33,450,"1994-02-10 2023-02-24",-11.41,7.61,450,"1994-02-10 2023-02-24",2.4,3.2,450,"1994-02-10 2023-02-24",0.46,1.26,450,"1994-02-10 2023-02-24",0,0.02,437,"1994-02-10 2023-02-24",0.64,1.68,440,"1994-02-10 2023-02-24",4.3,5.74,449,"1994-02-10 2023-02-24",,,,
2024-02-16,-8.77,6.61,450,"1994-02-09 2023-02-23",79.89,12.3,450,"1994-02-09 2023-02-23",0.06,8.93,450,"1994-02-09 2023-02-23",27.86,10.97,450,"1994-02-09 2023-02-23",-15.6,6.72,450,"1994-02-09 2023-02-23",46.64,17.37,450,"1994-02-09 2023-02-23",-11.45,7.63,450,"1994-02-09 2023-02-23",2.48,3.22,450,"1994-02-09 2023-02-23",0.45,1.32,450,"1994-02-09 2023-02-23",0,0.02,437,"1994-02-09 2023-02-23",0.6,1.68,440,"1994-02-09 2023-02-23",4.5,5.96,449,"1994-02-09 2023-02-23",,,,
2024-02-15,-8.77,6.58,450,"1994-02-08 2023-02-22",79.79,12.39,450,"1994-02-08 2023-02-22",0.05,8.93,450,"1994-02-08 2023-02-22",27.85,11.01,450,"1994-02-08 2023-02-22",-15.64,6.83,450,"1994-02-08 2023-02-22",46.98,17.6,450,"1994-02-08 2023-02-22",-11.52,7.74,450,"1994-02-08 2023-02-22",2.43,3.2,450,"1994-02-08 2023-02-22",0.47,1.42,450,"1994-02-08 2023-02-22",0,0.03,438,"1994-02-08 2023-02-22",0.64,1.8,441,"1994-02-08 2023-02-22",4.6,6.08,449,"1994-02-08 2023-02-22",,,,
2024-02-14,-8.82,6.63,450,"1994-02-07 2023-02-21",79.71,12.35,450,"1994-02-07 2023-02-21",0.02,9.05,450,"1994-02-07 2023-02-21",27.88,11.07,450,"1994-02-07 2023-02-21",-15.7,6.93,450,"1994-02-07 2023-02-21",47.18,17.87,450,"1994-02-07 2023-02-21",-11.57,7.83,450,"1994-02-07 2023-02-21",2.47,3.2,450,"1994-02-07 2023-02-21",0.46,1.41,450,"1994-02-07 2023-02-21",0,0.03,438,"1994-02-07 2023-02-21",0.63,1.76,440,"1994-02-07 2023-02-21",4.8,6.16,449,"1994-02-07 2023-02-21",,,,
2024-02-13,-8.95,6.66,450,"1994-02-06 2023-02-20",79.59,12.24,450,"1994-02-06 2023-02-20",-0.23,9.1,450,"1994-02-06 2023-02-20",27.94,11.2,450,"1994-02-06 2023-02-20",-15.79,6.98,450,"1994-02-06 2023-02-20",47.85,18.08,450,"1994-02-06 2023-02-20",-11.72,7.87,450,"1994-02-06 2023-02-20",2.53,3.16,450,"1994-02-06 2023-02-20",0.47,1.42,450,"1994-02-06 2023-02-20",0,0.03,438,"1994-02-06 2023-02-20",0.64,1.76,440,"1994-02-06 2023-02-20",4.9,6.21,449,"1994-02-06 2023-02-20",,,,
2024-02-12,-8.97,6.72,450,"1994-02-05 2023-02-19",79.47,12,450,"1994-02-05 2023-02-19",-0.31,9.17,450,"1994-02-05 2023-02-19",27.93,11.24,450,"1994-02-05 2023-02-19",-15.88,6.99,450,"1994-02-05 2023-02-19",48.08,17.86,450,"1994-02-05 2023-02-19",-11.81,7.91,450,"1994-02-05 2023-02-19",2.56,3.31,450,"1994-02-05 2023-02-19",0.45,1.32,450,"1994-02-05 2023-02-19",0,0.03,437,"1994-02-05 2023-02-19",0.64,1.71,440,"1994-02-05 2023-02-19",5,6.19,449,"1994-02-05 2023-02-19",,,,
2024-02-11,-9.12,6.75,450,"1994-02-04 2023-02-18",79.19,11.79,450,"1994-02-04 2023-02-18",-0.38,9.27,450,"1994-02-04 2023-02-18",28.03,11.29,450,"1994-02-04 2023-02-18",-16.07,6.99,450,"1994-02-04 2023-02-18",48.03,17.87,450,"1994-02-04 2023-02-18",-12.01,7.94,450,"1994-02-04 2023-02-18",2.59,3.33,450,"1994-02-04 2023-02-18",0.47,1.34,450,"1994-02-04 2023-02-18",0,0.02,435,"1994-02-04 2023-02-18",0.66,1.72,440,"1994-02-04 2023-02-18",5.1,6.14,449,"1994-02-04 2023-02-18",,,,
2024-02-10,-9.24,6.76,450,"1994-02-03 2023-02-17",79.07,12.05,450,"1994-02-03 2023-02-17",-0.51,9.35,450,"1994-02-03 2023-02-17",27.88,11.35,450,"1994-02-03 2023-02-17",-16.22,7.02,450,"1994-02-03 2023-02-17",48.27,17.92,450,"1994-02-03 2023-02-17",-12.18,8.04,450,"1994-02-03 2023-02-17",2.66,3.36,450,"1994-02-03 2023-02-17",0.51,1.41,450,"1994-02-03 2023-02-17",0,0.02,435,"1994-02-03 2023-02-17",0.7,1.79,440,"1994-02-03 2023-02-17",5.1,6.05,450,"1994-02-03 2023-02-17",,,,
2024-02-09,-9.33,6.78,450,"1994-02-02 2023-02-16",79.02,12.1,450,"1994-02-02 2023-02-16",-0.68,9.4,450,"1994-02-02 2023-02-16",27.81,11.34,450,"1994-02-02 2023-02-16",-16.31,7.06,450,"1994-02-02 2023-02-16",48.69,17.98,450,"1994-02-02 2023-02-16",-12.28,8.06,450,"1994-02-02 2023-02-16",2.68,3.4,450,"1994-02-02 2023-02-16",0.5,1.39,450,"1994-02-02 2023-02-16",0,0.02,435,"1994-02-02 2023-02-16",0.7,1.79,440,"1994-02-02 2023-02-16",5.1,5.94,450,"1994-02-02 2023-02-16",,,,
2024-02-08,-9.39,6.81,450,"1994-02-01 2023-02-15",78.72,12.17,450,"1994-02-01 2023-02-15",-0.77,9.4,450,"1994-02-01 2023-02-15",27.84,11.41,450,"1994-02-01 2023-02-15",-16.4,7.12,450,"1994-02-01 2023-02-15",48.87,17.85,450,"1994-02-01 2023-02-15",-12.39,8.05,450,"1994-02-01 2023-02-15",2.72,3.37,450,"1994-02-01 2023-02-15",0.5,1.4,450,"1994-02-01 2023-02-15",0,0.03,436,"1994-02-01 2023-02-15",0.68,1.78,441,"1994-02-01 2023-02-15",5.1,5.91,450,"1994-02-01 2023-02-15",,,,
2024-02-07,-9.39,6.79,450,"1994-01-31 2023-02-14",78.64,12.28,450,"1994-01-31 2023-02-14",-0.85,9.37,450,"1994-01-31 2023-02-14",28.1,11.58,450,"1994-01-31 2023-02-14",-16.53,7.16,450,"1994-01-31 2023-02-14",49.16,17.68,450,"1994-01-31 2023-02-14",-12.52,8.07,450,"1994-01-31 2023-02-14",2.73,3.39,450,"1994-01-31 2023-02-14",0.51,1.41,450,"1994-01-31 2023-02-14",0,0.03,435,"1994-01-31 2023-02-14",0.7,1.77,441,"1994-01-31 2023-02-14",5.1,5.87,450,"1994-01-31 2023-02-14",,,,
2024-02-06,-9.38,6.81,450,"1994-01-30 2023-02-13",78.18,12.3,450,"1994-01-30 2023-02-13",-0.81,9.45,450,"1994-01-30 2023-02-13",28.43,11.74,450,"1994-01-30 2023-02-13",-16.57,7.2,450,"1994-01-30 2023-02-13",48.7,17.53,450,"1994-01-30 2023-02-13",-12.39,8.26,450,"1994-01-30 2023-02-13",2.66,3.38,450,"1994-01-30 2023-02-13",0.52,1.41,450,"1994-01-30 2023-02-13",0,0.03,435,"1994-01-30 2023-02-13",0.69,1.77,441,"1994-01-30 2023-02-13",5,5.86,450,"1994-01-30 2023-02-13",,,,
2024-02-05,-9.52,6.88,450,"1994-01-29 2023-02-12",77.87,12.33,450,"1994-01-29 2023-02-12",-0.86,9.51,450,"1994-01-29 2023-02-12",28.2,11.6,450,"1994-01-29 2023-02-12",-16.8,7.28,450,"1994-01-29 2023-02-12",48.51,17.5,450,"1994-01-29 2023-02-12",-12.61,8.31,450,"1994-01-29 2023-02-12",2.64,3.39,450,"1994-01-29 2023-02-12",0.52,1.42,450,"1994-01-29 2023-02-12",0,0.02,436,"1994-01-29 2023-02-12",0.71,1.89,442,"1994-01-29 2023-02-12",4.9,5.79,450,"1994-01-29 2023-02-12",,,,
2024-02-04,-9.71,7.08,450,"1994-01-28 2023-02-11",77.9,12.25,450,"1994-01-28 2023-02-11",-1.1,9.63,450,"1994-01-28 2023-02-11",28.13,11.62,450,"1994-01-28 2023-02-11",-16.95,7.39,450,"1994-01-28 2023-02-11",48.48,17.37,450,"1994-01-28 2023-02-11",-12.71,8.38,450,"1994-01-28 2023-02-11",2.56,3.39,450,"1994-01-28 2023-02-11",0.52,1.42,450,"1994-01-28 2023-02-11",0,0.02,436,"1994-01-28 2023-02-11",0.72,1.9,442,"1994-01-28 2023-02-11",4.8,5.74,450,"1994-01-28 2023-02-11",,,,
2024-02-03,-9.71,7.19,450,"1994-01-27 2023-02-10",77.88,12.18,450,"1994-01-27 2023-02-10",-1.02,9.73,450,"1994-01-27 2023-02-10",28.17,11.84,450,"1994-01-27 2023-02-10",-16.96,7.58,450,"1994-01-27 2023-02-10",48.18,17.34,450,"1994-01-27 2023-02-10",-12.69,8.49,450,"1994-01-27 2023-02-10",2.48,3.38,450,"1994-01-27 2023-02-10",0.55,1.54,450,"1994-01-27 2023-02-10",0.01,0.08,439,"1994-01-27 2023-02-10",0.75,2.03,444,"1994-01-27 2023-02-10",4.6,5.6,450,"1994-01-27 2023-02-10",,,,
2024-02-02,-9.58,7.31,450,"1994-01-26 2023-02-09",77.96,12.02,450,"1994-01-26 2023-02-09",-0.89,9.81,450,"1994-01-26 2023-02-09",28,11.94,450,"1994-01-26 2023-02-09",-16.86,7.73,450,"1994-01-26 2023-02-09",48.2,17.32,450,"1994-01-26 2023-02-09",-12.64,8.56,450,"1994-01-26 2023-02-09",2.4,3.31,450,"1994-01-26 2023-02-09",0.53,1.53,450,"1994-01-26 2023-02-09",0.01,0.08,439,"1994-01-26 2023-02-09",0.73,2.01,444,"1994-01-26 2023-02-09",4.4,5.36,450,"1994-01-26 2023-02-09",,,,
2024-02-01,-9.49,7.31,450,"1994-01-25 2023-02-08",78.03,12,450,"1994-01-25 2023-02-08",-0.74,9.83,450,"1994-01-25 2023-02-08",27.74,11.65,450,"1994-01-25 2023-02-08",-16.75,7.83,450,"1994-01-25 2023-02-08",47.95,17.28,450,"1994-01-25 2023-02-08",-12.51,8.6,450,"1994-01-25 2023-02-08",2.29,3.26,450,"1994-01-25 2023-02-08",0.51,1.48,450,"1994-01-25 2023-02-08",0.01,0.08,440,"1994-01-25 2023-02-08",0.71,1.95,445,"1994-01-25 2023-02-08",4.2,5.14,450,"1994-01-25 2023-02-08",,,,
2024-01-31,-9.4,7.4,450,"1994-01-24 2023-02-07",77.99,11.84,450,"1994-01-24 2023-02-07",-0.61,9.87,450,"1994-01-24 2023-02-07",27.74,11.66,450,"1994-01-24 2023-02-07",-16.62,7.84,450,"1994-01-24 2023-02-07",47.81,17.09,450,"1994-01-24 2023-02-07",-12.39,8.57,450,"1994-01-24 2023-02-07",2.32,3.26,450,"1994-01-24 2023-02-07",0.47,1.4,450,"1994-01-24 2023-02-07",0.01,0.08,440,"1994-01-24 2023-02-07",0.66,1.9,445,"1994-01-24 2023-02-07",4.1,5.01,450,"1994-01-24 2023-02-07",,,,
2024-01-30,-9.32,7.36,450,"1994-01-23 2023-02-06",78.08,11.78,450,"1994-01-23 2023-02-06",-0.48,9.84,450,"1994-01-23 2023-02-06",28,11.79,450,"1994-01-23 2023-02-06",-16.52,7.85,450,"1994-01-23 2023-02-06",47.66,16.92,450,"1994-01-23 2023-02-06",-12.32,8.55,450,"1994-01-23 2023-02-06",2.34,3.35,450,"1994-01-23 2023-02-06",0.45,1.32,449,"1994-01-23 2023-02-06",0.01,0.08,440,"1994-01-23 2023-02-06",0.63,1.81,445,"1994-01-23 2023-02-06",4,4.94,450,"1994-01-23 2023-02-06",,,,
2024-01-29,-9.15,7.31,450,"1994-01-22 2023-02-05",78.12,12.05,450,"1994-01-22 2023-02-05",-0.27,9.77,450,"1994-01-22 2023-02-05",28.09,11.77,450,"1994-01-22 2023-02-05",-16.33,7.86,450,"1994-01-22 2023-02-05",47.58,16.9,450,"1994-01-22 2023-02-05",-12.14,8.58,450,"1994-01-22 2023-02-05",2.3,3.42,450,"1994-01-22 2023-02-05",0.43,1.28,449,"1994-01-22 2023-02-05",0.01,0.08,439,"1994-01-22 2023-02-05",0.61,1.77,444,"1994-01-22 2023-02-05",4,4.91,450,"1994-01-22 2023-02-05",,,,
2024-01-28,-9.08,7.22,450,"1994-01-21 2023-02-04",78.27,12.04,450,"1994-01-21 2023-02-04",-0.22,9.65,450,"1994-01-21 2023-02-04",27.97,11.86,450,"1994-01-21 2023-02-04",-16.23,7.83,450,"1994-01-21 2023-02-04",47.6,16.89,450,"1994-01-21 2023-02-04",-12.06,8.52,450,"1994-01-21 2023-02-04",2.24,3.26,450,"1994-01-21 2023-02-04",0.4,1.21,449,"1994-01-21 2023-02-04",0.01,0.08,439,"1994-01-21 2023-02-04",0.57,1.7,444,"1994-01-21 2023-02-04",4,4.94,450,"1994-01-21 2023-02-04",,,,
2024-01-27,-9.04,7.15,450,"1994-01-20 2023-02-03",78.37,12.22,450,"1994-01-20 2023-02-03",-0.26,9.54,450,"1994-01-20 2023-02-03",27.89,11.84,450,"1994-01-20 2023-02-03",-16.2,7.85,450,"1994-01-20 2023-02-03",47.88,16.87,450,"1994-01-20 2023-02-03",-12.01,8.47,450,"1994-01-20 2023-02-03",2.17,3.22,450,"1994-01-20 2023-02-03",0.38,1.18,449,"1994-01-20 2023-02-03",0.01,0.08,441,"1994-01-20 2023-02-03",0.55,1.68,444,"1994-01-20 2023-02-03",4,4.98,450,"1994-01-20 2023-02-03",,,,
2024-01-26,-8.93,7.18,450,"1994-01-19 2023-02-02",78.35,12.13,450,"1994-01-19 2023-02-02",-0.1,9.5,450,"1994-01-19 2023-02-02",27.9,12,450,"1994-01-19 2023-02-02",-16.13,7.84,450,"1994-01-19 2023-02-02",47.69,16.79,450,"1994-01-19 2023-02-02",-11.92,8.44,450,"1994-01-19 2023-02-02",2.08,3.22,450,"1994-01-19 2023-02-02",0.34,1.09,449,"1994-01-19 2023-02-02",0.01,0.08,442,"1994-01-19 2023-02-02",0.51,1.62,444,"1994-01-19 2023-02-02",4,4.99,450,"1994-01-19 2023-02-02",,,,
2024-01-25,-8.83,7.3,450,"1994-01-18 2023-02-01",78.6,12.12,450,"1994-01-18 2023-02-01",0.01,9.58,450,"1994-01-18 2023-02-01",27.94,11.96,450,"1994-01-18 2023-02-01",-16.05,7.91,450,"1994-01-18 2023-02-01",47.55,16.67,450,"1994-01-18 2023-02-01",-11.88,8.51,450,"1994-01-18 2023-02-01",2.05,3.24,450,"1994-01-18 2023-02-01",0.32,1.07,449,"1994-01-18 2023-02-01",0.01,0.08,443,"1994-01-18 2023-02-01",0.49,1.61,444,"1994-01-18 2023-02-01",4,4.99,450,"1994-01-18 2023-02-01",,,,
2024-01-24,-8.81,7.47,450,"1994-01-17 2023-01-31",78.8,12.18,450,"1994-01-17 2023-01-31",-0.04,9.76,450,"1994-01-17 2023-01-31",27.76,12.07,450,"1994-01-17 2023-01-31",-16.03,7.97,450,"1994-01-17 2023-01-31",47.75,16.78,450,"1994-01-17 2023-01-31",-11.86,8.56,450,"1994-01-17 2023-01-31",2.09,3.31,450,"1994-01-17 2023-01-31",0.32,1.06,449,"1994-01-17 2023-01-31",0.01,0.08,443,"1994-01-17 2023-01-31",0.51,1.64,444,"1994-01-17 2023-01-31",4.1,5.01,450,"1994-01-17 2023-01-31",,,,
2024-01-23,-8.93,7.61,450,"1994-01-16 2023-01-30",78.71,12.15,450,"1994-01-16 2023-01-30",-0.18,9.94,450,"1994-01-16 2023-01-30",27.16,11.75,450,"1994-01-16 2023-01-30",-16.07,8.06,450,"1994-01-16 2023-01-30",47.89,17.07,450,"1994-01-16 2023-01-30",-11.9,8.63,450,"1994-01-16 2023-01-30",2.06,3.35,450,"1994-01-16 2023-01-30",0.29,1.03,449,"1994-01-16 2023-01-30",0.01,0.08,444,"1994-01-16 2023-01-30",0.47,1.6,444,"1994-01-16 2023-01-30",4.1,5.05,450,"1994-01-16 2023-01-30",,,,
2024-01-22,-9.01,7.73,450,"1994-01-15 2023-01-29",78.89,12.23,450,"1994-01-15 2023-01-29",-0.36,10.03,450,"1994-01-15 2023-01-29",27.04,11.74,450,"1994-01-15 2023-01-29",-16.09,8.12,450,"1994-01-15 2023-01-29",48.68,17.27,450,"1994-01-15 2023-01-29",-12.06,8.62,450,"1994-01-15 2023-01-29",2.18,3.49,450,"1994-01-15 2023-01-29",0.29,1.02,449,"1994-01-15 2023-01-29",0.01,0.08,444,"1994-01-15 2023-01-29",0.46,1.59,444,"1994-01-15 2023-01-29",4.2,5.09,450,"1994-01-15 2023-01-29",,,,
2024-01-21,-8.99,7.79,450,"1994-01-14 2023-01-28",79.3,12.03,450,"1994-01-14 2023-01-28",-0.5,10.07,450,"1994-01-14 2023-01-28",26.94,11.82,450,"1994-01-14 2023-01-28",-15.94,8.13,450,"1994-01-14 2023-01-28",49.48,17.42,450,"1994-01-14 2023-01-28",-12.02,8.55,450,"1994-01-14 2023-01-28",2.21,3.51,450,"1994-01-14 2023-01-28",0.29,0.99,449,"1994-01-14 2023-01-28",0.01,0.08,444,"1994-01-14 2023-01-28",0.45,1.46,443,"1994-01-14 2023-01-28",4.3,5.3,450,"1994-01-14 2023-01-28",,,,
2024-01-20,-8.84,7.7,450,"1994-01-13 2023-01-27",79.66,11.81,450,"1994-01-13 2023-01-27",-0.41,9.98,450,"1994-01-13 2023-01-27",26.99,11.97,450,"1994-01-13 2023-01-27",-15.82,8.08,450,"1994-01-13 2023-01-27",49.65,17.39,450,"1994-01-13 2023-01-27",-11.99,8.5,450,"1994-01-13 2023-01-27",2.3,3.52,450,"1994-01-13 2023-01-27",0.29,0.99,449,"1994-01-13 2023-01-27",0.01,0.08,445,"1994-01-13 2023-01-27",0.45,1.44,443,"1994-01-13 2023-01-27",4.5,5.51,450,"1994-01-13 2023-01-27",,,,
2024-01-19,-8.82,7.62,450,"1994-01-12 2023-01-26",79.89,11.68,450,"1994-01-12 2023-01-26",-0.44,9.87,450,"1994-01-12 2023-01-26",26.83,11.79,450,"1994-01-12 2023-01-26",-15.77,8.05,450,"1994-01-12 2023-01-26",49.95,16.99,450,"1994-01-12 2023-01-26",-12.04,8.5,450,"1994-01-12 2023-01-26",2.32,3.54,450,"1994-01-12 2023-01-26",0.25,0.75,449,"1994-01-12 2023-01-26",0,0.03,445,"1994-01-12 2023-01-26",0.41,1.23,443,"1994-01-12 2023-01-26",4.7,5.76,450,"1994-01-12 2023-01-26",,,,
2024-01-18,-8.94,7.57,450,"1994-01-11 2023-01-25",80.18,11.63,450,"1994-01-11 2023-01-25",-0.55,9.86,450,"1994-01-11 2023-01-25",26.89,12.09,450,"1994-01-11 2023-01-25",-15.86,8.09,450,"1994-01-11 2023-01-25",50.18,17.06,450,"1994-01-11 2023-01-25",-12.21,8.57,450,"1994-01-11 2023-01-25",2.33,3.54,450,"1994-01-11 2023-01-25",0.26,0.75,449,"1994-01-11 2023-01-25",0,0.03,445,"1994-01-11 2023-01-25",0.41,1.23,443,"1994-01-11 2023-01-25",4.9,6.05,450,"1994-01-11 2023-01-25",,,,
2024-01-17,-9,7.53,450,"1994-01-10 2023-01-24",80.24,11.46,450,"1994-01-10 2023-01-24",-0.66,9.78,450,"1994-01-10 2023-01-24",26.98,12.19,450,"1994-01-10 2023-01-24",-15.99,8.04,450,"1994-01-10 2023-01-24",50.49,16.82,450,"1994-01-10 2023-01-24",-12.4,8.46,450,"1994-01-10 2023-01-24",2.36,3.62,450,"1994-01-10 2023-01-24",0.27,0.76,449,"1994-01-10 2023-01-24",0,0.03,445,"1994-01-10 2023-01-24",0.44,1.28,443,"1994-01-10 2023-01-24",5.2,6.27,449,"1994-01-10 2023-01-24",,,,
2024-01-16,-9.1,7.43,450,"1994-01-09 2023-01-23",80.24,11.36,450,"1994-01-09 2023-01-23",-0.76,9.68,450,"1994-01-09 2023-01-23",27.12,12.3,450,"1994-01-09 2023-01-23",-16.17,7.97,450,"1994-01-09 2023-01-23",50.42,16.57,450,"1994-01-09 2023-01-23",-12.6,8.4,450,"1994-01-09 2023-01-23",2.4,3.81,450,"1994-01-09 2023-01-23",0.27,0.69,449,"1994-01-09 2023-01-23",0,0.02,443,"1994-01-09 2023-01-23",0.42,1.18,442,"1994-01-09 2023-01-23",5.4,6.47,449,"1994-01-09 2023-01-23",,,,
2024-01-15,-9.16,7.4,450,"1994-01-08 2023-01-22",79.96,11.55,450,"1994-01-08 2023-01-22",-0.92,9.64,450,"1994-01-08 2023-01-22",27.15,12.39,450,"1994-01-08 2023-01-22",-16.31,7.9,450,"1994-01-08 2023-01-22",50.64,16.43,450,"1994-01-08 2023-01-22",-12.65,8.37,450,"1994-01-08 2023-01-22",2.47,3.97,450,"1994-01-08 2023-01-22",0.29,0.74,450,"1994-01-08 2023-01-22",0,0.02,444,"1994-01-08 2023-01-22",0.46,1.3,443,"1994-01-08 2023-01-22",5.6,6.58,449,"1994-01-08 2023-01-22",,,,
2024-01-14,-9.3,7.43,450,"1994-01-07 2023-01-21",79.89,11.31,450,"1994-01-07 2023-01-21",-1.08,9.74,450,"1994-01-07 2023-01-21",27.24,12.52,450,"1994-01-07 2023-01-21",-16.44,7.89,450,"1994-01-07 2023-01-21",50.64,16.41,450,"1994-01-07 2023-01-21",-12.77,8.31,450,"1994-01-07 2023-01-21",2.42,3.88,450,"1994-01-07 2023-01-21",0.29,0.77,450,"1994-01-07 2023-01-21",0,0.02,445,"1994-01-07 2023-01-21",0.47,1.35,444,"1994-01-07 2023-01-21",5.7,6.71,449,"1994-01-07 2023-01-21",,,,
2024-01-13,-9.47,7.54,450,"1994-01-06 2023-01-20",79.46,11.46,450,"1994-01-06 2023-01-20",-1.21,9.92,450,"1994-01-06 2023-01-20",27.59,12.49,450,"1994-01-06 2023-01-20",-16.6,8.01,450,"1994-01-06 2023-01-20",50.24,16.42,450,"1994-01-06 2023-01-20",-12.88,8.46,450,"1994-01-06 2023-01-20",2.5,3.92,450,"1994-01-06 2023-01-20",0.33,0.94,450,"1994-01-06 2023-01-20",0,0.04,444,"1994-01-06 2023-01-20",0.51,1.47,444,"1994-01-06 2023-01-20",5.9,6.86,449,"1994-01-06 2023-01-20",,,,
2024-01-12,-9.62,7.73,450,"1994-01-05 2023-01-19",79.34,11.33,450,"1994-01-05 2023-01-19",-1.45,10.08,450,"1994-01-05 2023-01-19",27.79,12.61,450,"1994-01-05 2023-01-19",-16.75,8.11,450,"1994-01-05 2023-01-19",50.36,16.25,450,"1994-01-05 2023-01-19",-13.03,8.59,450,"1994-01-05 2023-01-19",2.53,3.92,450,"1994-01-05 2023-01-19",0.34,0.96,450,"1994-01-05 2023-01-19",0,0.04,445,"1994-01-05 2023-01-19",0.52,1.5,445,"1994-01-05 2023-01-19",6,6.97,449,"1994-01-05 2023-01-19",,,,
2024-01-11,-9.78,7.8,450,"1994-01-04 2023-01-18",79.32,11.21,450,"1994-01-04 2023-01-18",-1.67,10.17,450,"1994-01-04 2023-01-18",28.02,12.56,450,"1994-01-04 2023-01-18",-16.92,8.21,450,"1994-01-04 2023-01-18",50.36,16.12,450,"1994-01-04 2023-01-18",-13.16,8.67,450,"1994-01-04 2023-01-18",2.59,3.89,450,"1994-01-04 2023-01-18",0.34,0.96,450,"1994-01-04 2023-01-18",0,0.04,446,"1994-01-04 2023-01-18",0.53,1.48,446,"1994-01-04 2023-01-18",6.2,7.08,449,"1994-01-04 2023-01-18",,,,
2024-01-10,-9.9,7.77,450,"1994-01-03 2023-01-17",78.92,11.31,450,"1994-01-03 2023-01-17",-1.78,10.13,450,"1994-01-03 2023-01-17",28.19,12.75,450,"1994-01-03 2023-01-17",-17.11,8.2,450,"1994-01-03 2023-01-17",50.34,16.12,450,"1994-01-03 2023-01-17",-13.29,8.72,450,"1994-01-03 2023-01-17",2.69,3.95,450,"1994-01-03 2023-01-17",0.4,1.26,450,"1994-01-03 2023-01-17",0,0.04,445,"1994-01-03 2023-01-17",0.6,1.78,445,"1994-01-03 2023-01-17",6.4,7.15,449,"1994-01-03 2023-01-17",,,,
2024-01-09,-9.94,7.67,450,"1994-01-02 2023-01-16",78.78,11.21,450,"1994-01-02 2023-01-16",-1.76,10.07,450,"1994-01-02 2023-01-16",28.35,12.7,450,"1994-01-02 2023-01-16",-17.18,8.18,450,"1994-01-02 2023-01-16",50.14,15.95,450,"1994-01-02 2023-01-16",-13.37,8.71,450,"1994-01-02 2023-01-16",2.62,3.87,450,"1994-01-02 2023-01-16",0.4,1.27,450,"1994-01-02 2023-01-16",0,0.03,445,"1994-01-02 2023-01-16",0.6,1.8,445,"1994-01-02 2023-01-16",6.5,7.17,449,"1994-01-02 2023-01-16",,,,
2024-01-08,-9.84,7.49,450,"1994-01-01 2023-01-15",79.1,11.16,450,"1994-01-01 2023-01-15",-1.72,9.83,450,"1994-01-01 2023-01-15",28.55,12.8,450,"1994-01-01 2023-01-15",-17.28,8.08,450,"1994-01-01 2023-01-15",50.28,15.68,450,"1994-01-01 2023-01-15",-13.53,8.61,450,"1994-01-01 2023-01-15",2.65,3.91,450,"1994-01-01 2023-01-15",0.4,1.27,450,"1994-01-01 2023-01-15",0,0.03,445,"1994-01-01 2023-01-15",0.61,1.81,445,"1994-01-01 2023-01-15",6.7,7.22,449,"1994-01-01 2023-01-15",,,,
2024-01-07,-9.95,7.46,450,"1993-12-31 2023-01-14",79.35,10.96,450,"1993-12-31 2023-01-14",-1.89,9.76,450,"1993-12-31 2023-01-14",28.02,12.7,450,"1993-12-31 2023-01-14",-17.43,7.99,450,"1993-12-31 2023-01-14",50.34,15.57,450,"1993-12-31 2023-01-14",-13.72,8.49,450,"1993-12-31 2023-01-14",2.5,3.78,450,"1993-12-31 2023-01-14",0.41,1.28,449,"1994-01-01 2023-01-14",0,0.03,444,"1994-01-01 2023-01-14",0.62,1.82,444,"1994-01-01 2023-01-14",6.8,7.25,449,"1993-12-31 2023-01-14",,,,
2024-01-06,-10.09,7.27,450,"1993-12-30 2023-01-13",79.4,10.94,450,"1993-12-30 2023-01-13",-2.06,9.6,450,"1993-12-30 2023-01-13",27.83,12.68,450,"1993-12-30 2023-01-13",-17.67,7.79,450,"1993-12-30 2023-01-13",50.36,15.5,450,"1993-12-30 2023-01-13",-13.95,8.37,450,"1993-12-30 2023-01-13",2.44,3.77,450,"1993-12-30 2023-01-13",0.41,1.31,449,"1993-12-30 2023-01-13",0,0.03,444,"1993-12-30 2023-01-13",0.63,1.83,445,"1993-12-30 2023-01-13",6.8,7.17,449,"1993-12-30 2023-01-13",,,,
2024-01-05,-10.13,7.19,450,"1993-12-29 2023-01-12",79.68,10.82,450,"1993-12-29 2023-01-12",-2.26,9.52,450,"1993-12-29 2023-01-12",27.63,12.45,450,"1993-12-29 2023-01-12",-17.76,7.68,450,"1993-12-29 2023-01-12",50.9,15.53,450,"1993-12-29 2023-01-12",-14.09,8.28,450,"1993-12-29 2023-01-12",2.36,3.76,450,"1993-12-29 2023-01-12",0.43,1.36,449,"1993-12-29 2023-01-12",0,0.03,443,"1993-12-29 2023-01-12",0.66,1.91,446,"1993-12-29 2023-01-12",6.9,7.01,449,"1993-12-29 2023-01-12",,,,
2024-01-04,-10.16,7.12,450,"1993-12-28 2023-01-11",79.78,11.14,450,"1993-12-28 2023-01-11",-2.41,9.44,450,"1993-12-28 2023-01-11",27.53,12.32,450,"1993-12-28 2023-01-11",-17.73,7.56,450,"1993-12-28 2023-01-11",51.54,15.89,450,"1993-12-28 2023-01-11",-14.07,8.18,450,"1993-12-28 2023-01-11",2.34,3.75,450,"1993-12-28 2023-01-11",0.48,1.41,449,"1993-12-28 2023-01-11",0,0.04,443,"1993-12-28 2023-01-11",0.73,1.99,446,"1993-12-28 2023-01-11",6.9,6.89,449,"1993-12-28 2023-01-11",,,,
2024-01-03,-10.06,7.05,450,"1993-12-27 2023-01-10",79.75,11.27,450,"1993-12-27 2023-01-10",-2.35,9.37,450,"1993-12-27 2023-01-10",27.59,12.13,450,"1993-12-27 2023-01-10",-17.62,7.41,450,"1993-12-27 2023-01-10",51.62,16.11,450,"1993-12-27 2023-01-10",-13.86,8.11,450,"1993-12-27 2023-01-10",2.38,3.78,450,"1993-12-27 2023-01-10",0.52,1.46,449,"1993-12-27 2023-01-10",0,0.04,442,"1993-12-27 2023-01-10",0.79,2.08,445,"1993-12-27 2023-01-10",6.7,6.69,449,"1993-12-27 2023-01-10",,,,
2024-01-02,-10.02,7.06,450,"1993-12-26 2023-01-09",79.69,11.38,450,"1993-12-26 2023-01-09",-2.3,9.41,450,"1993-12-26 2023-01-09",27.34,11.98,450,"1993-12-26 2023-01-09",-17.52,7.41,450,"1993-12-26 2023-01-09",51.6,16.18,450,"1993-12-26 2023-01-09",-13.75,8.21,450,"1993-12-26 2023-01-09",2.32,3.66,450,"1993-12-26 2023-01-09",0.5,1.43,449,"1993-12-26 2023-01-09",0,0.04,441,"1993-12-26 2023-01-09",0.75,1.99,444,"1993-12-26 2023-01-09",6.6,6.55,450,"1993-12-26 2023-01-09",,,,
2024-01-01,-10.01,7.09,450,"1993-12-25 2023-01-08",79.6,11.51,450,"1993-12-25 2023-01-08",-2.24,9.49,450,"1993-12-25 2023-01-08",27.06,11.86,450,"1993-12-25 2023-01-08",-17.38,7.43,450,"1993-12-25 2023-01-08",51.58,16.34,450,"1993-12-25 2023-01-08",-13.59,8.25,450,"1993-12-25 2023-01-08",2.23,3.49,450,"1993-12-25 2023-01-08",0.49,1.41,449,"1993-12-25 2023-01-08",0,0.04,441,"1993-12-25 2023-01-08",0.74,1.98,444,"1993-12-25 2023-01-08",6.5,6.43,450,"1993-12-25 2023-01-08",,,,
2023-12-31,-10.02,7.08,450,"1993-12-24 2023-01-07",79.47,11.52,450,"1993-12-24 2023-01-07",-2.15,9.52,450,"1993-12-24 2023-01-07",26.79,11.74,450,"1993-12-24 2023-01-07",-17.34,7.45,450,"1993-12-24 2023-01-07",51.33,16.54,450,"1993-12-24 2023-01-07",-13.56,8.32,450,"1993-12-24 2023-01-07",2.11,3.22,450,"1993-12-24 2023-01-07",0.47,1.41,449,"1993-12-24 2023-01-07",0.01,0.04,438,"1993-12-24 2023-01-07",0.71,1.92,443,"1993-12-24 2023-01-07",6.5,6.38,450,"1993-12-24 2023-01-07",,,,
2023-12-30,-10.07,7.11,450,"1993-12-23 2023-01-06",79.32,11.66,450,"1993-12-23 2023-01-06",-2.15,9.53,450,"1993-12-23 2023-01-06",26.57,11.56,450,"1993-12-23 2023-01-06",-17.47,7.5,450,"1993-12-23 2023-01-06",50.98,16.32,450,"1993-12-23 2023-01-06",-13.7,8.39,450,"1993-12-23 2023-01-06",2.15,3.35,450,"1993-12-23 2023-01-06",0.49,1.47,449,"1993-12-23 2023-01-06",0.01,0.04,438,"1993-12-23 2023-01-06",0.71,1.93,443,"1993-12-23 2023-01-06",6.4,6.37,450,"1993-12-23 2023-01-06",,,,
2023-12-29,-10.15,7.19,450,"1993-12-22 2023-01-05",79.66,11.56,450,"1993-12-22 2023-01-05",-2.28,9.53,450,"1993-12-22 2023-01-05",26.39,11.57,450,"1993-12-22 2023-01-05",-17.52,7.48,450,"1993-12-22 2023-01-05",51.3,16.32,450,"1993-12-22 2023-01-05",-13.81,8.34,450,"1993-12-22 2023-01-05",2.1,3.3,450,"1993-12-22 2023-01-05",0.51,1.53,449,"1993-12-22 2023-01-05",0,0.03,440,"1993-12-22 2023-01-05",0.73,1.99,444,"1993-12-22 2023-01-05",6.4,6.33,450,"1993-12-22 2023-01-05",,,,
2023-12-28,-10.14,7.14,450,"1993-12-21 2023-01-04",79.82,11.53,450,"1993-12-21 2023-01-04",-2.27,9.45,450,"1993-12-21 2023-01-04",26.32,11.34,450,"1993-12-21 2023-01-04",-17.48,7.53,450,"1993-12-21 2023-01-04",51.44,16.46,450,"1993-12-21 2023-01-04",-13.79,8.34,450,"1993-12-21 2023-01-04",2.11,3.32,450,"1993-12-21 2023-01-04",0.53,1.61,449,"1993-12-21 2023-01-04",0,0.03,440,"1993-12-21 2023-01-04",0.75,2.04,444,"1993-12-21 2023-01-04",6.3,6.38,450,"1993-12-21 2023-01-04",,,,
2023-12-27,-10.03,7.17,450,"1993-12-20 2023-01-03",79.92,11.52,450,"1993-12-20 2023-01-03",-2.18,9.4,450,"1993-12-20 2023-01-03",26.34,11.27,450,"1993-12-20 2023-01-03",-17.4,7.48,450,"1993-12-20 2023-01-03",51.59,16.5,450,"1993-12-20 2023-01-03",-13.72,8.32,450,"1993-12-20 2023-01-03",2.1,3.34,450,"1993-12-20 2023-01-03",0.55,1.64,449,"1993-12-20 2023-01-03",0.01,0.08,440,"1993-12-20 2023-01-03",0.77,2.07,444,"1993-12-20 2023-01-03",6.1,6.41,450,"1993-12-20 2023-01-03",,,,
2023-12-26,-10.02,7.16,450,"1993-12-19 2023-01-02",80.06,11.42,450,"1993-12-19 2023-01-02",-2.12,9.41,450,"1993-12-19 2023-01-02",26.33,11.17,450,"1993-12-19 2023-01-02",-17.28,7.42,450,"1993-12-19 2023-01-02",51.33,16.44,450,"1993-12-19 2023-01-02",-13.6,8.23,450,"1993-12-19 2023-01-02",2.07,3.23,450,"1993-12-19 2023-01-02",0.54,1.57,449,"1993-12-19 2023-01-02",0.01,0.18,441,"1993-12-19 2023-01-02",0.74,1.89,445,"1993-12-19 2023-01-02",6,6.47,450,"1993-12-19 2023-01-02",,,,
2023-12-25,-9.89,7.1,450,"1993-12-18 2023-01-01",80.17,11.58,450,"1993-12-18 2023-01-01",-2.03,9.28,450,"1993-12-18 2023-01-01",26.52,11.14,450,"1993-12-18 2023-01-01",-17.2,7.28,450,"1993-12-18 2023-01-01",51.41,16.44,450,"1993-12-18 2023-01-01",-13.51,8.09,450,"1993-12-18 2023-01-01",2.17,3.34,450,"1993-12-18 2023-01-01",0.55,1.58,449,"1993-12-18 2023-01-01",0.01,0.18,441,"1993-12-18 2023-01-01",0.75,1.94,445,"1993-12-18 2023-01-01",5.8,6.5,450,"1993-12-18 2023-01-01",,,,
2023-12-24,-9.87,7.12,450,"1993-12-17 2022-12-31",79.79,11.71,450,"1993-12-17 2022-12-31",-1.85,9.38,450,"1993-12-17 2022-12-31",26.77,11.3,450,"1993-12-17 2022-12-31",-17.01,7.23,450,"1993-12-17 2022-12-31",50.92,16.62,450,"1993-12-17 2022-12-31",-13.27,8.08,450,"1993-12-17 2022-12-31",2.23,3.36,450,"1993-12-17 2022-12-31",0.54,1.58,449,"1993-12-17 2022-12-31",0.02,0.18,441,"1993-12-17 2022-12-31",0.74,1.95,445,"1993-12-17 2022-12-31",5.7,6.49,450,"1993-12-17 2022-12-31",,,,
2023-12-23,-9.69,6.98,450,"1993-12-16 2022-12-30",79.53,11.9,450,"1993-12-16 2022-12-30",-1.6,9.29,450,"1993-12-16 2022-12-30",27.3,11.35,450,"1993-12-16 2022-12-30",-16.82,7.16,450,"1993-12-16 2022-12-30",50.52,16.65,450,"1993-12-16 2022-12-30",-13.01,8.03,450,"1993-12-16 2022-12-30",2.37,3.41,450,"1993-12-16 2022-12-30",0.54,1.58,450,"1993-12-16 2022-12-30",0.01,0.18,442,"1993-12-16 2022-12-30",0.75,1.95,446,"1993-12-16 2022-12-30",5.5,6.46,450,"1993-12-16 2022-12-30",,,,
2023-12-22,-9.54,6.96,450,"1993-12-15 2022-12-29",79.45,11.86,450,"1993-12-15 2022-12-29",-1.33,9.25,450,"1993-12-15 2022-12-29",27.63,11.39,450,"1993-12-15 2022-12-29",-16.62,7.23,450,"1993-12-15 2022-12-29",50.01,16.52,450,"1993-12-15 2022-12-29",-12.79,8.05,450,"1993-12-15 2022-12-29",2.36,3.38,450,"1993-12-15 2022-12-29",0.53,1.55,450,"1993-12-15 2022-12-29",0.01,0.18,442,"1993-12-15 2022-12-29",0.73,1.94,446,"1993-12-15 2022-12-29",5.4,6.43,450,"1993-12-15 2022-12-29",,,,
2023-12-21,-9.53,7.02,450,"1993-12-14 2022-12-28",79.13,11.78,450,"1993-12-14 2022-12-28",-1.16,9.25,450,"1993-12-14 2022-12-28",27.87,11.52,450,"1993-12-14 2022-12-28",-16.55,7.27,450,"1993-12-14 2022-12-28",49.53,16.22,450,"1993-12-14 2022-12-28",-12.67,8.06,450,"1993-12-14 2022-12-28",2.34,3.34,450,"1993-12-14 2022-12-28",0.5,1.52,450,"1993-12-14 2022-12-28",0.01,0.18,442,"1993-12-14 2022-12-28",0.69,1.86,445,"1993-12-14 2022-12-28",5.3,6.46,450,"1993-12-14 2022-12-28",,,,
2023-12-20,-9.49,7.05,450,"1993-12-13 2022-12-27",78.83,11.59,450,"1993-12-13 2022-12-27",-1.02,9.3,450,"1993-12-13 2022-12-27",28,11.58,450,"1993-12-13 2022-12-27",-16.5,7.25,450,"1993-12-13 2022-12-27",49.02,16.01,450,"1993-12-13 2022-12-27",-12.57,8.05,450,"1993-12-13 2022-12-27",2.47,3.47,450,"1993-12-13 2022-12-27",0.45,1.47,450,"1993-12-13 2022-12-27",0.02,0.19,441,"1993-12-13 2022-12-27",0.61,1.77,445,"1993-12-13 2022-12-27",5.2,6.5,450,"1993-12-13 2022-12-27",,,,
2023-12-19,-9.38,6.96,450,"1993-12-12 2022-12-26",78.68,11.77,450,"1993-12-12 2022-12-26",-0.86,9.2,450,"1993-12-12 2022-12-26",28.22,11.46,450,"1993-12-12 2022-12-26",-16.47,7.17,450,"1993-12-12 2022-12-26",48.72,15.88,450,"1993-12-12 2022-12-26",-12.53,7.98,450,"1993-12-12 2022-12-26",2.5,3.53,450,"1993-12-12 2022-12-26",0.43,1.46,450,"1993-12-12 2022-12-26",0.01,0.19,442,"1993-12-12 2022-12-26",0.57,1.71,445,"1993-12-12 2022-12-26",5.2,6.56,450,"1993-12-12 2022-12-26",,,,
2023-12-18,-9.25,6.86,450,"1993-12-11 2022-12-25",78.81,11.95,450,"1993-12-11 2022-12-25",-0.74,9.05,450,"1993-12-11 2022-12-25",28.44,11.46,450,"1993-12-11 2022-12-25",-16.35,7.1,450,"1993-12-11 2022-12-25",48.7,16.03,450,"1993-12-11 2022-12-25",-12.38,7.88,450,"1993-12-11 2022-12-25",2.56,3.59,450,"1993-12-11 2022-12-25",0.45,1.49,450,"1993-12-11 2022-12-25",0.01,0.19,443,"1993-12-11 2022-12-25",0.58,1.73,446,"1993-12-11 2022-12-25",5.1,6.57,449,"1993-12-11 2022-12-25",,,,
2023-12-17,-9.13,6.83,450,"1993-12-10 2022-12-24",78.7,12.47,450,"1993-12-10 2022-12-24",-0.64,9.01,450,"1993-12-10 2022-12-24",28.82,11.46,450,"1993-12-10 2022-12-24",-16.26,7.05,450,"1993-12-10 2022-12-24",48.71,16.12,450,"1993-12-10 2022-12-24",-12.23,7.88,450,"1993-12-10 2022-12-24",2.58,3.56,450,"1993-12-10 2022-12-24",0.47,1.51,450,"1993-12-10 2022-12-24",0.01,0.19,444,"1993-12-10 2022-12-24",0.61,1.76,446,"1993-12-10 2022-12-24",5.1,6.57,448,"1993-12-10 2022-12-24",,,,
2023-12-16,-8.99,6.84,450,"1993-12-09 2022-12-23",79.07,12.82,450,"1993-12-09 2022-12-23",-0.51,8.9,450,"1993-12-09 2022-12-23",29.06,11.35,450,"1993-12-09 2022-12-23",-16.15,7.03,450,"1993-12-09 2022-12-23",48.65,16,450,"1993-12-09 2022-12-23",-12.17,7.8,450,"1993-12-09 2022-12-23",2.62,3.68,450,"1993-12-09 2022-12-23",0.51,1.54,450,"1993-12-09 2022-12-23",0.01,0.18,447,"1993-12-09 2022-12-23",0.66,1.81,447,"1993-12-09 2022-12-23",5,6.53,448,"1993-12-09 2022-12-23",,,,
2023-12-15,-8.88,6.79,450,"1993-12-08 2022-12-22",79.3,12.73,450,"1993-12-08 2022-12-22",-0.44,8.85,450,"1993-12-08 2022-12-22",28.99,11.2,450,"1993-12-08 2022-12-22",-15.99,6.98,450,"1993-12-08 2022-12-22",48.93,16.31,450,"1993-12-08 2022-12-22",-12.04,7.73,450,"1993-12-08 2022-12-22",2.55,3.55,450,"1993-12-08 2022-12-22",0.48,1.48,450,"1993-12-08 2022-12-22",0.01,0.18,446,"1993-12-08 2022-12-22",0.64,1.76,446,"1993-12-08 2022-12-22",4.9,6.41,448,"1993-12-08 2022-12-22",,,,
2023-12-14,-8.75,6.72,450,"1993-12-07 2022-12-21",79.37,12.74,450,"1993-12-07 2022-12-21",-0.31,8.75,450,"1993-12-07 2022-12-21",28.9,11.11,450,"1993-12-07 2022-12-21",-15.96,7.02,450,"1993-12-07 2022-12-21",48.79,16.16,450,"1993-12-07 2022-12-21",-12,7.75,450,"1993-12-07 2022-12-21",2.49,3.54,450,"1993-12-07 2022-12-21",0.44,1.4,450,"1993-12-07 2022-12-21",0.01,0.18,445,"1993-12-07 2022-12-21",0.59,1.66,445,"1993-12-07 2022-12-21",4.8,6.28,447,"1993-12-07 2022-12-21",,,,
2023-12-13,-8.76,6.69,450,"1993-12-06 2022-12-20",79.26,12.83,450,"1993-12-06 2022-12-20",-0.21,8.8,450,"1993-12-06 2022-12-20",28.8,11.29,450,"1993-12-06 2022-12-20",-15.93,6.9,450,"1993-12-06 2022-12-20",48.5,15.99,450,"1993-12-06 2022-12-20",-11.97,7.66,450,"1993-12-06 2022-12-20",2.52,3.62,450,"1993-12-06 2022-12-20",0.42,1.3,450,"1993-12-06 2022-12-20",0.01,0.19,444,"1993-12-06 2022-12-20",0.56,1.57,444,"1993-12-06 2022-12-20",4.8,6.16,446,"1993-12-06 2022-12-20",,,,
2023-12-12,-8.83,6.47,450,"1993-12-05 2022-12-19",79.26,13.02,450,"1993-12-05 2022-12-19",-0.26,8.66,450,"1993-12-05 2022-12-19",28.84,11.35,450,"1993-12-05 2022-12-19",-15.92,6.74,450,"1993-12-05 2022-12-19",48.66,16.25,450,"1993-12-05 2022-12-19",-11.96,7.52,450,"1993-12-05 2022-12-19",2.65,3.83,450,"1993-12-05 2022-12-19",0.41,1.27,450,"1993-12-05 2022-12-19",0.01,0.17,443,"1993-12-05 2022-12-19",0.55,1.56,443,"1993-12-05 2022-12-19",4.8,6.03,446,"1993-12-05 2022-12-19",,,,
2023-12-11,-8.72,6.28,450,"1993-12-04 2022-12-18",79.63,13.02,450,"1993-12-04 2022-12-18",-0.27,8.45,450,"1993-12-04 2022-12-18",28.87,11.49,450,"1993-12-04 2022-12-18",-15.85,6.59,450,"1993-12-04 2022-12-18",49.16,16.44,450,"1993-12-04 2022-12-18",-11.97,7.36,450,"1993-12-04 2022-12-18",2.57,3.8,450,"1993-12-04 2022-12-18",0.41,1.19,450,"1993-12-04 2022-12-18",0,0.06,442,"1993-12-04 2022-12-18",0.57,1.57,442,"1993-12-04 2022-12-18",4.7,5.95,446,"1993-12-04 2022-12-18",,,,
2023-12-10,-8.81,6.26,450,"1993-12-03 2022-12-17",79.59,12.83,450,"1993-12-03 2022-12-17",-0.36,8.48,450,"1993-12-03 2022-12-17",28.62,11.54,450,"1993-12-03 2022-12-17",-15.81,6.58,450,"1993-12-03 2022-12-17",49.17,16.59,450,"1993-12-03 2022-12-17",-11.91,7.39,450,"1993-12-03 2022-12-17",2.52,3.76,450,"1993-12-03 2022-12-17",0.38,1.16,450,"1993-12-03 2022-12-17",0,0.06,441,"1993-12-03 2022-12-17",0.52,1.45,441,"1993-12-03 2022-12-17",4.7,5.92,446,"1993-12-03 2022-12-17",,,,
2023-12-09,-8.81,6.27,450,"1993-12-02 2022-12-16",79.77,12.87,450,"1993-12-02 2022-12-16",-0.46,8.48,450,"1993-12-02 2022-12-16",28.55,11.57,450,"1993-12-02 2022-12-16",-15.77,6.58,450,"1993-12-02 2022-12-16",49.57,16.68,450,"1993-12-02 2022-12-16",-11.89,7.39,450,"1993-12-02 2022-12-16",2.52,3.92,450,"1993-12-02 2022-12-16",0.43,1.33,450,"1993-12-02 2022-12-16",0,0.06,440,"1993-12-02 2022-12-16",0.55,1.56,440,"1993-12-02 2022-12-16",4.7,5.87,446,"1993-12-02 2022-12-16",,,,
2023-12-08,-8.75,6.32,450,"1993-12-01 2022-12-15",79.96,12.86,450,"1993-12-01 2022-12-15",-0.33,8.51,450,"1993-12-01 2022-12-15",28.38,11.32,450,"1993-12-01 2022-12-15",-15.62,6.56,450,"1993-12-01 2022-12-15",49.53,16.83,450,"1993-12-01 2022-12-15",-11.8,7.36,450,"1993-12-01 2022-12-15",2.42,3.88,450,"1993-12-01 2022-12-15",0.44,1.36,450,"1993-12-01 2022-12-15",0.01,0.06,439,"1993-12-01 2022-12-15",0.57,1.6,439,"1993-12-01 2022-12-15",4.7,5.8,446,"1993-12-01 2022-12-15",,,,
2023-12-07,-8.66,6.3,450,"1993-11-30 2022-12-14",79.97,13.12,450,"1993-11-30 2022-12-14",-0.3,8.53,450,"1993-11-30 2022-12-14",28.23,11.18,450,"1993-11-30 2022-12-14",-15.48,6.48,450,"1993-11-30 2022-12-14",49.78,17.2,450,"1993-11-30 2022-12-14",-11.65,7.32,450,"1993-11-30 2022-12-14",2.44,3.96,450,"1993-11-30 2022-12-14",0.47,1.4,450,"1993-11-30 2022-12-14",0.01,0.06,438,"1993-11-30 2022-12-14",0.61,1.66,438,"1993-11-30 2022-12-14",4.6,5.77,445,"1993-11-30 2022-12-14",,,,
2023-12-06,-8.57,6.15,450,"1993-11-29 2022-12-13",80.03,13.36,450,"1993-11-29 2022-12-13",-0.17,8.47,450,"1993-11-29 2022-12-13",28.03,11.1,450,"1993-11-29 2022-12-13",-15.36,6.42,450,"1993-11-29 2022-12-13",49.65,17.39,450,"1993-11-29 2022-12-13",-11.53,7.31,450,"1993-11-29 2022-12-13",2.48,4.01,450,"1993-11-29 2022-12-13",0.47,1.39,450,"1993-11-29 2022-12-13",0.01,0.06,438,"1993-11-29 2022-12-13",0.63,1.68,438,"1993-11-29 2022-12-13",4.5,5.7,444,"1993-11-29 2022-12-13",,,,
2023-12-05,-8.43,6.1,450,"1993-11-28 2022-12-12",80.33,13.15,450,"1993-11-28 2022-12-12",-0.06,8.44,450,"1993-11-28 2022-12-12",27.91,11.22,450,"1993-11-28 2022-12-12",-15.26,6.39,450,"1993-11-28 2022-12-12",49.66,17.35,450,"1993-11-28 2022-12-12",-11.43,7.21,450,"1993-11-28 2022-12-12",2.42,4.05,450,"1993-11-28 2022-12-12",0.51,1.46,450,"1993-11-28 2022-12-12",0,0.05,438,"1993-11-28 2022-12-12",0.68,1.78,437,"1993-11-28 2022-12-12",4.4,5.5,443,"1993-11-28 2022-12-12",,,,
2023-12-04,-8.35,6.16,450,"1993-11-27 2022-12-11",80.53,12.92,450,"1993-11-27 2022-12-11",0.01,8.47,450,"1993-11-27 2022-12-11",27.83,11.24,450,"1993-11-27 2022-12-11",-15.1,6.4,450,"1993-11-27 2022-12-11",49.66,17.42,450,"1993-11-27 2022-12-11",-11.32,7.17,450,"1993-11-27 2022-12-11",2.38,4.02,450,"1993-11-27 2022-12-11",0.53,1.45,450,"1993-11-27 2022-12-11",0,0.05,436,"1993-11-27 2022-12-11",0.71,1.77,437,"1993-11-27 2022-12-11",4.3,5.39,443,"1993-11-27 2022-12-11",,,,
2023-12-03,-8.25,6.18,450,"1993-11-26 2022-12-10",80.73,12.72,450,"1993-11-26 2022-12-10",0.15,8.5,450,"1993-11-26 2022-12-10",27.84,11.29,450,"1993-11-26 2022-12-10",-14.97,6.34,450,"1993-11-26 2022-12-10",49.4,17.43,450,"1993-11-26 2022-12-10",-11.18,7.11,450,"1993-11-26 2022-12-10",2.33,3.98,450,"1993-11-26 2022-12-10",0.52,1.44,450,"1993-11-26 2022-12-10",0.01,0.05,435,"1993-11-26 2022-12-10",0.71,1.77,436,"1993-11-26 2022-12-10",4.2,5.34,443,"1993-11-26 2022-12-10",,,,
2023-12-02,-8.17,6.04,450,"1993-11-25 2022-12-09",80.72,12.49,450,"1993-11-25 2022-12-09",0.32,8.39,450,"1993-11-25 2022-12-09",27.7,11.26,450,"1993-11-25 2022-12-09",-14.87,6.28,450,"1993-11-25 2022-12-09",48.97,17.49,450,"1993-11-25 2022-12-09",-11.04,7.06,450,"1993-11-25 2022-12-09",2.38,4.01,450,"1993-11-25 2022-12-09",0.51,1.44,450,"1993-11-25 2022-12-09",0.01,0.05,435,"1993-11-25 2022-12-09",0.7,1.79,436,"1993-11-25 2022-12-09",4.1,5.28,443,"1993-11-25 2022-12-09",,,,
2023-12-01,-8.1,5.98,450,"1993-11-24 2022-12-08",80.68,12.12,450,"1993-11-24 2022-12-08",0.42,8.43,450,"1993-11-24 2022-12-08",27.61,11.11,450,"1993-11-24 2022-12-08",-14.76,6.27,450,"1993-11-24 2022-12-08",48.74,17.72,450,"1993-11-24 2022-12-08",-10.88,7.06,450,"1993-11-24 2022-12-08",2.33,3.88,450,"1993-11-24 2022-12-08",0.5,1.45,450,"1993-11-24 2022-12-08",0.01,0.05,433,"1993-11-24 2022-12-08",0.68,1.8,434,"1993-11-24 2022-12-08",4,5.27,443,"1993-11-24 2022-12-08",,,,
2023-11-30,-7.93,6.05,450,"1993-11-23 2022-12-07",80.8,12.05,450,"1993-11-23 2022-12-07",0.68,8.48,450,"1993-11-23 2022-12-07",27.62,11.27,450,"1993-11-23 2022-12-07",-14.61,6.32,450,"1993-11-23 2022-12-07",48.42,17.53,450,"1993-11-23 2022-12-07",-10.74,7.08,450,"1993-11-23 2022-12-07",2.36,3.89,450,"1993-11-23 2022-12-07",0.53,1.57,450,"1993-11-23 2022-12-07",0.01,0.05,434,"1993-11-23 2022-12-07",0.71,1.91,435,"1993-11-23 2022-12-07",3.8,5.24,443,"1993-11-23 2022-12-07",,,,
2023-11-29,-7.81,6.02,450,"1993-11-22 2022-12-06",80.56,12.17,450,"1993-11-22 2022-12-06",0.92,8.58,450,"1993-11-22 2022-12-06",27.76,11.5,450,"1993-11-22 2022-12-06",-14.39,6.25,450,"1993-11-22 2022-12-06",48.12,17.73,450,"1993-11-22 2022-12-06",-10.41,7.08,450,"1993-11-22 2022-12-06",2.45,3.92,450,"1993-11-22 2022-12-06",0.51,1.5,450,"1993-11-22 2022-12-06",0.01,0.05,434,"1993-11-22 2022-12-06",0.69,1.85,435,"1993-11-22 2022-12-06",3.7,5.23,441,"1993-11-22 2022-12-06",,,,
2023-11-28,-7.6,5.89,450,"1993-11-21 2022-12-05",80.49,12.21,450,"1993-11-21 2022-12-05",1.22,8.51,450,"1993-11-21 2022-12-05",27.84,11.5,450,"1993-11-21 2022-12-05",-14.19,6.19,450,"1993-11-21 2022-12-05",47.74,17.79,450,"1993-11-21 2022-12-05",-10.14,7.04,450,"1993-11-21 2022-12-05",2.42,3.91,450,"1993-11-21 2022-12-05",0.52,1.5,450,"1993-11-21 2022-12-05",0.01,0.05,435,"1993-11-21 2022-12-05",0.71,1.89,436,"1993-11-21 2022-12-05",3.6,5.16,442,"1993-11-21 2022-12-05",,,,
2023-11-27,-7.38,5.94,450,"1993-11-20 2022-12-04",80.63,11.93,450,"1993-11-20 2022-12-04",1.55,8.59,450,"1993-11-20 2022-12-04",27.84,11.44,450,"1993-11-20 2022-12-04",-13.97,6.26,450,"1993-11-20 2022-12-04",47.26,17.69,450,"1993-11-20 2022-12-04",-9.95,7.05,450,"1993-11-20 2022-12-04",2.28,3.69,450,"1993-11-20 2022-12-04",0.5,1.48,450,"1993-11-20 2022-12-04",0.01,0.05,435,"1993-11-20 2022-12-04",0.68,1.87,436,"1993-11-20 2022-12-04",3.5,5.12,441,"1993-11-20 2022-12-04",,,,
2023-11-26,-7.29,6.06,450,"1993-11-19 2022-12-03",80.29,12.15,450,"1993-11-19 2022-12-03",1.74,8.74,450,"1993-11-19 2022-12-03",27.77,11.3,450,"1993-11-19 2022-12-03",-13.78,6.34,450,"1993-11-19 2022-12-03",47.04,17.84,450,"1993-11-19 2022-12-03",-9.72,7.13,450,"1993-11-19 2022-12-03",2.42,3.86,450,"1993-11-19 2022-12-03",0.52,1.62,449,"1993-11-20 2022-12-03",0.01,0.07,434,"1993-11-20 2022-12-03",0.72,2.07,435,"1993-11-20 2022-12-03",3.4,5.01,437,"1993-11-20 2022-12-03",,,,
2023-11-25,-7.09,6.05,450,"1993-11-18 2022-12-02",80.38,12.24,450,"1993-11-18 2022-12-02",2,8.67,450,"1993-11-18 2022-12-02",28.07,11.11,450,"1993-11-18 2022-12-02",-13.62,6.34,450,"1993-11-18 2022-12-02",46.67,17.98,450,"1993-11-18 2022-12-02",-9.51,7.11,450,"1993-11-18 2022-12-02",2.43,3.85,450,"1993-11-18 2022-12-02",0.53,1.62,449,"1993-11-18 2022-12-02",0.02,0.19,435,"1993-11-18 2022-12-02",0.71,2.06,436,"1993-11-18 2022-12-02",3.3,4.87,434,"1993-11-18 2022-12-02",,,,
2023-11-24,-6.96,6.04,450,"1993-11-17 2022-12-01",80.37,12.22,450,"1993-11-17 2022-12-01",2.14,8.68,450,"1993-11-17 2022-12-01",27.97,11.06,450,"1993-11-17 2022-12-01",-13.43,6.34,450,"1993-11-17 2022-12-01",46.6,18.25,450,"1993-11-17 2022-12-01",-9.3,7.1,450,"1993-11-17 2022-12-01",2.4,3.62,450,"1993-11-17 2022-12-01",0.52,1.54,449,"1993-11-17 2022-12-01",0.02,0.19,434,"1993-11-17 2022-12-01",0.7,1.98,436,"1993-11-17 2022-12-01",3.2,4.73,433,"1993-11-17 2022-12-01",,,,
2023-11-23,-6.78,6.02,450,"1993-11-16 2022-11-30",80.54,12.1,450,"1993-11-16 2022-11-30",2.29,8.62,450,"1993-11-16 2022-11-30",28.21,11.51,450,"1993-11-16 2022-11-30",-13.31,6.35,450,"1993-11-16 2022-11-30",46.88,18.43,450,"1993-11-16 2022-11-30",-9.1,7.09,450,"1993-11-16 2022-11-30",2.49,3.68,450,"1993-11-16 2022-11-30",0.53,1.58,449,"1993-11-16 2022-11-30",0.02,0.19,434,"1993-11-16 2022-11-30",0.71,2.01,437,"1993-11-16 2022-11-30",3,4.59,432,"1993-11-16 2022-11-30",,,,
2023-11-22,-6.49,5.98,450,"1993-11-15 2022-11-29",80.84,11.87,450,"1993-11-15 2022-11-29",2.67,8.57,450,"1993-11-15 2022-11-29",28.33,11.5,450,"1993-11-15 2022-11-29",-13,6.37,450,"1993-11-15 2022-11-29",46.57,18.31,450,"1993-11-15 2022-11-29",-8.8,7.01,450,"1993-11-15 2022-11-29",2.46,3.61,450,"1993-11-15 2022-11-29",0.51,1.54,449,"1993-11-15 2022-11-29",0.03,0.21,434,"1993-11-15 2022-11-29",0.66,1.94,438,"1993-11-15 2022-11-29",2.9,4.47,430,"1993-11-15 2022-11-29",,,,
2023-11-21,-6.22,5.88,450,"1993-11-14 2022-11-28",80.92,11.67,450,"1993-11-14 2022-11-28",2.92,8.41,450,"1993-11-14 2022-11-28",28.5,11.56,450,"1993-11-14 2022-11-28",-12.7,6.25,450,"1993-11-14 2022-11-28",46.58,18.28,450,"1993-11-14 2022-11-28",-8.49,6.81,450,"1993-11-14 2022-11-28",2.45,3.58,450,"1993-11-14 2022-11-28",0.52,1.61,449,"1993-11-14 2022-11-28",0.03,0.21,435,"1993-11-14 2022-11-28",0.66,2.01,439,"1993-11-14 2022-11-28",2.8,4.33,427,"1993-11-14 2022-11-28",,,,
2023-11-20,-5.96,5.72,450,"1993-11-13 2022-11-27",80.68,11.99,450,"1993-11-13 2022-11-27",3.31,8.22,450,"1993-11-13 2022-11-27",28.69,11.35,450,"1993-11-13 2022-11-27",-12.47,6.12,450,"1993-11-13 2022-11-27",46.12,18.35,450,"1993-11-13 2022-11-27",-8.12,6.75,450,"1993-11-13 2022-11-27",2.35,3.34,450,"1993-11-13 2022-11-27",0.48,1.55,449,"1993-11-13 2022-11-27",0.03,0.2,436,"1993-11-13 2022-11-27",0.61,1.95,440,"1993-11-13 2022-11-27",2.8,4.32,424,"1993-11-13 2022-11-27",,,,
2023-11-19,-5.79,5.63,450,"1993-11-12 2022-11-26",80.56,12.04,450,"1993-11-12 2022-11-26",3.6,8.14,450,"1993-11-12 2022-11-26",28.6,11.28,450,"1993-11-12 2022-11-26",-12.25,6.05,450,"1993-11-12 2022-11-26",45.8,18.1,450,"1993-11-12 2022-11-26",-7.88,6.69,450,"1993-11-12 2022-11-26",2.37,3.34,450,"1993-11-12 2022-11-26",0.44,1.53,449,"1993-11-12 2022-11-26",0.03,0.21,438,"1993-11-12 2022-11-26",0.57,1.94,441,"1993-11-12 2022-11-26",2.7,4.24,421,"1993-11-12 2022-11-26",,,,
2023-11-18,-5.77,5.52,450,"1993-11-11 2022-11-25",80.61,12.11,450,"1993-11-11 2022-11-25",3.68,8.07,450,"1993-11-11 2022-11-25",28.36,11.15,450,"1993-11-11 2022-11-25",-12.22,6.01,450,"1993-11-11 2022-11-25",45.8,18.14,450,"1993-11-11 2022-11-25",-7.91,6.65,450,"1993-11-11 2022-11-25",2.36,3.32,450,"1993-11-11 2022-11-25",0.42,1.51,449,"1993-11-11 2022-11-25",0.03,0.2,438,"1993-11-11 2022-11-25",0.54,1.92,441,"1993-11-11 2022-11-25",2.7,4.16,419,"1993-11-11 2022-11-25",,,,
2023-11-17,-5.69,5.57,450,"1993-11-10 2022-11-24",81.1,11.95,450,"1993-11-10 2022-11-24",3.58,8.18,450,"1993-11-10 2022-11-24",28.21,11.11,450,"1993-11-10 2022-11-24",-12.12,6.06,450,"1993-11-10 2022-11-24",46.64,18.51,450,"1993-11-10 2022-11-24",-7.94,6.68,450,"1993-11-10 2022-11-24",2.31,3.31,450,"1993-11-10 2022-11-24",0.45,1.57,449,"1993-11-10 2022-11-24",0.03,0.2,437,"1993-11-10 2022-11-24",0.56,1.96,441,"1993-11-10 2022-11-24",2.7,4.12,417,"1993-11-10 2022-11-24",,,,
2023-11-16,-5.56,5.55,450,"1993-11-09 2022-11-23",81.42,11.93,450,"1993-11-09 2022-11-23",3.61,8.23,450,"1993-11-09 2022-11-23",28.13,11.19,450,"1993-11-09 2022-11-23",-11.96,5.97,450,"1993-11-09 2022-11-23",47.24,18.77,450,"1993-11-09 2022-11-23",-7.86,6.59,450,"1993-11-09 2022-11-23",2.38,3.36,450,"1993-11-09 2022-11-23",0.48,1.62,449,"1993-11-09 2022-11-23",0.03,0.21,438,"1993-11-09 2022-11-23",0.6,2,442,"1993-11-09 2022-11-23",2.7,4.1,414,"1993-11-09 2022-11-23",,,,
2023-11-15,-5.45,5.4,450,"1993-11-08 2022-11-22",81.57,12.01,450,"1993-11-08 2022-11-22",3.7,8.12,450,"1993-11-08 2022-11-22",28.14,11.1,450,"1993-11-08 2022-11-22",-11.75,5.81,450,"1993-11-08 2022-11-22",47.45,18.96,450,"1993-11-08 2022-11-22",-7.61,6.42,450,"1993-11-08 2022-11-22",2.39,3.4,450,"1993-11-08 2022-11-22",0.48,1.55,449,"1993-11-08 2022-11-22",0.03,0.21,437,"1993-11-08 2022-11-22",0.59,1.93,441,"1993-11-08 2022-11-22",2.7,4.08,411,"1993-11-08 2022-11-22",,,,
2023-11-14,-5.2,5.27,450,"1993-11-07 2022-11-21",82.03,11.83,450,"1993-11-07 2022-11-21",3.81,7.92,450,"1993-11-07 2022-11-21",28.24,10.96,450,"1993-11-07 2022-11-21",-11.49,5.6,450,"1993-11-07 2022-11-21",47.76,19.05,450,"1993-11-07 2022-11-21",-7.43,6.16,450,"1993-11-07 2022-11-21",2.33,3.39,450,"1993-11-07 2022-11-21",0.51,1.61,449,"1993-11-07 2022-11-21",0.04,0.23,437,"1993-11-07 2022-11-21",0.63,2.02,441,"1993-11-07 2022-11-21",2.6,3.98,410,"1993-11-07 2022-11-21",,,,
2023-11-13,-4.96,5.19,450,"1993-11-06 2022-11-20",82.42,11.71,450,"1993-11-06 2022-11-20",3.94,7.77,450,"1993-11-06 2022-11-20",28.32,10.97,450,"1993-11-06 2022-11-20",-11.24,5.47,450,"1993-11-06 2022-11-20",48.28,19.2,450,"1993-11-06 2022-11-20",-7.26,6.03,450,"1993-11-06 2022-11-20",2.39,3.37,450,"1993-11-06 2022-11-20",0.51,1.6,449,"1993-11-06 2022-11-20",0.04,0.23,436,"1993-11-06 2022-11-20",0.62,1.99,440,"1993-11-06 2022-11-20",2.6,3.91,406,"1993-11-06 2022-11-20",,,,
2023-11-12,-4.76,5.04,450,"1993-11-05 2022-11-19",82.5,11.97,450,"1993-11-05 2022-11-19",4.13,7.7,450,"1993-11-05 2022-11-19",28.26,10.99,450,"1993-11-05 2022-11-19",-11.04,5.32,450,"1993-11-05 2022-11-19",48.32,19.47,450,"1993-11-05 2022-11-19",-7.05,5.91,450,"1993-11-05 2022-11-19",2.39,3.34,450,"1993-11-05 2022-11-19",0.54,1.64,449,"1993-11-05 2022-11-19",0.05,0.25,437,"1993-11-05 2022-11-19",0.65,2.04,441,"1993-11-05 2022-11-19",2.5,3.77,403,"1993-11-05 2022-11-19",,,,
2023-11-11,-4.52,4.88,450,"1993-11-04 2022-11-18",82.85,11.85,450,"1993-11-04 2022-11-18",4.43,7.6,450,"1993-11-04 2022-11-18",28.41,11.17,450,"1993-11-04 2022-11-18",-10.86,5.27,450,"1993-11-04 2022-11-18",48.04,19.51,450,"1993-11-04 2022-11-18",-6.87,5.81,450,"1993-11-04 2022-11-18",2.28,3.16,450,"1993-11-04 2022-11-18",0.5,1.44,450,"1993-11-04 2022-11-18",0.05,0.26,438,"1993-11-04 2022-11-18",0.59,1.76,443,"1993-11-04 2022-11-18",2.4,3.74,402,"1993-11-04 2022-11-18",,,,
2023-11-10,-4.35,4.77,450,"1993-11-03 2022-11-17",82.86,12.05,450,"1993-11-03 2022-11-17",4.66,7.6,450,"1993-11-03 2022-11-17",28.14,11.18,450,"1993-11-03 2022-11-17",-10.63,5.16,450,"1993-11-03 2022-11-17",47.98,19.82,450,"1993-11-03 2022-11-17",-6.61,5.75,450,"1993-11-03 2022-11-17",2.24,3.2,450,"1993-11-03 2022-11-17",0.52,1.48,450,"1993-11-03 2022-11-17",0.04,0.21,437,"1993-11-03 2022-11-17",0.61,1.79,442,"1993-11-03 2022-11-17",2.3,3.66,401,"1993-11-03 2022-11-17",,,,
2023-11-09,-4.15,4.65,450,"1993-11-02 2022-11-16",82.69,12.42,450,"1993-11-02 2022-11-16",4.96,7.5,450,"1993-11-02 2022-11-16",28.06,10.92,450,"1993-11-02 2022-11-16",-10.44,5.13,450,"1993-11-02 2022-11-16",47.91,20.02,450,"1993-11-02 2022-11-16",-6.36,5.7,450,"1993-11-02 2022-11-16",2.19,3.22,450,"1993-11-02 2022-11-16",0.55,1.53,450,"1993-11-02 2022-11-16",0.05,0.22,438,"1993-11-02 2022-11-16",0.65,1.95,442,"1993-11-02 2022-11-16",2.3,3.64,397,"1993-11-02 2022-11-16",,,,
2023-11-08,-4.07,4.61,450,"1993-11-01 2022-11-15",82.4,12.74,450,"1993-11-01 2022-11-15",5.16,7.42,450,"1993-11-01 2022-11-15",27.73,10.54,450,"1993-11-01 2022-11-15",-10.32,5.12,450,"1993-11-01 2022-11-15",47.32,20.02,450,"1993-11-01 2022-11-15",-6.2,5.69,450,"1993-11-01 2022-11-15",2.2,3.27,450,"1993-11-01 2022-11-15",0.57,1.6,450,"1993-11-01 2022-11-15",0.07,0.36,439,"1993-11-01 2022-11-15",0.63,1.94,442,"1993-11-01 2022-11-15",2.2,3.6,393,"1993-11-01 2022-11-15",,,,
2023-11-07,-4.04,4.6,450,"1993-10-31 2022-11-14",82.03,12.87,450,"1993-10-31 2022-11-14",5.26,7.39,450,"1993-10-31 2022-11-14",27.77,10.73,450,"1993-10-31 2022-11-14",-10.35,5.08,450,"1993-10-31 2022-11-14",46.94,19.97,450,"1993-10-31 2022-11-14",-6.1,5.73,450,"1993-10-31 2022-11-14",2.23,3.28,450,"1993-10-31 2022-11-14",0.58,1.63,449,"1993-11-01 2022-11-14",0.08,0.5,439,"1993-11-01 2022-11-14",0.63,1.94,441,"1993-11-01 2022-11-14",2.2,3.53,387,"1993-11-01 2022-11-14",,,,
2023-11-06,-4,4.6,450,"1993-10-30 2022-11-13",81.84,13.12,450,"1993-10-30 2022-11-13",5.46,7.45,450,"1993-10-30 2022-11-13",27.81,10.6,450,"1993-10-30 2022-11-13",-10.32,5.1,450,"1993-10-30 2022-11-13",46.35,20.05,450,"1993-10-30 2022-11-13",-6.01,5.8,450,"1993-10-30 2022-11-13",2.23,3.25,450,"1993-10-30 2022-11-13",0.56,1.56,448,"1993-11-01 2022-11-13",0.08,0.5,438,"1993-11-01 2022-11-13",0.61,1.85,440,"1993-11-01 2022-11-13",2.1,3.51,384,"1993-11-01 2022-11-13",,,,
2023-11-05,-3.93,4.65,450,"1993-10-29 2022-11-12",82.17,12.91,450,"1993-10-29 2022-11-12",5.46,7.51,450,"1993-10-29 2022-11-12",27.87,10.72,450,"1993-10-29 2022-11-12",-10.19,5.13,450,"1993-10-29 2022-11-12",46.54,20.24,450,"1993-10-29 2022-11-12",-5.98,5.83,450,"1993-10-29 2022-11-12",2.35,3.42,450,"1993-10-29 2022-11-12",0.6,1.64,448,"1993-10-29 2022-11-12",0.09,0.5,437,"1993-10-29 2022-11-12",0.65,1.95,440,"1993-10-29 2022-11-12",2.1,3.42,382,"1993-10-29 2022-11-12",,,,
2023-11-04,-3.77,4.62,450,"1993-10-28 2022-11-11",82.4,12.86,450,"1993-10-28 2022-11-11",5.53,7.51,450,"1993-10-28 2022-11-11",27.84,10.81,450,"1993-10-28 2022-11-11",-10.07,5.14,450,"1993-10-28 2022-11-11",47.02,20.49,450,"1993-10-28 2022-11-11",-5.89,5.82,450,"1993-10-28 2022-11-11",2.36,3.41,450,"1993-10-28 2022-11-11",0.65,1.7,448,"1993-10-28 2022-11-11",0.11,0.54,437,"1993-10-28 2022-11-11",0.68,1.96,440,"1993-10-28 2022-11-11",1.9,3.35,381,"1993-10-28 2022-11-11",,,,
2023-11-03,-3.48,4.59,450,"1993-10-27 2022-11-10",82.14,13.13,450,"1993-10-27 2022-11-10",5.93,7.52,450,"1993-10-27 2022-11-10",28.44,11.33,450,"1993-10-27 2022-11-10",-9.78,5.07,450,"1993-10-27 2022-11-10",46.51,20.68,450,"1993-10-27 2022-11-10",-5.43,5.71,450,"1993-10-27 2022-11-10",2.58,3.69,450,"1993-10-27 2022-11-10",0.7,1.77,448,"1993-10-27 2022-11-10",0.13,0.63,438,"1993-10-27 2022-11-10",0.7,1.98,441,"1993-10-27 2022-11-10",1.8,3.18,378,"1993-10-27 2022-11-10",,,,
2023-11-02,-3.22,4.47,450,"1993-10-26 2022-11-09",81.83,13.07,450,"1993-10-26 2022-11-09",6.47,7.35,450,"1993-10-26 2022-11-09",28.78,11.39,450,"1993-10-26 2022-11-09",-9.49,4.87,450,"1993-10-26 2022-11-09",45.45,20.38,450,"1993-10-26 2022-11-09",-5.02,5.55,450,"1993-10-26 2022-11-09",2.61,3.7,450,"1993-10-26 2022-11-09",0.66,1.7,448,"1993-10-26 2022-11-09",0.13,0.63,440,"1993-10-26 2022-11-09",0.66,1.9,442,"1993-10-26 2022-11-09",1.7,2.97,374,"1993-10-26 2022-11-09",,,,
2023-11-01,-3,4.37,450,"1993-10-25 2022-11-08",81.64,12.92,450,"1993-10-25 2022-11-08",6.93,7.2,450,"1993-10-25 2022-11-08",28.93,11.56,450,"1993-10-25 2022-11-08",-9.27,4.79,450,"1993-10-25 2022-11-08",44.41,19.95,450,"1993-10-25 2022-11-08",-4.72,5.39,450,"1993-10-25 2022-11-08",2.54,3.7,450,"1993-10-25 2022-11-08",0.61,1.61,448,"1993-10-25 2022-11-08",0.13,0.63,440,"1993-10-25 2022-11-08",0.58,1.78,442,"1993-10-25 2022-11-08",1.6,2.82,369,"1993-10-25 2022-11-08",,,,
2023-10-31,-2.76,4.25,450,"1993-10-24 2022-11-07",81.64,12.97,450,"1993-10-24 2022-11-07",7.33,7.15,450,"1993-10-24 2022-11-07",29.11,11.69,450,"1993-10-24 2022-11-07",-9.08,4.72,450,"1993-10-24 2022-11-07",43.75,19.82,450,"1993-10-24 2022-11-07",-4.48,5.3,450,"1993-10-24 2022-11-07",2.56,3.73,450,"1993-10-24 2022-11-07",0.6,1.64,448,"1993-10-24 2022-11-07",0.13,0.65,441,"1993-10-24 2022-11-07",0.58,1.8,443,"1993-10-24 2022-11-07",1.6,2.82,364,"1993-10-24 2022-11-07",,,,
2023-10-30,-2.53,4.13,450,"1993-10-23 2022-11-06",81.43,13.17,450,"1993-10-23 2022-11-06",7.74,7.1,450,"1993-10-23 2022-11-06",29.05,11.61,450,"1993-10-23 2022-11-06",-8.83,4.67,450,"1993-10-23 2022-11-06",43.32,19.89,450,"1993-10-23 2022-11-06",-4.16,5.24,450,"1993-10-23 2022-11-06",2.67,3.76,450,"1993-10-23 2022-11-06",0.66,1.93,447,"1993-10-23 2022-11-06",0.18,1.22,440,"1993-10-23 2022-11-06",0.59,1.76,442,"1993-10-23 2022-11-06",1.6,2.87,360,"1993-10-23 2022-11-06",,,,
2023-10-29,-2.33,4,450,"1993-10-22 2022-11-05",81.18,13.18,450,"1993-10-22 2022-11-05",8.17,7.09,450,"1993-10-22 2022-11-05",28.92,11.46,450,"1993-10-22 2022-11-05",-8.56,4.54,450,"1993-10-22 2022-11-05",42.72,19.88,450,"1993-10-22 2022-11-05",-3.82,5.07,450,"1993-10-22 2022-11-05",2.64,3.75,450,"1993-10-22 2022-11-05",0.7,2.15,447,"1993-10-22 2022-11-05",0.18,1.22,440,"1993-10-22 2022-11-05",0.63,2.01,442,"1993-10-22 2022-11-05",1.5,2.82,358,"1993-10-22 2022-11-05",,,,
2023-10-28,-2.1,3.96,450,"1993-10-21 2022-11-04",81.03,13.05,450,"1993-10-21 2022-11-04",8.52,7.04,450,"1993-10-21 2022-11-04",28.73,11.32,450,"1993-10-21 2022-11-04",-8.25,4.47,450,"1993-10-21 2022-11-04",42.37,19.71,450,"1993-10-21 2022-11-04",-3.48,4.89,450,"1993-10-21 2022-11-04",2.62,3.76,450,"1993-10-21 2022-11-04",0.68,2.13,447,"1993-10-21 2022-11-04",0.19,1.23,439,"1993-10-21 2022-11-04",0.6,1.96,441,"1993-10-21 2022-11-04",1.4,2.76,356,"1993-10-21 2022-11-04",,,,
2023-10-27,-1.86,3.88,450,"1993-10-20 2022-11-03",80.88,13.08,450,"1993-10-20 2022-11-03",8.9,6.91,450,"1993-10-20 2022-11-03",28.6,10.99,450,"1993-10-20 2022-11-03",-7.92,4.39,450,"1993-10-20 2022-11-03",42.11,19.49,450,"1993-10-20 2022-11-03",-3.17,4.79,450,"1993-10-20 2022-11-03",2.74,3.86,450,"1993-10-20 2022-11-03",0.7,2.19,447,"1993-10-20 2022-11-03",0.22,1.26,440,"1993-10-20 2022-11-03",0.59,2.01,441,"1993-10-20 2022-11-03",1.4,2.7,353,"1993-10-20 2022-11-03",,,,
2023-10-26,-1.65,3.83,450,"1993-10-19 2022-11-02",80.75,13.03,450,"1993-10-19 2022-11-02",9.32,6.86,450,"1993-10-19 2022-11-02",28.57,11.01,450,"1993-10-19 2022-11-02",-7.65,4.34,450,"1993-10-19 2022-11-02",41.67,19.15,450,"1993-10-19 2022-11-02",-2.93,4.74,450,"1993-10-19 2022-11-02",2.78,3.88,450,"1993-10-19 2022-11-02",0.67,2.16,447,"1993-10-19 2022-11-02",0.23,1.26,440,"1993-10-19 2022-11-02",0.56,1.98,441,"1993-10-19 2022-11-02",1.3,2.67,349,"1993-10-19 2022-11-02",,,,
2023-10-25,-1.47,3.78,450,"1993-10-18 2022-11-01",80.66,12.98,450,"1993-10-18 2022-11-01",9.7,6.78,450,"1993-10-18 2022-11-01",28.64,11.19,450,"1993-10-18 2022-11-01",-7.45,4.26,450,"1993-10-18 2022-11-01",40.85,18.67,450,"1993-10-18 2022-11-01",-2.68,4.64,450,"1993-10-18 2022-11-01",2.79,3.87,450,"1993-10-18 2022-11-01",0.62,2.09,447,"1993-10-18 2022-11-01",0.23,1.26,441,"1993-10-18 2022-11-01",0.48,1.78,442,"1993-10-18 2022-11-01",1.2,2.6,346,"1993-10-18 2022-11-01",,,,
2023-10-24,-1.24,3.76,450,"1993-10-17 2022-10-31",80.66,12.84,450,"1993-10-17 2022-10-31",10.12,6.86,450,"1993-10-17 2022-10-31",28.96,11.39,450,"1993-10-17 2022-10-31",-7.23,4.15,450,"1993-10-17 2022-10-31",40.41,18.45,450,"1993-10-17 2022-10-31",-2.45,4.52,450,"1993-10-17 2022-10-31",2.68,3.79,450,"1993-10-17 2022-10-31",0.56,1.98,447,"1993-10-17 2022-10-31",0.21,1.23,441,"1993-10-17 2022-10-31",0.45,1.71,442,"1993-10-17 2022-10-31",1.2,2.6,344,"1993-10-17 2022-10-30",,,,
2023-10-23,-1,3.72,450,"1993-10-16 2022-10-30",80.64,13.11,450,"1993-10-16 2022-10-30",10.46,6.82,450,"1993-10-16 2022-10-30",28.7,11.18,450,"1993-10-16 2022-10-30",-6.91,4.07,450,"1993-10-16 2022-10-30",40.38,18.49,450,"1993-10-16 2022-10-30",-2.17,4.39,450,"1993-10-16 2022-10-30",2.68,3.81,450,"1993-10-16 2022-10-30",0.57,1.99,448,"1993-10-16 2022-10-30",0.2,1.2,440,"1993-10-16 2022-10-30",0.45,1.73,442,"1993-10-16 2022-10-30",1.2,2.57,345,"1993-10-16 2022-10-30",,,,
2023-10-22,-0.74,3.64,450,"1993-10-15 2022-10-29",80.84,13.07,450,"1993-10-15 2022-10-29",10.68,6.7,450,"1993-10-15 2022-10-29",28.59,11.15,450,"1993-10-15 2022-10-29",-6.58,3.97,450,"1993-10-15 2022-10-29",40.73,18.8,450,"1993-10-15 2022-10-29",-1.9,4.21,450,"1993-10-15 2022-10-29",2.7,3.88,450,"1993-10-15 2022-10-29",0.62,2.04,449,"1993-10-15 2022-10-29",0.23,1.25,441,"1993-10-15 2022-10-29",0.48,1.76,443,"1993-10-15 2022-10-29",1.1,2.53,342,"1993-10-15 2022-10-28",,,,
2023-10-21,-0.52,3.55,450,"1993-10-14 2022-10-28",80.64,13.07,450,"1993-10-14 2022-10-28",11.04,6.53,450,"1993-10-14 2022-10-28",28.44,10.99,450,"1993-10-14 2022-10-28",-6.37,3.83,450,"1993-10-14 2022-10-28",40.31,18.52,450,"1993-10-14 2022-10-28",-1.66,4.01,450,"1993-10-14 2022-10-28",2.63,3.75,450,"1993-10-14 2022-10-28",0.67,2.11,449,"1993-10-14 2022-10-28",0.3,1.43,441,"1993-10-14 2022-10-28",0.44,1.64,442,"1993-10-14 2022-10-28",1,2.52,340,"1993-10-14 2022-10-28",,,,
2023-10-20,-0.41,3.54,450,"1993-10-13 2022-10-27",80.47,13.01,450,"1993-10-13 2022-10-27",11.38,6.45,450,"1993-10-13 2022-10-27",28.32,10.92,450,"1993-10-13 2022-10-27",-6.19,3.77,450,"1993-10-13 2022-10-27",39.53,18.04,450,"1993-10-13 2022-10-27",-1.43,3.86,450,"1993-10-13 2022-10-27",2.6,3.72,450,"1993-10-13 2022-10-27",0.61,2.07,449,"1993-10-13 2022-10-27",0.29,1.44,439,"1993-10-13 2022-10-27",0.4,1.6,440,"1993-10-13 2022-10-27",0.9,2.47,336,"1993-10-13 2022-10-27",,,,
2023-10-19,-0.34,3.53,450,"1993-10-12 2022-10-26",80.41,12.97,450,"1993-10-12 2022-10-26",11.46,6.38,450,"1993-10-12 2022-10-26",27.85,10.55,450,"1993-10-12 2022-10-26",-6.09,3.77,450,"1993-10-12 2022-10-26",39.55,17.67,450,"1993-10-12 2022-10-26",-1.4,3.92,450,"1993-10-12 2022-10-26",2.41,3.46,450,"1993-10-12 2022-10-26",0.6,2.08,449,"1993-10-12 2022-10-26",0.3,1.51,438,"1993-10-12 2022-10-26",0.36,1.56,439,"1993-10-12 2022-10-26",0.9,2.42,333,"1993-10-12 2022-10-26",,,,
2023-10-18,-0.24,3.52,450,"1993-10-11 2022-10-25",80.49,13.04,450,"1993-10-11 2022-10-25",11.43,6.33,450,"1993-10-11 2022-10-25",27.56,10.42,450,"1993-10-11 2022-10-25",-6.01,3.77,450,"1993-10-11 2022-10-25",39.7,17.73,450,"1993-10-11 2022-10-25",-1.28,3.93,450,"1993-10-11 2022-10-25",2.42,3.42,450,"1993-10-11 2022-10-25",0.62,2.08,449,"1993-10-11 2022-10-25",0.31,1.51,437,"1993-10-11 2022-10-25",0.37,1.57,438,"1993-10-11 2022-10-25",0.8,2.31,333,"1993-10-11 2022-10-25",,,,
2023-10-17,-0.14,3.61,450,"1993-10-10 2022-10-24",80.26,13.41,450,"1993-10-10 2022-10-24",11.57,6.41,450,"1993-10-10 2022-10-24",27.67,10.34,450,"1993-10-10 2022-10-24",-5.82,3.75,450,"1993-10-10 2022-10-24",39.82,17.79,450,"1993-10-10 2022-10-24",-1.04,3.92,450,"1993-10-10 2022-10-24",2.54,3.42,450,"1993-10-10 2022-10-24",0.67,2.19,449,"1993-10-10 2022-10-24",0.35,1.65,437,"1993-10-10 2022-10-24",0.38,1.59,438,"1993-10-10 2022-10-24",0.7,2.13,332,"1993-10-10 2022-10-24",,,,
2023-10-16,-0.08,3.64,450,"1993-10-09 2022-10-23",79.98,13.39,450,"1993-10-09 2022-10-23",11.73,6.42,450,"1993-10-09 2022-10-23",27.5,10.05,450,"1993-10-09 2022-10-23",-5.7,3.77,450,"1993-10-09 2022-10-23",39.67,17.83,450,"1993-10-09 2022-10-23",-0.9,3.92,450,"1993-10-09 2022-10-23",2.6,3.4,450,"1993-10-09 2022-10-23",0.66,2.15,449,"1993-10-09 2022-10-23",0.36,1.66,436,"1993-10-09 2022-10-23",0.36,1.52,437,"1993-10-09 2022-10-23",0.6,1.76,332,"1993-10-09 2022-10-23",,,,
2023-10-15,0.01,3.57,450,"1993-10-08 2022-10-22",79.79,13.49,450,"1993-10-08 2022-10-22",11.9,6.35,450,"1993-10-08 2022-10-22",27.44,9.95,450,"1993-10-08 2022-10-22",-5.6,3.79,450,"1993-10-08 2022-10-22",39.54,17.74,450,"1993-10-08 2022-10-22",-0.76,3.94,450,"1993-10-08 2022-10-22",2.61,3.39,450,"1993-10-08 2022-10-22",0.58,1.87,450,"1993-10-08 2022-10-22",0.31,1.29,437,"1993-10-08 2022-10-22",0.32,1.47,439,"1993-10-08 2022-10-22",0.5,1.46,332,"1993-10-08 2022-10-22",,,,
2023-10-14,0.17,3.57,450,"1993-10-07 2022-10-21",79.72,13.45,450,"1993-10-07 2022-10-21",12.12,6.3,450,"1993-10-07 2022-10-21",27.73,10.18,450,"1993-10-07 2022-10-21",-5.47,3.82,450,"1993-10-07 2022-10-21",39.17,17.43,450,"1993-10-07 2022-10-21",-0.55,4.01,450,"1993-10-07 2022-10-21",2.64,3.44,450,"1993-10-07 2022-10-21",0.58,1.69,449,"1993-10-08 2022-10-21",0.33,1.3,437,"1993-10-08 2022-10-21",0.3,1.24,439,"1993-10-08 2022-10-21",0.5,1.31,329,"1993-10-08 2022-10-21",,,,
2023-10-13,0.33,3.61,450,"1993-10-06 2022-10-20",79.56,13.55,450,"1993-10-06 2022-10-20",12.39,6.23,450,"1993-10-06 2022-10-20",27.96,10.45,450,"1993-10-06 2022-10-20",-5.34,3.85,450,"1993-10-06 2022-10-20",38.96,17.25,450,"1993-10-06 2022-10-20",-0.36,4.04,450,"1993-10-06 2022-10-20",2.68,3.47,450,"1993-10-06 2022-10-20",0.57,1.71,449,"1993-10-06 2022-10-20",0.33,1.34,438,"1993-10-06 2022-10-20",0.28,1.22,440,"1993-10-06 2022-10-20",0.4,1.3,325,"1993-10-06 2021-10-11",,,,
2023-10-12,0.41,3.68,450,"1993-10-05 2022-10-19",79.45,13.68,450,"1993-10-05 2022-10-19",12.54,6.3,450,"1993-10-05 2022-10-19",27.8,10.47,450,"1993-10-05 2022-10-19",-5.27,3.89,450,"1993-10-05 2022-10-19",38.69,17.14,450,"1993-10-05 2022-10-19",-0.21,4.02,450,"1993-10-05 2022-10-19",2.64,3.39,450,"1993-10-05 2022-10-19",0.55,1.66,449,"1993-10-05 2022-10-19",0.33,1.34,438,"1993-10-05 2022-10-19",0.25,1.1,440,"1993-10-05 2022-10-19",0.4,1.32,323,"1993-10-05 2021-10-11",,,,
2023-10-11,0.57,3.78,450,"1993-10-04 2022-10-18",79.72,13.67,450,"1993-10-04 2022-10-18",12.59,6.35,450,"1993-10-04 2022-10-18",27.47,10.35,450,"1993-10-04 2022-10-18",-5.08,3.98,450,"1993-10-04 2022-10-18",39.01,17.09,450,"1993-10-04 2022-10-18",-0.08,4.07,450,"1993-10-04 2022-10-18",2.6,3.33,450,"1993-10-04 2022-10-18",0.57,1.67,448,"1993-10-05 2022-10-18",0.34,1.36,436,"1993-10-05 2022-10-18",0.26,1.12,439,"1993-10-05 2022-10-18",0.5,1.55,320,"1993-10-05 2021-10-11",,,,
2023-10-10,0.73,3.78,450,"1993-10-03 2022-10-17",80.09,13.32,450,"1993-10-03 2022-10-17",12.62,6.38,450,"1993-10-03 2022-10-17",27.37,10.16,450,"1993-10-03 2022-10-17",-4.88,3.94,450,"1993-10-03 2022-10-17",39.44,17,450,"1993-10-03 2022-10-17",0.02,4.13,450,"1993-10-03 2022-10-17",2.58,3.32,450,"1993-10-03 2022-10-17",0.6,1.7,448,"1993-10-03 2022-10-17",0.37,1.37,436,"1993-10-03 2022-10-17",0.27,1.13,439,"1993-10-03 2022-10-17",0.5,2.27,319,"1993-10-03 2021-10-11",,,,
2023-10-09,0.88,3.77,450,"1993-10-02 2022-10-16",80.38,13.22,450,"1993-10-02 2022-10-16",12.64,6.42,450,"1993-10-02 2022-10-16",27.28,10.33,450,"1993-10-02 2022-10-16",-4.7,3.94,450,"1993-10-02 2022-10-16",39.9,17.17,450,"1993-10-02 2022-10-16",0.13,4.13,450,"1993-10-02 2022-10-16",2.68,3.72,450,"1993-10-02 2022-10-16",0.68,2.09,448,"1993-10-02 2022-10-16",0.38,1.38,435,"1993-10-02 2022-10-16",0.33,1.91,438,"1993-10-02 2022-10-16",0.6,2.47,318,"1993-10-02 2021-10-11",,,,
2023-10-08,0.99,3.84,450,"1993-10-01 2022-10-15",80.68,12.98,450,"1993-10-01 2022-10-15",12.74,6.5,450,"1993-10-01 2022-10-15",27.4,10.32,450,"1993-10-01 2022-10-15",-4.56,4,450,"1993-10-01 2022-10-15",40.03,17.31,450,"1993-10-01 2022-10-15",0.21,4.14,450,"1993-10-01 2022-10-15",2.7,3.75,450,"1993-10-01 2022-10-15",0.74,2.17,448,"1993-10-01 2022-10-15",0.42,1.44,437,"1993-10-01 2022-10-15",0.37,2.03,439,"1993-10-01 2022-10-15",0.6,2.5,317,"1993-10-01 2021-10-11",,,,
2023-10-07,1.19,3.85,450,"1993-09-30 2022-10-14",80.67,12.77,450,"1993-09-30 2022-10-14",12.99,6.64,450,"1993-09-30 2022-10-14",27.44,10.34,450,"1993-09-30 2022-10-14",-4.36,4.03,450,"1993-09-30 2022-10-14",40.03,17.24,450,"1993-09-30 2022-10-14",0.43,4.17,450,"1993-09-30 2022-10-14",2.72,3.72,450,"1993-09-30 2022-10-14",0.74,2.2,448,"1993-09-30 2022-10-14",0.41,1.46,437,"1993-09-30 2022-10-14",0.37,2.03,439,"1993-09-30 2022-10-14",0.6,2.84,319,"1993-09-30 2021-10-11",,,,
2023-10-06,1.4,3.86,450,"1993-09-29 2022-10-13",80.64,12.75,450,"1993-09-29 2022-10-13",13.29,6.76,450,"1993-09-29 2022-10-13",27.44,10.37,450,"1993-09-29 2022-10-13",-4.05,4.06,450,"1993-09-29 2022-10-13",40.07,17.24,450,"1993-09-29 2022-10-13",0.72,4.19,450,"1993-09-29 2022-10-13",2.76,3.79,450,"1993-09-29 2022-10-13",0.71,2.27,448,"1993-09-29 2022-10-13",0.37,1.3,438,"1993-09-29 2022-10-13",0.39,2.31,440,"1993-09-29 2022-10-13",0.6,2.83,317,"1993-09-29 2021-10-11",,,,
2023-10-05,1.62,3.92,450,"1993-09-28 2022-10-12",80.45,13.04,450,"1993-09-28 2022-10-12",13.61,6.79,450,"1993-09-28 2022-10-12",27.67,10.35,450,"1993-09-28 2022-10-12",-3.78,4.09,450,"1993-09-28 2022-10-12",39.96,17.31,450,"1993-09-28 2022-10-12",1.02,4.26,450,"1993-09-28 2022-10-12",2.86,3.89,450,"1993-09-28 2022-10-12",0.71,2.27,448,"1993-09-28 2022-10-12",0.36,1.28,440,"1993-09-28 2022-10-12",0.39,2.3,442,"1993-09-28 2022-10-12",0.6,2.83,316,"1993-09-28 2021-10-11",,,,
2023-10-04,1.9,3.88,450,"1993-09-27 2022-10-11",80.31,13.09,450,"1993-09-27 2022-10-11",14.04,6.88,450,"1993-09-27 2022-10-11",27.73,10.16,450,"1993-09-27 2022-10-11",-3.45,4.03,450,"1993-09-27 2022-10-11",39.76,17.46,450,"1993-09-27 2022-10-11",1.43,4.16,450,"1993-09-27 2022-10-11",2.89,3.9,450,"1993-09-27 2022-10-11",0.71,2.28,448,"1993-09-27 2022-10-11",0.36,1.29,441,"1993-09-27 2022-10-11",0.4,2.3,443,"1993-09-27 2022-10-11",0.6,2.83,315,"1993-09-27 2021-10-11",,,,
2023-10-03,2.25,3.83,450,"1993-09-26 2022-10-10",80.26,13.11,450,"1993-09-26 2022-10-10",14.62,6.76,450,"1993-09-26 2022-10-10",27.9,10.25,450,"1993-09-26 2022-10-10",-3.09,3.99,450,"1993-09-26 2022-10-10",39.28,17.23,450,"1993-09-26 2022-10-10",1.76,4.14,450,"1993-09-26 2022-10-10",2.83,3.92,450,"1993-09-26 2022-10-10",0.71,2.28,448,"1993-09-26 2022-10-10",0.37,1.3,441,"1993-09-26 2022-10-10",0.39,2.3,443,"1993-09-26 2022-10-10",0.6,2.84,311,"1993-09-26 2020-09-30",,,,
2023-10-02,2.53,3.67,450,"1993-09-25 2022-10-09",80.08,12.86,450,"1993-09-25 2022-10-09",15.12,6.74,450,"1993-09-25 2022-10-09",27.67,10.05,450,"1993-09-25 2022-10-09",-2.84,3.88,450,"1993-09-25 2022-10-09",38.77,17.17,450,"1993-09-25 2022-10-09",2.02,4.05,450,"1993-09-25 2022-10-09",2.7,3.92,450,"1993-09-25 2022-10-09",0.67,2.19,448,"1993-09-25 2022-10-09",0.34,1.14,442,"1993-09-25 2022-10-09",0.36,2.28,444,"1993-09-25 2022-10-09",0.6,2.82,309,"1993-09-25 2020-09-30",,,,
2023-10-01,2.82,3.48,450,"1993-09-24 2022-10-08",79.79,12.85,450,"1993-09-24 2022-10-08",15.57,6.69,450,"1993-09-24 2022-10-08",27.62,10,450,"1993-09-24 2022-10-08",-2.6,3.73,450,"1993-09-24 2022-10-08",38.28,16.89,450,"1993-09-24 2022-10-08",2.34,4,450,"1993-09-24 2022-10-08",2.6,3.85,450,"1993-09-24 2022-10-08",0.65,2.19,448,"1993-09-24 2022-10-08",0.35,1.16,443,"1993-09-24 2022-10-08",0.34,2.26,445,"1993-09-24 2022-10-08",0.5,2.81,307,"1993-09-24 2020-09-30",,,,
2023-09-30,3.1,3.42,450,"1993-09-23 2022-10-07",80.01,12.67,450,"1993-09-23 2022-10-07",15.95,6.71,450,"1993-09-23 2022-10-07",27.47,10.04,450,"1993-09-23 2022-10-07",-2.38,3.67,450,"1993-09-23 2022-10-07",37.78,16.55,450,"1993-09-23 2022-10-07",2.55,4.04,450,"1993-09-23 2022-10-07",2.5,3.84,450,"1993-09-23 2022-10-07",0.68,2.23,448,"1993-09-23 2022-10-07",0.4,1.29,444,"1993-09-23 2022-10-07",0.32,2.22,445,"1993-09-23 2022-10-07",0.5,2.8,304,"1993-09-23 2020-09-30",,,,
2023-09-29,3.26,3.45,450,"1993-09-22 2022-10-06",80.09,12.77,450,"1993-09-22 2022-10-06",16.14,6.83,450,"1993-09-22 2022-10-06",27.12,9.73,450,"1993-09-22 2022-10-06",-2.12,3.65,450,"1993-09-22 2022-10-06",38.11,16.72,450,"1993-09-22 2022-10-06",2.72,4.07,450,"1993-09-22 2022-10-06",2.43,3.74,450,"1993-09-22 2022-10-06",0.67,2.2,449,"1993-09-22 2022-10-06",0.41,1.33,445,"1993-09-22 2022-10-06",0.29,2.14,446,"1993-09-22 2022-10-06",0.5,2.8,302,"1993-09-22 2020-09-30",,,,
2023-09-28,3.37,3.45,450,"1993-09-21 2022-10-05",80.56,12.61,450,"1993-09-21 2022-10-05",16.2,6.95,450,"1993-09-21 2022-10-05",26.85,9.63,450,"1993-09-21 2022-10-05",-1.92,3.59,450,"1993-09-21 2022-10-05",38.3,16.91,450,"1993-09-21 2022-10-05",2.75,4.02,450,"1993-09-21 2022-10-05",2.44,3.76,450,"1993-09-21 2022-10-05",0.71,2.21,449,"1993-09-21 2022-10-05",0.45,1.34,445,"1993-09-21 2022-10-05",0.29,2.14,446,"1993-09-21 2022-10-05",0.5,2.78,302,"1993-09-21 2020-09-30",,,,
2023-09-27,3.6,3.36,450,"1993-09-20 2022-10-04",80.99,12.29,450,"1993-09-20 2022-10-04",16.25,6.92,450,"1993-09-20 2022-10-04",26.75,9.56,450,"1993-09-20 2022-10-04",-1.7,3.54,450,"1993-09-20 2022-10-04",38.8,17.03,450,"1993-09-20 2022-10-04",2.88,3.94,450,"1993-09-20 2022-10-04",2.42,3.72,450,"1993-09-20 2022-10-04",0.73,2.21,448,"1993-09-21 2022-10-04",0.47,1.35,443,"1993-09-21 2022-10-04",0.29,2.15,444,"1993-09-21 2022-10-04",0.4,2.74,301,"1993-09-21 2020-09-30",,,,
2023-09-26,3.75,3.26,450,"1993-09-19 2022-10-03",81.14,12.17,450,"1993-09-19 2022-10-03",16.41,6.81,450,"1993-09-19 2022-10-03",27.07,9.74,450,"1993-09-19 2022-10-03",-1.53,3.5,450,"1993-09-19 2022-10-03",38.8,17.27,450,"1993-09-19 2022-10-03",3.07,3.82,450,"1993-09-19 2022-10-03",2.43,3.74,450,"1993-09-19 2022-10-03",0.82,2.36,449,"1993-09-19 2022-10-03",0.55,1.54,445,"1993-09-19 2022-10-03",0.27,2.13,445,"1993-09-19 2022-10-03",0.4,2.58,302,"1993-09-19 2020-09-30",,,,
2023-09-25,4,3.21,450,"1993-09-18 2022-10-02",81.18,12.23,450,"1993-09-18 2022-10-02",16.7,6.66,450,"1993-09-18 2022-10-02",27.11,9.72,450,"1993-09-18 2022-10-02",-1.3,3.48,450,"1993-09-18 2022-10-02",38.86,17.47,450,"1993-09-18 2022-10-02",3.33,3.72,450,"1993-09-18 2022-10-02",2.43,3.74,450,"1993-09-18 2022-10-02",0.88,2.53,449,"1993-09-18 2022-10-02",0.61,1.8,444,"1993-09-18 2022-10-02",0.28,2.16,444,"1993-09-18 2022-10-02",0.3,1.94,300,"1993-09-18 2020-09-30",,,,
2023-09-24,4.2,3.19,450,"1993-09-17 2022-10-01",81.23,12.23,450,"1993-09-17 2022-10-01",16.98,6.51,450,"1993-09-17 2022-10-01",26.84,9.25,450,"1993-09-17 2022-10-01",-1.04,3.44,450,"1993-09-17 2022-10-01",38.63,17.23,450,"1993-09-17 2022-10-01",3.58,3.63,450,"1993-09-17 2022-10-01",2.36,3.32,450,"1993-09-17 2022-10-01",0.87,2.37,449,"1993-09-17 2022-10-01",0.68,1.98,444,"1993-09-17 2022-10-01",0.21,1.52,444,"1993-09-17 2022-10-01",0.2,1.65,297,"1993-09-17 2020-09-30",,,,
2023-09-23,4.39,3.15,450,"1993-09-16 2022-09-30",81.06,12.14,450,"1993-09-16 2022-09-30",17.25,6.51,450,"1993-09-16 2022-09-30",26.6,9.23,450,"1993-09-16 2022-09-30",-0.8,3.37,450,"1993-09-16 2022-09-30",38.49,17.09,450,"1993-09-16 2022-09-30",3.84,3.56,450,"1993-09-16 2022-09-30",2.42,3.44,450,"1993-09-16 2022-09-30",0.82,2.31,449,"1993-09-16 2022-09-30",0.65,1.95,444,"1993-09-16 2022-09-30",0.17,1.37,444,"1993-09-16 2022-09-30",0.1,1.57,296,"1993-09-16 2020-09-30",,,,
2023-09-22,4.59,3.11,450,"1993-09-15 2022-09-29",81.2,12.17,450,"1993-09-15 2022-09-29",17.49,6.45,450,"1993-09-15 2022-09-29",26.38,9.11,450,"1993-09-15 2022-09-29",-0.58,3.36,450,"1993-09-15 2022-09-29",38.44,17.15,450,"1993-09-15 2022-09-29",4.02,3.52,450,"1993-09-15 2022-09-29",2.36,3.48,450,"1993-09-15 2022-09-29",0.81,2.26,449,"1993-09-15 2022-09-29",0.68,1.95,444,"1993-09-15 2022-09-29",0.14,1.33,444,"1993-09-15 2022-09-29",0.1,0.44,293,"1993-09-15 2020-09-24",,,,
2023-09-21,4.78,3.06,450,"1993-09-14 2022-09-28",81.54,12.01,450,"1993-09-14 2022-09-28",17.63,6.44,450,"1993-09-14 2022-09-28",26.08,9.1,450,"1993-09-14 2022-09-28",-0.41,3.33,450,"1993-09-14 2022-09-28",38.68,17.41,450,"1993-09-14 2022-09-28",4.14,3.5,450,"1993-09-14 2022-09-28",2.4,3.44,450,"1993-09-14 2022-09-28",0.87,2.51,449,"1993-09-14 2022-09-28",0.78,2.43,444,"1993-09-14 2022-09-28",0.08,0.64,444,"1993-09-14 2022-09-28",0,0.33,293,"1993-09-14 2020-09-24",,,,
2023-09-20,4.92,3.03,450,"1993-09-13 2022-09-27",81.88,11.65,450,"1993-09-13 2022-09-27",17.64,6.43,450,"1993-09-13 2022-09-27",25.77,8.92,450,"1993-09-13 2022-09-27",-0.21,3.31,450,"1993-09-13 2022-09-27",39.11,17.45,450,"1993-09-13 2022-09-27",4.22,3.48,450,"1993-09-13 2022-09-27",2.32,3.3,450,"1993-09-13 2022-09-27",0.96,2.78,449,"1993-09-13 2022-09-27",0.88,2.71,444,"1993-09-13 2022-09-27",0.07,0.61,444,"1993-09-13 2022-09-27",0,0.32,292,"1993-09-13 2020-09-24",,,,
2023-09-19,5.11,3.01,450,"1993-09-12 2022-09-26",82.27,11.34,450,"1993-09-12 2022-09-26",17.69,6.44,450,"1993-09-12 2022-09-26",25.8,8.93,450,"1993-09-12 2022-09-26",-0.05,3.28,450,"1993-09-12 2022-09-26",39.48,17.46,450,"1993-09-12 2022-09-26",4.28,3.49,450,"1993-09-12 2022-09-26",2.43,3.37,450,"1993-09-12 2022-09-26",1.01,2.89,449,"1993-09-12 2022-09-26",0.94,2.83,444,"1993-09-12 2022-09-26",0.06,0.6,444,"1993-09-12 2022-09-26",0,0.32,292,"1993-09-12 2020-09-24",,,,
2023-09-18,5.19,3.1,450,"1993-09-11 2022-09-25",82.43,11.27,450,"1993-09-11 2022-09-25",17.81,6.56,450,"1993-09-11 2022-09-25",25.78,8.81,450,"1993-09-11 2022-09-25",0.1,3.31,450,"1993-09-11 2022-09-25",39.7,17.68,450,"1993-09-11 2022-09-25",4.34,3.46,450,"1993-09-11 2022-09-25",2.49,3.43,450,"1993-09-11 2022-09-25",1.08,2.96,449,"1993-09-11 2022-09-25",1.01,2.91,443,"1993-09-11 2022-09-25",0.06,0.6,443,"1993-09-11 2022-09-25",0,0.34,293,"1993-09-11 2020-09-24",,,,
2023-09-17,5.33,3.09,450,"1993-09-10 2022-09-24",82.97,11.16,450,"1993-09-10 2022-09-24",17.75,6.6,450,"1993-09-10 2022-09-24",25.72,8.98,450,"1993-09-10 2022-09-24",0.29,3.33,450,"1993-09-10 2022-09-24",40.3,17.83,450,"1993-09-10 2022-09-24",4.44,3.46,450,"1993-09-10 2022-09-24",2.59,3.53,450,"1993-09-10 2022-09-24",1.27,4.28,449,"1993-09-10 2022-09-24",1.16,4.21,441,"1993-09-10 2022-09-24",0.1,0.93,441,"1993-09-10 2022-09-24",0.1,0.53,294,"1993-09-10 2020-09-24",,,,
2023-09-16,5.5,3.1,450,"1993-09-09 2022-09-23",83.6,10.83,450,"1993-09-09 2022-09-23",17.7,6.61,450,"1993-09-09 2022-09-23",25.76,9.27,450,"1993-09-09 2022-09-23",0.54,3.31,450,"1993-09-09 2022-09-23",41.14,18.22,450,"1993-09-09 2022-09-23",4.56,3.4,450,"1993-09-09 2022-09-23",2.67,3.57,450,"1993-09-09 2022-09-23",1.32,4.3,449,"1993-09-09 2022-09-23",1.2,4.23,439,"1993-09-09 2022-09-23",0.1,0.94,439,"1993-09-09 2022-09-23",0.1,0.78,294,"1993-09-09 2020-09-20",,,,
2023-09-15,5.68,3.13,450,"1993-09-08 2022-09-22",83.62,10.84,450,"1993-09-08 2022-09-22",17.81,6.52,450,"1993-09-08 2022-09-22",26,9.3,450,"1993-09-08 2022-09-22",0.76,3.24,450,"1993-09-08 2022-09-22",41.48,18.21,450,"1993-09-08 2022-09-22",4.74,3.33,450,"1993-09-08 2022-09-22",2.67,3.56,450,"1993-09-08 2022-09-22",1.38,4.46,449,"1993-09-08 2022-09-22",1.24,4.29,439,"1993-09-08 2022-09-22",0.13,1.09,439,"1993-09-08 2022-09-22",0.1,0.91,295,"1993-09-08 2020-09-20",,,,
2023-09-14,5.83,3.09,450,"1993-09-07 2022-09-21",83.66,10.86,450,"1993-09-07 2022-09-21",18.07,6.45,450,"1993-09-07 2022-09-21",25.98,9.45,450,"1993-09-07 2022-09-21",0.88,3.25,450,"1993-09-07 2022-09-21",41.13,18.34,450,"1993-09-07 2022-09-21",4.9,3.28,450,"1993-09-07 2022-09-21",2.63,3.57,450,"1993-09-07 2022-09-21",1.46,4.59,449,"1993-09-07 2022-09-21",1.32,4.43,439,"1993-09-07 2022-09-21",0.12,1.08,439,"1993-09-07 2022-09-21",0.1,0.91,295,"1993-09-07 2020-09-20",,,,
2023-09-13,6.05,3.03,450,"1993-09-06 2022-09-20",83.58,10.95,450,"1993-09-06 2022-09-20",18.3,6.34,450,"1993-09-06 2022-09-20",25.91,9.29,450,"1993-09-06 2022-09-20",1.04,3.22,450,"1993-09-06 2022-09-20",41.02,18.26,450,"1993-09-06 2022-09-20",5.14,3.19,450,"1993-09-06 2022-09-20",2.58,3.54,450,"1993-09-06 2022-09-20",1.52,4.7,449,"1993-09-06 2022-09-20",1.39,4.55,439,"1993-09-06 2022-09-20",0.12,1.08,439,"1993-09-06 2022-09-20",0.1,0.9,295,"1993-09-06 2020-09-20",,,,
2023-09-12,6.2,3,450,"1993-09-05 2022-09-19",83.27,11.12,450,"1993-09-05 2022-09-19",18.66,6.29,450,"1993-09-05 2022-09-19",25.95,9.29,450,"1993-09-05 2022-09-19",1.21,3.19,450,"1993-09-05 2022-09-19",40.58,18.3,450,"1993-09-05 2022-09-19",5.35,3.2,450,"1993-09-05 2022-09-19",2.55,3.57,450,"1993-09-05 2022-09-19",1.59,4.89,450,"1993-09-05 2022-09-19",1.46,4.74,441,"1993-09-05 2022-09-19",0.11,1.08,441,"1993-09-05 2022-09-19",0.1,0.9,296,"1993-09-05 2020-09-19",,,,
2023-09-11,6.38,2.96,450,"1993-09-04 2022-09-18",83.09,11.26,450,"1993-09-04 2022-09-18",18.95,6.3,450,"1993-09-04 2022-09-18",25.89,9.18,450,"1993-09-04 2022-09-18",1.37,3.1,450,"1993-09-04 2022-09-18",40.48,18.21,450,"1993-09-04 2022-09-18",5.56,3.22,450,"1993-09-04 2022-09-18",2.57,3.57,450,"1993-09-04 2022-09-18",1.53,4.85,450,"1993-09-04 2022-09-18",1.42,4.72,441,"1993-09-04 2022-09-18",0.11,1.08,441,"1993-09-04 2022-09-18",0.1,0.9,295,"1993-09-04 2020-09-16",,,,
2023-09-10,6.52,2.93,450,"1993-09-03 2022-09-17",83.02,11.27,450,"1993-09-03 2022-09-17",19.26,6.31,450,"1993-09-03 2022-09-17",26.04,9.41,450,"1993-09-03 2022-09-17",1.53,3.05,450,"1993-09-03 2022-09-17",40.01,17.91,450,"1993-09-03 2022-09-17",5.72,3.2,450,"1993-09-03 2022-09-17",2.54,3.52,450,"1993-09-03 2022-09-17",1.5,4.8,450,"1993-09-03 2022-09-17",1.4,4.67,442,"1993-09-03 2022-09-17",0.09,1.01,442,"1993-09-03 2022-09-17",0.1,0.9,295,"1993-09-03 2020-09-16",,,,
2023-09-09,6.65,2.84,450,"1993-09-02 2022-09-16",82.9,11.18,450,"1993-09-02 2022-09-16",19.57,6.29,450,"1993-09-02 2022-09-16",26.26,9.61,450,"1993-09-02 2022-09-16",1.62,3.01,450,"1993-09-02 2022-09-16",39.53,17.93,450,"1993-09-02 2022-09-16",5.88,3.12,450,"1993-09-02 2022-09-16",2.54,3.53,450,"1993-09-02 2022-09-16",1.51,4.96,450,"1993-09-02 2022-09-16",1.42,4.84,441,"1993-09-02 2022-09-16",0.08,1,441,"1993-09-02 2022-09-16",0.1,0.85,295,"1993-09-02 2020-09-16",,,,
2023-09-08,6.81,2.77,450,"1993-09-01 2022-09-15",82.88,11.23,450,"1993-09-01 2022-09-15",19.72,6.12,450,"1993-09-01 2022-09-15",26.57,9.61,450,"1993-09-01 2022-09-15",1.71,3.01,450,"1993-09-01 2022-09-15",39.39,17.73,450,"1993-09-01 2022-09-15",6.06,3.12,450,"1993-09-01 2022-09-15",2.48,3.38,450,"1993-09-01 2022-09-15",1.52,4.96,450,"1993-09-01 2022-09-15",1.44,4.85,440,"1993-09-01 2022-09-15",0.06,0.91,440,"1993-09-01 2022-09-15",0.1,0.85,294,"1993-09-01 2018-09-14",,,,
2023-09-07,6.93,2.83,450,"1993-08-31 2022-09-14",82.8,11.19,450,"1993-08-31 2022-09-14",19.91,6.03,450,"1993-08-31 2022-09-14",26.67,9.58,450,"1993-08-31 2022-09-14",1.76,3,450,"1993-08-31 2022-09-14",39.05,17.54,450,"1993-08-31 2022-09-14",6.21,3.15,450,"1993-08-31 2022-09-14",2.53,3.33,450,"1993-08-31 2022-09-14",1.57,5.07,450,"1993-08-31 2022-09-14",1.47,4.97,439,"1993-08-31 2022-09-14",0.06,0.91,439,"1993-08-31 2022-09-14",0.1,0.85,294,"1993-08-31 2018-09-14",,,,
2023-09-06,7.07,2.88,450,"1993-08-30 2022-09-13",82.74,11.31,450,"1993-08-30 2022-09-13",20.12,5.99,450,"1993-08-30 2022-09-13",26.89,9.58,450,"1993-08-30 2022-09-13",1.9,3.05,450,"1993-08-30 2022-09-13",38.72,17.12,450,"1993-08-30 2022-09-13",6.38,3.16,450,"1993-08-30 2022-09-13",2.44,3.29,450,"1993-08-30 2022-09-13",1.51,4.91,450,"1993-08-30 2022-09-13",1.42,4.81,438,"1993-08-30 2022-09-13",0.06,0.92,438,"1993-08-30 2022-09-13",0.1,0.86,293,"1993-08-30 2018-09-13",,,,
2023-09-05,7.32,2.89,450,"1993-08-29 2022-09-12",82.65,11.25,450,"1993-08-29 2022-09-12",20.49,5.96,450,"1993-08-29 2022-09-12",27.08,9.64,450,"1993-08-29 2022-09-12",2.07,3.09,450,"1993-08-29 2022-09-12",38.24,16.91,450,"1993-08-29 2022-09-12",6.63,3.13,450,"1993-08-29 2022-09-12",2.38,3.27,450,"1993-08-29 2022-09-12",1.47,4.78,450,"1993-08-29 2022-09-12",1.38,4.68,436,"1993-08-29 2022-09-12",0.06,0.92,436,"1993-08-29 2022-09-12",0.1,0.86,292,"1993-08-29 2015-09-06",,,,
2023-09-04,7.44,2.88,450,"1993-08-28 2022-09-11",82.34,11.25,450,"1993-08-28 2022-09-11",20.81,5.88,450,"1993-08-28 2022-09-11",26.94,9.54,450,"1993-08-28 2022-09-11",2.2,3.05,450,"1993-08-28 2022-09-11",37.77,16.73,450,"1993-08-28 2022-09-11",6.84,3.11,450,"1993-08-28 2022-09-11",2.26,3.17,450,"1993-08-28 2022-09-11",1.41,4.7,450,"1993-08-28 2022-09-11",1.31,4.6,435,"1993-08-28 2022-09-11",0.06,0.92,435,"1993-08-28 2022-09-11",0.1,0.86,291,"1993-08-28 2015-09-06",,,,
2023-09-03,7.61,2.79,450,"1993-08-27 2022-09-10",82.31,11.13,450,"1993-08-27 2022-09-10",21.01,5.81,450,"1993-08-27 2022-09-10",26.84,9.53,450,"1993-08-27 2022-09-10",2.33,3,450,"1993-08-27 2022-09-10",37.47,16.44,450,"1993-08-27 2022-09-10",7,3.08,450,"1993-08-27 2022-09-10",2.22,3.11,450,"1993-08-27 2022-09-10",1.39,4.7,450,"1993-08-27 2022-09-10",1.29,4.59,437,"1993-08-27 2022-09-10",0.06,0.92,437,"1993-08-27 2022-09-10",0.1,0.85,290,"1993-08-27 2015-09-06",,,,
2023-09-02,7.75,2.78,450,"1993-08-26 2022-09-09",82.26,11.18,450,"1993-08-26 2022-09-09",21.26,5.7,450,"1993-08-26 2022-09-09",26.79,9.4,450,"1993-08-26 2022-09-09",2.46,2.99,450,"1993-08-26 2022-09-09",37.16,16.27,450,"1993-08-26 2022-09-09",7.17,3.07,450,"1993-08-26 2022-09-09",2.1,2.96,450,"1993-08-26 2022-09-09",1.32,3.85,450,"1993-08-26 2022-09-09",1.27,3.73,439,"1993-08-26 2022-09-09",0.03,0.57,439,"1993-08-26 2022-09-09",0.1,0.75,289,"1993-08-26 2015-09-06",,,,
2023-09-01,7.9,2.74,450,"1993-08-25 2022-09-08",82.24,11.13,450,"1993-08-25 2022-09-08",21.51,5.53,450,"1993-08-25 2022-09-08",26.75,9.26,450,"1993-08-25 2022-09-08",2.58,2.99,450,"1993-08-25 2022-09-08",36.72,15.77,450,"1993-08-25 2022-09-08",7.31,3.04,450,"1993-08-25 2022-09-08",2.02,2.91,450,"1993-08-25 2022-09-08",1.34,3.9,450,"1993-08-25 2022-09-08",1.3,3.79,441,"1993-08-25 2022-09-08",0.03,0.56,441,"1993-08-25 2022-09-08",0,0.47,288,"1993-08-25 2015-09-06",,,,
2023-08-31,8.04,2.74,450,"1993-08-24 2022-09-07",82.52,11.04,450,"1993-08-24 2022-09-07",21.62,5.52,450,"1993-08-24 2022-09-07",26.72,9.24,450,"1993-08-24 2022-09-07",2.7,2.97,450,"1993-08-24 2022-09-07",36.7,15.77,450,"1993-08-24 2022-09-07",7.44,2.93,450,"1993-08-24 2022-09-07",2.01,2.99,450,"1993-08-24 2022-09-07",1.34,3.93,450,"1993-08-24 2022-09-07",1.33,3.95,441,"1993-08-24 2022-09-07",0,0,441,"1993-08-24 2022-09-07",0,0,287,"1993-08-24 2015-09-06",,,,
2023-08-30,8.24,2.71,450,"1993-08-23 2022-09-06",82.61,10.91,450,"1993-08-23 2022-09-06",21.72,5.48,450,"1993-08-23 2022-09-06",27.07,9.32,450,"1993-08-23 2022-09-06",2.85,2.9,450,"1993-08-23 2022-09-06",36.85,15.7,450,"1993-08-23 2022-09-06",7.58,2.91,450,"1993-08-23 2022-09-06",2.05,3.09,450,"1993-08-23 2022-09-06",1.29,3.79,449,"1993-08-24 2022-09-06",1.27,3.81,440,"1993-08-24 2022-09-06",0,0,440,"1993-08-24 2022-09-06",0,0,286,"1993-08-24 2015-09-06",,,,
2023-08-29,8.39,2.7,450,"1993-08-22 2022-09-05",82.43,10.89,450,"1993-08-22 2022-09-05",21.92,5.45,450,"1993-08-22 2022-09-05",27.17,9.32,450,"1993-08-22 2022-09-05",3.03,2.9,450,"1993-08-22 2022-09-05",36.8,15.64,450,"1993-08-22 2022-09-05",7.8,2.83,450,"1993-08-22 2022-09-05",2.04,3.08,450,"1993-08-22 2022-09-05",1.31,3.82,449,"1993-08-22 2022-09-05",1.3,3.84,440,"1993-08-22 2022-09-05",0,0,440,"1993-08-22 2022-09-05",0,0,285,"1993-08-22 2015-09-05",,,,
2023-08-28,8.58,2.78,450,"1993-08-21 2022-09-04",82.6,10.73,450,"1993-08-21 2022-09-04",22.19,5.38,450,"1993-08-21 2022-09-04",27.28,9.36,450,"1993-08-21 2022-09-04",3.16,2.94,450,"1993-08-21 2022-09-04",36.54,15.58,450,"1993-08-21 2022-09-04",7.95,2.77,450,"1993-08-21 2022-09-04",2.01,3.04,450,"1993-08-21 2022-09-04",1.33,3.98,449,"1993-08-21 2022-09-04",1.31,4.01,439,"1993-08-21 2022-09-04",0,0,439,"1993-08-21 2022-09-04",0,0,284,"1993-08-21 2011-09-04",,,,
2023-08-27,8.75,2.83,450,"1993-08-20 2022-09-03",82.6,10.5,450,"1993-08-20 2022-09-03",22.39,5.18,450,"1993-08-20 2022-09-03",27.13,9.22,450,"1993-08-20 2022-09-03",3.34,3.03,450,"1993-08-20 2022-09-03",36.28,15.06,450,"1993-08-20 2022-09-03",8.11,2.72,450,"1993-08-20 2022-09-03",1.97,2.97,450,"1993-08-20 2022-09-03",1.31,3.98,449,"1993-08-20 2022-09-03",1.29,4.01,440,"1993-08-20 2022-09-03",0,0,440,"1993-08-20 2022-09-03",0,0,284,"1993-08-20 2011-09-03",,,,
2023-08-26,8.93,2.89,450,"1993-08-19 2022-09-02",82.68,10.38,450,"1993-08-19 2022-09-02",22.5,5.03,450,"1993-08-19 2022-09-02",26.84,8.93,450,"1993-08-19 2022-09-02",3.49,3.05,450,"1993-08-19 2022-09-02",36.23,14.81,450,"1993-08-19 2022-09-02",8.25,2.75,450,"1993-08-19 2022-09-02",1.98,2.98,450,"1993-08-19 2022-09-02",1.25,3.95,449,"1993-08-19 2022-09-02",1.23,3.97,440,"1993-08-19 2022-09-02",0,0,440,"1993-08-19 2022-09-02",0,0,284,"1993-08-19 2011-09-02",,,,
2023-08-25,9.12,2.86,450,"1993-08-18 2022-09-01",82.68,10.41,450,"1993-08-18 2022-09-01",22.66,5.02,450,"1993-08-18 2022-09-01",26.66,8.62,450,"1993-08-18 2022-09-01",3.62,3.03,450,"1993-08-18 2022-09-01",36.1,14.57,450,"1993-08-18 2022-09-01",8.41,2.77,450,"1993-08-18 2022-09-01",1.95,2.94,450,"1993-08-18 2022-09-01",1.18,3.68,448,"1993-08-19 2022-09-01",1.16,3.7,441,"1993-08-19 2022-09-01",0,0,441,"1993-08-19 2022-09-01",0,0,283,"1993-08-19 2011-09-01",,,,
2023-08-24,9.29,2.83,450,"1993-08-17 2022-08-31",82.98,10.28,450,"1993-08-17 2022-08-31",22.81,5.04,450,"1993-08-17 2022-08-31",26.52,8.55,450,"1993-08-17 2022-08-31",3.84,3.01,450,"1993-08-17 2022-08-31",36.26,14.79,450,"1993-08-17 2022-08-31",8.53,2.78,450,"1993-08-17 2022-08-31",1.9,2.89,450,"1993-08-17 2022-08-31",1.33,4.11,448,"1993-08-17 2022-08-31",1.32,4.13,441,"1993-08-17 2022-08-31",0,0,441,"1993-08-17 2022-08-31",0,0,283,"1993-08-17 2011-08-31",,,,
2023-08-23,9.49,2.84,450,"1993-08-16 2022-08-30",83.36,10.17,450,"1993-08-16 2022-08-30",22.9,4.98,450,"1993-08-16 2022-08-30",26.48,8.44,450,"1993-08-16 2022-08-30",4.09,3.09,450,"1993-08-16 2022-08-30",36.65,14.96,450,"1993-08-16 2022-08-30",8.69,2.77,450,"1993-08-16 2022-08-30",1.82,2.82,450,"1993-08-16 2022-08-30",1.36,4.08,448,"1993-08-16 2022-08-30",1.36,4.1,442,"1993-08-16 2022-08-30",0,0,442,"1993-08-16 2022-08-30",0,0,283,"1993-08-16 2011-08-30",,,,
2023-08-22,9.65,2.85,450,"1993-08-15 2022-08-29",83.49,10.13,450,"1993-08-15 2022-08-29",22.93,4.99,450,"1993-08-15 2022-08-29",26.48,8.36,450,"1993-08-15 2022-08-29",4.26,3.11,450,"1993-08-15 2022-08-29",37.11,15.38,450,"1993-08-15 2022-08-29",8.83,2.79,450,"1993-08-15 2022-08-29",1.84,2.83,450,"1993-08-15 2022-08-29",1.52,4.43,448,"1993-08-15 2022-08-29",1.52,4.45,443,"1993-08-15 2022-08-29",0,0,443,"1993-08-15 2022-08-29",0,0,283,"1993-08-15 2011-08-29",,,,
2023-08-21,9.75,2.91,450,"1993-08-14 2022-08-28",83.63,10.14,450,"1993-08-14 2022-08-28",23.01,4.99,450,"1993-08-14 2022-08-28",26.47,8.47,450,"1993-08-14 2022-08-28",4.38,3.18,450,"1993-08-14 2022-08-28",37.31,15.65,450,"1993-08-14 2022-08-28",8.91,2.78,450,"1993-08-14 2022-08-28",1.83,2.83,450,"1993-08-14 2022-08-28",1.59,4.52,447,"1993-08-15 2022-08-28",1.6,4.53,444,"1993-08-15 2022-08-28",0,0,444,"1993-08-15 2022-08-28",0,0,282,"1993-08-15 2011-08-28",,,,
2023-08-20,9.93,2.89,450,"1993-08-13 2022-08-27",84.08,10.03,450,"1993-08-13 2022-08-27",23.13,5.03,450,"1993-08-13 2022-08-27",26.51,8.61,450,"1993-08-13 2022-08-27",4.54,3.22,450,"1993-08-13 2022-08-27",37.47,15.83,450,"1993-08-13 2022-08-27",9.02,2.75,450,"1993-08-13 2022-08-27",1.87,2.89,450,"1993-08-13 2022-08-27",1.7,4.68,447,"1993-08-13 2022-08-27",1.7,4.69,445,"1993-08-13 2022-08-27",0,0,445,"1993-08-13 2022-08-27",0,0,282,"1993-08-13 2011-08-27",,,,
2023-08-19,10.08,2.86,450,"1993-08-12 2022-08-26",84.36,10.03,450,"1993-08-12 2022-08-26",23.15,5.02,450,"1993-08-12 2022-08-26",26.42,8.46,450,"1993-08-12 2022-08-26",4.75,3.22,450,"1993-08-12 2022-08-26",38.05,16.15,450,"1993-08-12 2022-08-26",9.15,2.74,450,"1993-08-12 2022-08-26",1.83,2.86,450,"1993-08-12 2022-08-26",1.74,4.72,447,"1993-08-12 2022-08-26",1.75,4.73,445,"1993-08-12 2022-08-26",0,0,445,"1993-08-12 2022-08-26",0,0,282,"1993-08-12 2011-08-26",,,,
2023-08-18,10.28,2.87,450,"1993-08-11 2022-08-25",84.68,9.81,450,"1993-08-11 2022-08-25",23.15,4.99,450,"1993-08-11 2022-08-25",26.54,8.52,450,"1993-08-11 2022-08-25",4.94,3.23,450,"1993-08-11 2022-08-25",38.61,16.07,450,"1993-08-11 2022-08-25",9.28,2.78,450,"1993-08-11 2022-08-25",1.86,2.84,450,"1993-08-11 2022-08-25",1.81,5.15,447,"1993-08-11 2022-08-25",1.82,5.16,445,"1993-08-11 2022-08-25",0,0,445,"1993-08-11 2022-08-25",0,0,282,"1993-08-11 2011-08-25",,,,
2023-08-17,10.47,2.83,450,"1993-08-10 2022-08-24",84.82,9.87,450,"1993-08-10 2022-08-24",23.15,5.06,450,"1993-08-10 2022-08-24",26.49,8.37,450,"1993-08-10 2022-08-24",5.11,3.22,450,"1993-08-10 2022-08-24",39.3,16.48,450,"1993-08-10 2022-08-24",9.41,2.82,450,"1993-08-10 2022-08-24",1.87,2.87,450,"1993-08-10 2022-08-24",1.83,5.13,447,"1993-08-10 2022-08-24",1.84,5.14,445,"1993-08-10 2022-08-24",0,0,445,"1993-08-10 2022-08-24",0,0,282,"1993-08-10 2011-08-24",,,,
2023-08-16,10.55,2.82,450,"1993-08-09 2022-08-23",84.83,9.8,450,"1993-08-09 2022-08-23",23.28,5.09,450,"1993-08-09 2022-08-23",26.33,8.27,450,"1993-08-09 2022-08-23",5.26,3.22,450,"1993-08-09 2022-08-23",39.37,16.64,450,"1993-08-09 2022-08-23",9.53,2.81,450,"1993-08-09 2022-08-23",1.94,2.86,450,"1993-08-09 2022-08-23",1.86,5.11,447,"1993-08-09 2022-08-23",1.86,5.12,445,"1993-08-09 2022-08-23",0,0,445,"1993-08-09 2022-08-23",0,0,282,"1993-08-09 2011-08-23",,,,
2023-08-15,10.67,2.81,450,"1993-08-08 2022-08-22",85.13,9.77,450,"1993-08-08 2022-08-22",23.26,5.06,450,"1993-08-08 2022-08-22",25.99,8.21,450,"1993-08-08 2022-08-22",5.45,3.23,450,"1993-08-08 2022-08-22",39.93,16.74,450,"1993-08-08 2022-08-22",9.62,2.81,450,"1993-08-08 2022-08-22",1.88,2.74,450,"1993-08-08 2022-08-22",1.94,5.17,448,"1993-08-08 2022-08-22",1.95,5.19,446,"1993-08-08 2022-08-22",0,0,446,"1993-08-08 2022-08-22",0,0,283,"1993-08-08 2011-08-22",,,,
2023-08-14,10.84,2.8,450,"1993-08-07 2022-08-21",85.4,9.75,450,"1993-08-07 2022-08-21",23.31,5.02,450,"1993-08-07 2022-08-21",26.07,8.17,450,"1993-08-07 2022-08-21",5.64,3.24,450,"1993-08-07 2022-08-21",40.25,16.58,450,"1993-08-07 2022-08-21",9.74,2.83,450,"1993-08-07 2022-08-21",1.95,2.76,450,"1993-08-07 2022-08-21",1.94,5.1,448,"1993-08-07 2022-08-21",1.95,5.11,446,"1993-08-07 2022-08-21",0,0,446,"1993-08-07 2022-08-21",0,0,283,"1993-08-07 2011-08-21",,,,
2023-08-13,10.95,2.72,450,"1993-08-06 2022-08-20",85.5,9.66,450,"1993-08-06 2022-08-20",23.33,5,450,"1993-08-06 2022-08-20",26.24,8.34,450,"1993-08-06 2022-08-20",5.82,3.17,450,"1993-08-06 2022-08-20",40.62,16.53,450,"1993-08-06 2022-08-20",9.87,2.78,450,"1993-08-06 2022-08-20",1.96,2.75,450,"1993-08-06 2022-08-20",1.97,5.01,447,"1993-08-07 2022-08-20",1.98,5.02,446,"1993-08-07 2022-08-20",0,0,446,"1993-08-07 2022-08-20",0,0,282,"1993-08-07 2011-08-20",,,,
2023-08-12,11.07,2.68,450,"1993-08-05 2022-08-19",85.62,9.56,450,"1993-08-05 2022-08-19",23.4,5.07,450,"1993-08-05 2022-08-19",26.33,8.33,450,"1993-08-05 2022-08-19",5.95,3.14,450,"1993-08-05 2022-08-19",40.91,16.7,450,"1993-08-05 2022-08-19",9.94,2.78,450,"1993-08-05 2022-08-19",2.01,2.77,450,"1993-08-05 2022-08-19",2.13,5.23,447,"1993-08-05 2022-08-19",2.13,5.24,446,"1993-08-05 2022-08-19",0,0,446,"1993-08-05 2022-08-19",0,0,282,"1993-08-05 2011-08-19",,,,
2023-08-11,11.18,2.6,450,"1993-08-04 2022-08-18",85.8,9.43,450,"1993-08-04 2022-08-18",23.4,5.15,450,"1993-08-04 2022-08-18",26.46,8.46,450,"1993-08-04 2022-08-18",6.09,3.09,450,"1993-08-04 2022-08-18",41.3,16.72,450,"1993-08-04 2022-08-18",10.05,2.71,450,"1993-08-04 2022-08-18",2.01,2.76,450,"1993-08-04 2022-08-18",2.25,5.35,447,"1993-08-04 2022-08-18",2.24,5.36,445,"1993-08-04 2022-08-18",0,0,446,"1993-08-04 2022-08-18",0,0,282,"1993-08-04 2011-08-18",,,,
2023-08-10,11.29,2.62,450,"1993-08-03 2022-08-17",86.12,9.22,450,"1993-08-03 2022-08-17",23.38,5.13,450,"1993-08-03 2022-08-17",26.56,8.7,450,"1993-08-03 2022-08-17",6.26,3.03,450,"1993-08-03 2022-08-17",41.97,16.65,450,"1993-08-03 2022-08-17",10.12,2.7,450,"1993-08-03 2022-08-17",2.06,2.77,450,"1993-08-03 2022-08-17",2.41,5.52,448,"1993-08-03 2022-08-17",2.4,5.53,446,"1993-08-03 2022-08-17",0,0,447,"1993-08-03 2022-08-17",0,0,283,"1993-08-03 2011-08-17",,,,
2023-08-09,11.39,2.63,450,"1993-08-02 2022-08-16",86.07,9.11,450,"1993-08-02 2022-08-16",23.47,5.04,450,"1993-08-02 2022-08-16",26.6,8.66,450,"1993-08-02 2022-08-16",6.32,3.08,450,"1993-08-02 2022-08-16",41.96,16.41,450,"1993-08-02 2022-08-16",10.22,2.72,450,"1993-08-02 2022-08-16",2.11,2.81,450,"1993-08-02 2022-08-16",2.38,5.46,448,"1993-08-02 2022-08-16",2.37,5.46,447,"1993-08-02 2022-08-16",0,0,448,"1993-08-02 2022-08-16",0,0,283,"1993-08-02 2011-08-16",,,,
2023-08-08,11.44,2.64,450,"1993-08-01 2022-08-15",85.97,9.1,450,"1993-08-01 2022-08-15",23.63,5.03,450,"1993-08-01 2022-08-15",26.79,8.83,450,"1993-08-01 2022-08-15",6.35,3.07,450,"1993-08-01 2022-08-15",41.63,16.1,450,"1993-08-01 2022-08-15",10.27,2.75,450,"1993-08-01 2022-08-15",2.17,2.88,450,"1993-08-01 2022-08-15",2.32,5.42,448,"1993-08-01 2022-08-15",2.31,5.42,447,"1993-08-01 2022-08-15",0,0,448,"1993-08-01 2022-08-15",0,0,283,"1993-08-01 2011-08-15",,,,
2023-08-07,11.52,2.72,450,"1993-07-31 2022-08-14",85.8,8.97,450,"1993-07-31 2022-08-14",23.81,4.93,450,"1993-07-31 2022-08-14",26.86,8.83,450,"1993-07-31 2022-08-14",6.36,3.15,450,"1993-07-31 2022-08-14",41.19,15.65,450,"1993-07-31 2022-08-14",10.33,2.75,450,"1993-07-31 2022-08-14",2.13,2.86,450,"1993-07-31 2022-08-14",2.2,5.24,448,"1993-07-31 2022-08-14",2.19,5.25,447,"1993-07-31 2022-08-14",0,0,448,"1993-07-31 2022-08-14",0,0,283,"1993-07-31 2011-08-14",,,,
2023-08-06,11.62,2.71,450,"1993-07-30 2022-08-13",85.84,8.83,450,"1993-07-30 2022-08-13",23.92,4.89,450,"1993-07-30 2022-08-13",27.27,8.94,450,"1993-07-30 2022-08-13",6.38,3.2,450,"1993-07-30 2022-08-13",40.9,15.36,450,"1993-07-30 2022-08-13",10.41,2.77,450,"1993-07-30 2022-08-13",2.15,2.87,450,"1993-07-30 2022-08-13",2.16,5.31,448,"1993-07-31 2022-08-13",2.15,5.31,447,"1993-07-31 2022-08-13",0,0,448,"1993-07-31 2022-08-13",0,0,283,"1993-07-31 2011-08-13",,,,
2023-08-05,11.74,2.73,450,"1993-07-29 2022-08-12",85.74,8.64,450,"1993-07-29 2022-08-12",23.99,4.85,450,"1993-07-29 2022-08-12",27.45,9,450,"1993-07-29 2022-08-12",6.44,3.23,450,"1993-07-29 2022-08-12",40.83,15.12,450,"1993-07-29 2022-08-12",10.52,2.77,450,"1993-07-29 2022-08-12",2.1,2.8,450,"1993-07-29 2022-08-12",2.08,5.21,448,"1993-07-29 2022-08-12",2.04,5.18,445,"1993-07-29 2022-08-12",0,0,446,"1993-07-29 2022-08-12",0,0,283,"1993-07-29 2011-08-12",,,,
2023-08-04,11.83,2.75,450,"1993-07-28 2022-08-11",85.53,8.57,450,"1993-07-28 2022-08-11",24.16,4.78,450,"1993-07-28 2022-08-11",27.45,9.01,450,"1993-07-28 2022-08-11",6.46,3.28,450,"1993-07-28 2022-08-11",40.47,14.72,450,"1993-07-28 2022-08-11",10.59,2.79,450,"1993-07-28 2022-08-11",2.09,2.82,450,"1993-07-28 2022-08-11",2.01,5.19,448,"1993-07-28 2022-08-11",1.97,5.16,445,"1993-07-28 2022-08-11",0,0,446,"1993-07-28 2022-08-11",0,0,283,"1993-07-28 2011-08-11",,,,
2023-08-03,11.86,2.73,450,"1993-07-27 2022-08-10",85.4,8.52,450,"1993-07-27 2022-08-10",24.33,4.74,450,"1993-07-27 2022-08-10",27.46,9.04,450,"1993-07-27 2022-08-10",6.47,3.3,450,"1993-07-27 2022-08-10",39.96,14.53,450,"1993-07-27 2022-08-10",10.6,2.78,450,"1993-07-27 2022-08-10",2.09,2.82,450,"1993-07-27 2022-08-10",1.86,4.59,448,"1993-07-27 2022-08-10",1.82,4.55,445,"1993-07-27 2022-08-10",0,0,446,"1993-07-27 2022-08-10",0,0,283,"1993-07-27 2011-08-10",,,,
2023-08-02,11.9,2.73,450,"1993-07-26 2022-08-09",85.51,8.26,450,"1993-07-26 2022-08-09",24.45,4.57,450,"1993-07-26 2022-08-09",27.57,9.03,450,"1993-07-26 2022-08-09",6.56,3.3,450,"1993-07-26 2022-08-09",39.67,13.84,450,"1993-07-26 2022-08-09",10.63,2.74,450,"1993-07-26 2022-08-09",2.07,2.81,450,"1993-07-26 2022-08-09",1.84,4.59,448,"1993-07-26 2022-08-09",1.8,4.55,445,"1993-07-26 2022-08-09",0,0,446,"1993-07-26 2022-08-09",0,0,283,"1993-07-26 2011-08-09",,,,
2023-08-01,11.96,2.68,450,"1993-07-25 2022-08-08",85.48,8.43,450,"1993-07-25 2022-08-08",24.41,4.55,450,"1993-07-25 2022-08-08",27.68,9.06,450,"1993-07-25 2022-08-08",6.62,3.26,450,"1993-07-25 2022-08-08",39.93,13.5,450,"1993-07-25 2022-08-08",10.68,2.74,450,"1993-07-25 2022-08-08",2.05,2.84,450,"1993-07-25 2022-08-08",1.82,4.46,448,"1993-07-25 2022-08-08",1.79,4.42,445,"1993-07-25 2022-08-08",0,0,446,"1993-07-25 2022-08-08",0,0,283,"1993-07-25 2011-08-08",,,,
2023-07-31,12,2.69,450,"1993-07-24 2022-08-07",85.42,8.31,450,"1993-07-24 2022-08-07",24.49,4.45,450,"1993-07-24 2022-08-07",27.89,8.95,450,"1993-07-24 2022-08-07",6.62,3.31,450,"1993-07-24 2022-08-07",39.72,13.3,450,"1993-07-24 2022-08-07",10.72,2.73,450,"1993-07-24 2022-08-07",2.16,2.93,450,"1993-07-24 2022-08-07",1.85,4.45,448,"1993-07-24 2022-08-07",1.81,4.41,445,"1993-07-24 2022-08-07",0,0,446,"1993-07-24 2022-08-07",0,0,284,"1993-07-24 2019-07-24",,,,
2023-07-30,12.04,2.7,450,"1993-07-23 2022-08-06",85.5,7.98,450,"1993-07-23 2022-08-06",24.6,4.41,450,"1993-07-23 2022-08-06",28.09,9.02,450,"1993-07-23 2022-08-06",6.57,3.34,450,"1993-07-23 2022-08-06",39.38,13.22,450,"1993-07-23 2022-08-06",10.75,2.7,450,"1993-07-23 2022-08-06",2.09,2.9,450,"1993-07-23 2022-08-06",1.85,4.58,448,"1993-07-23 2022-08-06",1.81,4.54,445,"1993-07-23 2022-08-06",0,0,446,"1993-07-23 2022-08-06",0,0,285,"1993-07-23 2019-07-24",,,,
2023-07-29,12.06,2.72,450,"1993-07-22 2022-08-05",85.44,8.04,450,"1993-07-22 2022-08-05",24.59,4.37,450,"1993-07-22 2022-08-05",27.97,8.92,450,"1993-07-22 2022-08-05",6.57,3.4,450,"1993-07-22 2022-08-05",39.43,13.06,450,"1993-07-22 2022-08-05",10.78,2.68,450,"1993-07-22 2022-08-05",2.16,3.04,450,"1993-07-22 2022-08-05",1.77,4.39,449,"1993-07-22 2022-08-05",1.73,4.35,446,"1993-07-22 2022-08-05",0,0,447,"1993-07-22 2022-08-05",0,0,287,"1993-07-22 2019-07-24",,,,
2023-07-28,12.08,2.69,450,"1993-07-21 2022-08-04",85.5,8.11,450,"1993-07-21 2022-08-04",24.62,4.3,450,"1993-07-21 2022-08-04",28.14,9.02,450,"1993-07-21 2022-08-04",6.52,3.4,450,"1993-07-21 2022-08-04",39.16,12.78,450,"1993-07-21 2022-08-04",10.77,2.66,450,"1993-07-21 2022-08-04",2.18,3.04,450,"1993-07-21 2022-08-04",1.59,4.08,449,"1993-07-21 2022-08-04",1.55,4.04,446,"1993-07-21 2022-08-04",0,0,447,"1993-07-21 2022-08-04",0,0,288,"1993-07-21 2019-07-24",,,,
2023-07-27,12.08,2.73,450,"1993-07-20 2022-08-03",85.42,8.24,450,"1993-07-20 2022-08-03",24.68,4.19,450,"1993-07-20 2022-08-03",28.34,9.04,450,"1993-07-20 2022-08-03",6.5,3.47,450,"1993-07-20 2022-08-03",39.01,12.92,450,"1993-07-20 2022-08-03",10.76,2.65,450,"1993-07-20 2022-08-03",2.21,3.05,450,"1993-07-20 2022-08-03",1.52,3.92,449,"1993-07-20 2022-08-03",1.49,3.88,447,"1993-07-20 2022-08-03",0,0,447,"1993-07-20 2022-08-03",0,0,289,"1993-07-20 2019-07-24",,,,
2023-07-26,12.12,2.72,450,"1993-07-19 2022-08-02",85.35,8.28,450,"1993-07-19 2022-08-02",24.67,4.06,450,"1993-07-19 2022-08-02",28.38,8.91,450,"1993-07-19 2022-08-02",6.49,3.5,450,"1993-07-19 2022-08-02",38.94,12.79,450,"1993-07-19 2022-08-02",10.78,2.64,450,"1993-07-19 2022-08-02",2.17,3.07,450,"1993-07-19 2022-08-02",1.48,4.08,449,"1993-07-19 2022-08-02",1.45,4.04,446,"1993-07-19 2022-08-02",0,0,446,"1993-07-19 2022-08-02",0,0,290,"1993-07-19 2019-07-24",,,,
2023-07-25,12.18,2.77,450,"1993-07-18 2022-08-01",85.5,8.38,450,"1993-07-18 2022-08-01",24.64,4.09,450,"1993-07-18 2022-08-01",28.44,8.85,450,"1993-07-18 2022-08-01",6.53,3.46,450,"1993-07-18 2022-08-01",39.12,12.86,450,"1993-07-18 2022-08-01",10.8,2.59,450,"1993-07-18 2022-08-01",2.16,3.08,450,"1993-07-18 2022-08-01",1.4,3.77,449,"1993-07-18 2022-08-01",1.37,3.72,445,"1993-07-18 2022-08-01",0,0,445,"1993-07-18 2022-08-01",0,0,291,"1993-07-18 2019-07-24",,,,
2023-07-24,12.25,2.74,450,"1993-07-17 2022-07-31",85.53,8.49,450,"1993-07-17 2022-07-31",24.56,4.02,450,"1993-07-17 2022-07-31",28.4,8.93,450,"1993-07-17 2022-07-31",6.57,3.48,450,"1993-07-17 2022-07-31",39.5,12.97,450,"1993-07-17 2022-07-31",10.8,2.56,450,"1993-07-17 2022-07-31",2.21,3.07,450,"1993-07-17 2022-07-31",1.47,3.85,449,"1993-07-17 2022-07-31",1.45,3.82,444,"1993-07-17 2022-07-31",0,0,444,"1993-07-17 2022-07-31",0,0,292,"1993-07-17 2019-07-24",,,,
2023-07-23,12.28,2.67,450,"1993-07-16 2022-07-30",85.82,8.55,450,"1993-07-16 2022-07-30",24.46,4.06,450,"1993-07-16 2022-07-30",28.23,8.9,450,"1993-07-16 2022-07-30",6.62,3.41,450,"1993-07-16 2022-07-30",39.91,13.24,450,"1993-07-16 2022-07-30",10.77,2.59,450,"1993-07-16 2022-07-30",2.32,3.08,450,"1993-07-16 2022-07-30",1.56,3.95,449,"1993-07-16 2022-07-30",1.54,3.92,443,"1993-07-16 2022-07-30",0,0,443,"1993-07-16 2022-07-30",0,0,293,"1993-07-16 2019-07-24",,,,
2023-07-22,12.24,2.68,450,"1993-07-15 2022-07-29",85.83,8.77,450,"1993-07-15 2022-07-29",24.28,4.15,450,"1993-07-15 2022-07-29",27.87,8.71,450,"1993-07-15 2022-07-29",6.62,3.35,450,"1993-07-15 2022-07-29",40.5,13.64,450,"1993-07-15 2022-07-29",10.71,2.61,450,"1993-07-15 2022-07-29",2.32,3.06,450,"1993-07-15 2022-07-29",1.71,4.37,450,"1993-07-15 2022-07-29",1.69,4.35,444,"1993-07-15 2022-07-29",0,0,444,"1993-07-15 2022-07-29",0,0,295,"1993-07-15 2019-07-24",,,,
2023-07-21,12.17,2.68,450,"1993-07-14 2022-07-28",85.95,8.8,450,"1993-07-14 2022-07-28",24.12,4.14,450,"1993-07-14 2022-07-28",27.86,8.55,450,"1993-07-14 2022-07-28",6.59,3.31,450,"1993-07-14 2022-07-28",40.76,13.75,450,"1993-07-14 2022-07-28",10.63,2.63,450,"1993-07-14 2022-07-28",2.36,3.1,450,"1993-07-14 2022-07-28",1.81,4.63,450,"1993-07-14 2022-07-28",1.82,4.65,445,"1993-07-14 2022-07-28",0,0,445,"1993-07-14 2022-07-28",0,0,296,"1993-07-14 2019-07-24",,,,
2023-07-20,12.17,2.7,450,"1993-07-13 2022-07-27",86.23,8.64,450,"1993-07-13 2022-07-27",24,4.22,450,"1993-07-13 2022-07-27",28.17,8.8,450,"1993-07-13 2022-07-27",6.57,3.31,450,"1993-07-13 2022-07-27",41,13.88,450,"1993-07-13 2022-07-27",10.61,2.62,450,"1993-07-13 2022-07-27",2.44,3.08,450,"1993-07-13 2022-07-27",1.97,4.77,450,"1993-07-13 2022-07-27",1.98,4.8,445,"1993-07-13 2022-07-27",0,0,445,"1993-07-13 2022-07-27",0,0,296,"1993-07-13 2019-07-24",,,,
2023-07-19,12.19,2.72,450,"1993-07-12 2022-07-26",86.22,8.64,450,"1993-07-12 2022-07-26",23.96,4.19,450,"1993-07-12 2022-07-26",28.15,8.8,450,"1993-07-12 2022-07-26",6.54,3.31,450,"1993-07-12 2022-07-26",41.15,13.84,450,"1993-07-12 2022-07-26",10.65,2.61,450,"1993-07-12 2022-07-26",2.48,3.12,450,"1993-07-12 2022-07-26",1.99,4.77,450,"1993-07-12 2022-07-26",2,4.8,445,"1993-07-12 2022-07-26",0,0,445,"1993-07-12 2022-07-26",0,0,297,"1993-07-12 2019-07-24",,,,
2023-07-18,12.19,2.78,450,"1993-07-11 2022-07-25",86.06,8.79,450,"1993-07-11 2022-07-25",23.86,4.21,450,"1993-07-11 2022-07-25",28.17,8.75,450,"1993-07-11 2022-07-25",6.46,3.34,450,"1993-07-11 2022-07-25",41.28,13.92,450,"1993-07-11 2022-07-25",10.65,2.63,450,"1993-07-11 2022-07-25",2.51,3.12,450,"1993-07-11 2022-07-25",2.12,5.18,450,"1993-07-11 2022-07-25",2.14,5.21,445,"1993-07-11 2022-07-25",0,0,445,"1993-07-11 2022-07-25",0,0,298,"1993-07-11 2019-07-24",,,,
2023-07-17,12.25,2.79,450,"1993-07-10 2022-07-24",86.12,8.6,450,"1993-07-10 2022-07-24",23.87,4.17,450,"1993-07-10 2022-07-24",28.1,8.65,450,"1993-07-10 2022-07-24",6.42,3.35,450,"1993-07-10 2022-07-24",41.18,13.84,450,"1993-07-10 2022-07-24",10.62,2.65,450,"1993-07-10 2022-07-24",2.48,3.01,450,"1993-07-10 2022-07-24",2.11,5.17,450,"1993-07-10 2022-07-24",2.13,5.2,445,"1993-07-10 2022-07-24",0,0,445,"1993-07-10 2022-07-24",0,0,300,"1993-07-10 2019-07-24",,,,
2023-07-16,12.27,2.83,450,"1993-07-09 2022-07-23",86.1,8.65,450,"1993-07-09 2022-07-23",23.92,4.19,450,"1993-07-09 2022-07-23",28.25,8.6,450,"1993-07-09 2022-07-23",6.42,3.3,450,"1993-07-09 2022-07-23",41.08,13.59,450,"1993-07-09 2022-07-23",10.64,2.67,450,"1993-07-09 2022-07-23",2.48,2.97,450,"1993-07-09 2022-07-23",2.09,5.28,450,"1993-07-09 2022-07-23",2.11,5.31,445,"1993-07-09 2022-07-23",0,0,445,"1993-07-09 2022-07-23",0,0,301,"1993-07-09 2019-07-23",,,,
2023-07-15,12.25,2.85,450,"1993-07-08 2022-07-22",85.95,8.95,450,"1993-07-08 2022-07-22",23.79,4.2,450,"1993-07-08 2022-07-22",28.09,8.73,450,"1993-07-08 2022-07-22",6.42,3.27,450,"1993-07-08 2022-07-22",41.43,13.68,450,"1993-07-08 2022-07-22",10.61,2.67,450,"1993-07-08 2022-07-22",2.52,3.02,450,"1993-07-08 2022-07-22",2.12,5.24,450,"1993-07-08 2022-07-22",2.15,5.27,444,"1993-07-08 2022-07-22",0,0,444,"1993-07-08 2022-07-22",0,0,302,"1993-07-08 2019-07-22",,,,
2023-07-14,12.25,2.84,450,"1993-07-07 2022-07-21",86.16,8.88,450,"1993-07-07 2022-07-21",23.68,4.2,450,"1993-07-07 2022-07-21",28.22,8.67,450,"1993-07-07 2022-07-21",6.39,3.25,450,"1993-07-07 2022-07-21",41.65,13.86,450,"1993-07-07 2022-07-21",10.55,2.69,450,"1993-07-07 2022-07-21",2.5,2.91,450,"1993-07-07 2022-07-21",2.24,5.37,450,"1993-07-07 2022-07-21",2.27,5.4,444,"1993-07-07 2022-07-21",0,0,444,"1993-07-07 2022-07-21",0,0,303,"1993-07-07 2019-07-21",,,,
2023-07-13,12.24,2.86,450,"1993-07-06 2022-07-20",86.21,8.85,450,"1993-07-06 2022-07-20",23.53,4.2,450,"1993-07-06 2022-07-20",28.17,8.7,450,"1993-07-06 2022-07-20",6.33,3.3,450,"1993-07-06 2022-07-20",42.2,14.08,450,"1993-07-06 2022-07-20",10.48,2.78,450,"1993-07-06 2022-07-20",2.47,2.91,450,"1993-07-06 2022-07-20",2.41,5.58,450,"1993-07-06 2022-07-20",2.45,5.61,443,"1993-07-06 2022-07-20",0,0,443,"1993-07-06 2022-07-20",0,0,304,"1993-07-06 2019-07-20",,,,
2023-07-12,12.16,2.93,450,"1993-07-05 2022-07-19",86.28,8.86,450,"1993-07-05 2022-07-19",23.35,4.25,450,"1993-07-05 2022-07-19",28.09,8.57,450,"1993-07-05 2022-07-19",6.26,3.29,450,"1993-07-05 2022-07-19",42.56,13.91,450,"1993-07-05 2022-07-19",10.38,2.81,450,"1993-07-05 2022-07-19",2.49,2.93,450,"1993-07-05 2022-07-19",2.56,5.76,450,"1993-07-05 2022-07-19",2.59,5.8,443,"1993-07-05 2022-07-19",0,0,443,"1993-07-05 2022-07-19",0,0,305,"1993-07-05 2019-07-19",,,,
2023-07-11,12.1,2.92,450,"1993-07-04 2022-07-18",86.21,9.04,450,"1993-07-04 2022-07-18",23.17,4.38,450,"1993-07-04 2022-07-18",28.22,8.5,450,"1993-07-04 2022-07-18",6.2,3.33,450,"1993-07-04 2022-07-18",42.99,14.35,450,"1993-07-04 2022-07-18",10.35,2.78,450,"1993-07-04 2022-07-18",2.58,2.96,450,"1993-07-04 2022-07-18",2.81,6.16,450,"1993-07-04 2022-07-18",2.85,6.2,444,"1993-07-04 2022-07-18",0,0,444,"1993-07-04 2022-07-18",0,0,306,"1993-07-04 2019-07-18",,,,
2023-07-10,11.98,2.93,450,"1993-07-03 2022-07-17",85.89,9.38,450,"1993-07-03 2022-07-17",23.08,4.43,450,"1993-07-03 2022-07-17",28.36,8.63,450,"1993-07-03 2022-07-17",6.06,3.42,450,"1993-07-03 2022-07-17",43.03,14.58,450,"1993-07-03 2022-07-17",10.26,2.78,450,"1993-07-03 2022-07-17",2.64,3.01,450,"1993-07-03 2022-07-17",2.82,6.23,450,"1993-07-03 2022-07-17",2.85,6.26,445,"1993-07-03 2022-07-17",0,0,445,"1993-07-03 2022-07-17",0,0,307,"1993-07-03 2019-07-17",,,,
2023-07-09,11.87,3.05,450,"1993-07-02 2022-07-16",85.93,9.46,450,"1993-07-02 2022-07-16",22.95,4.45,450,"1993-07-02 2022-07-16",28.3,8.46,450,"1993-07-02 2022-07-16",5.95,3.49,450,"1993-07-02 2022-07-16",42.94,14.55,450,"1993-07-02 2022-07-16",10.22,2.79,450,"1993-07-02 2022-07-16",2.58,3,450,"1993-07-02 2022-07-16",2.84,6.33,450,"1993-07-02 2022-07-16",2.86,6.35,446,"1993-07-02 2022-07-16",0,0,446,"1993-07-02 2022-07-16",0,0,308,"1993-07-02 2019-07-16",,,,
2023-07-08,11.78,3.11,450,"1993-07-01 2022-07-15",85.76,9.62,450,"1993-07-01 2022-07-15",22.93,4.37,450,"1993-07-01 2022-07-15",28.45,8.48,450,"1993-07-01 2022-07-15",5.84,3.59,450,"1993-07-01 2022-07-15",42.63,14.48,450,"1993-07-01 2022-07-15",10.17,2.77,450,"1993-07-01 2022-07-15",2.5,3.03,450,"1993-07-01 2022-07-15",2.82,6.31,450,"1993-07-01 2022-07-15",2.84,6.33,447,"1993-07-01 2022-07-15",0,0,447,"1993-07-01 2022-07-15",0,0,308,"1993-07-01 2019-07-15",,,,
2023-07-07,11.73,3.12,450,"1993-06-30 2022-07-14",85.65,9.62,450,"1993-06-30 2022-07-14",22.88,4.32,450,"1993-06-30 2022-07-14",28.49,8.43,450,"1993-06-30 2022-07-14",5.78,3.67,450,"1993-06-30 2022-07-14",42.49,14.43,450,"1993-06-30 2022-07-14",10.17,2.77,450,"1993-06-30 2022-07-14",2.57,3.09,450,"1993-06-30 2022-07-14",2.71,6.09,450,"1993-06-30 2022-07-14",2.73,6.11,447,"1993-06-30 2022-07-13",0,0,447,"1993-06-30 2022-07-13",0,0,309,"1993-06-30 2019-07-14",,,,
2023-07-06,11.71,3.14,450,"1993-06-29 2022-07-13",85.64,9.65,450,"1993-06-29 2022-07-13",22.78,4.39,450,"1993-06-29 2022-07-13",28.53,8.46,450,"1993-06-29 2022-07-13",5.78,3.67,450,"1993-06-29 2022-07-13",42.85,14.57,450,"1993-06-29 2022-07-13",10.19,2.8,450,"1993-06-29 2022-07-13",2.59,3.08,450,"1993-06-29 2022-07-13",2.76,6.14,450,"1993-06-29 2022-07-13",2.77,6.15,448,"1993-06-29 2022-07-13",0,0,448,"1993-06-29 2022-07-13",0,0,310,"1993-06-29 2019-07-12",,,,
2023-07-05,11.65,3.14,450,"1993-06-28 2022-07-12",85.34,9.97,450,"1993-06-28 2022-07-12",22.69,4.36,450,"1993-06-28 2022-07-12",28.47,8.19,450,"1993-06-28 2022-07-12",5.7,3.67,450,"1993-06-28 2022-07-12",42.92,14.81,450,"1993-06-28 2022-07-12",10.15,2.84,450,"1993-06-28 2022-07-12",2.61,3.21,450,"1993-06-28 2022-07-12",2.71,6.18,449,"1993-06-29 2022-07-12",2.72,6.19,447,"1993-06-29 2022-07-12",0,0,447,"1993-06-29 2022-07-12",0,0,310,"1993-06-29 2019-07-12",,,,
2023-07-04,11.48,3.2,450,"1993-06-27 2022-07-11",85.19,10.25,450,"1993-06-27 2022-07-11",22.53,4.36,450,"1993-06-27 2022-07-11",28.51,8.13,450,"1993-06-27 2022-07-11",5.6,3.72,450,"1993-06-27 2022-07-11",43.07,14.98,450,"1993-06-27 2022-07-11",10.02,2.87,450,"1993-06-27 2022-07-11",2.67,3.27,450,"1993-06-27 2022-07-11",2.75,6.23,449,"1993-06-27 2022-07-11",2.77,6.25,446,"1993-06-27 2022-07-11",0,0,446,"1993-06-27 2022-07-11",0,0,311,"1993-06-27 2019-07-10",,,,
2023-07-03,11.29,3.24,450,"1993-06-26 2022-07-10",85,10.55,450,"1993-06-26 2022-07-10",22.42,4.49,450,"1993-06-26 2022-07-10",28.71,8.24,450,"1993-06-26 2022-07-10",5.46,3.75,450,"1993-06-26 2022-07-10",42.88,15.24,450,"1993-06-26 2022-07-10",9.92,2.87,450,"1993-06-26 2022-07-10",2.73,3.36,450,"1993-06-26 2022-07-10",2.6,5.89,449,"1993-06-26 2022-07-10",2.62,5.91,446,"1993-06-26 2022-07-10",0,0,446,"1993-06-26 2022-07-10",0,0,312,"1993-06-26 2019-07-10",,,,
2023-07-02,11.15,3.22,450,"1993-06-25 2022-07-09",85.08,10.54,450,"1993-06-25 2022-07-09",22.28,4.49,450,"1993-06-25 2022-07-09",28.98,8.48,450,"1993-06-25 2022-07-09",5.33,3.76,450,"1993-06-25 2022-07-09",42.94,15.37,450,"1993-06-25 2022-07-09",9.79,2.89,450,"1993-06-25 2022-07-09",2.79,3.39,450,"1993-06-25 2022-07-09",2.68,6.08,449,"1993-06-25 2022-07-09",2.69,6.1,446,"1993-06-25 2022-07-09",0,0,446,"1993-06-25 2022-07-09",0,0,312,"1993-06-25 2019-07-09",,,,
2023-07-01,10.97,3.19,450,"1993-06-24 2022-07-08",85.24,10.46,450,"1993-06-24 2022-07-08",21.98,4.47,450,"1993-06-24 2022-07-08",28.88,8.61,450,"1993-06-24 2022-07-08",5.19,3.75,450,"1993-06-24 2022-07-08",43.35,15.47,450,"1993-06-24 2022-07-08",9.59,2.9,450,"1993-06-24 2022-07-08",2.74,3.4,450,"1993-06-24 2022-07-08",2.8,6.17,449,"1993-06-24 2022-07-08",2.82,6.18,446,"1993-06-24 2022-07-08",0,0,446,"1993-06-24 2022-07-08",0,0,312,"1993-06-24 2019-07-08",,,,
2023-06-30,10.81,3.18,450,"1993-06-23 2022-07-07",85.34,10.33,450,"1993-06-23 2022-07-07",21.78,4.46,450,"1993-06-23 2022-07-07",28.87,8.48,450,"1993-06-23 2022-07-07",5.02,3.77,450,"1993-06-23 2022-07-07",43.25,15.31,450,"1993-06-23 2022-07-07",9.46,2.9,450,"1993-06-23 2022-07-07",2.76,3.39,450,"1993-06-23 2022-07-07",2.79,6.22,449,"1993-06-23 2022-07-07",2.8,6.23,447,"1993-06-23 2022-07-07",0,0,447,"1993-06-23 2022-07-07",0,0,312,"1993-06-23 2019-07-07",,,,
2023-06-29,10.65,3.18,450,"1993-06-22 2022-07-06",85.14,10.43,450,"1993-06-22 2022-07-06",21.69,4.51,450,"1993-06-22 2022-07-06",28.8,8.51,450,"1993-06-22 2022-07-06",4.85,3.75,450,"1993-06-22 2022-07-06",42.91,15.23,450,"1993-06-22 2022-07-06",9.37,2.9,450,"1993-06-22 2022-07-06",2.7,3.39,450,"1993-06-22 2022-07-06",2.7,6.13,449,"1993-06-22 2022-07-06",2.71,6.14,447,"1993-06-22 2022-07-06",0,0,447,"1993-06-22 2022-07-06",0,0,311,"1993-06-22 2019-07-06",,,,
2023-06-28,10.5,3.15,450,"1993-06-21 2022-07-05",85.11,10.43,450,"1993-06-21 2022-07-05",21.61,4.54,450,"1993-06-21 2022-07-05",28.83,8.44,450,"1993-06-21 2022-07-05",4.76,3.71,450,"1993-06-21 2022-07-05",42.53,15.18,450,"1993-06-21 2022-07-05",9.3,2.86,450,"1993-06-21 2022-07-05",2.7,3.41,450,"1993-06-21 2022-07-05",2.88,6.66,448,"1993-06-22 2022-07-05",2.88,6.67,447,"1993-06-22 2022-07-05",0,0,447,"1993-06-22 2022-07-05",0,0,309,"1993-06-22 2019-07-05",,,,
2023-06-27,10.4,3.1,450,"1993-06-20 2022-07-04",85.06,10.44,450,"1993-06-20 2022-07-04",21.56,4.54,450,"1993-06-20 2022-07-04",28.75,8.46,450,"1993-06-20 2022-07-04",4.66,3.67,450,"1993-06-20 2022-07-04",42.24,15.23,450,"1993-06-20 2022-07-04",9.21,2.87,450,"1993-06-20 2022-07-04",2.68,3.5,450,"1993-06-20 2022-07-04",2.92,6.93,448,"1993-06-20 2022-07-04",2.93,6.94,447,"1993-06-20 2022-07-04",0,0,447,"1993-06-20 2022-07-04",0,0,308,"1993-06-20 2019-07-04",,,,
2023-06-26,10.25,3.1,450,"1993-06-19 2022-07-03",85.08,10.39,450,"1993-06-19 2022-07-03",21.46,4.42,450,"1993-06-19 2022-07-03",28.71,8.5,450,"1993-06-19 2022-07-03",4.51,3.65,450,"1993-06-19 2022-07-03",41.87,15.01,450,"1993-06-19 2022-07-03",9.05,2.87,450,"1993-06-19 2022-07-03",2.66,3.51,450,"1993-06-19 2022-07-03",2.7,6.5,448,"1993-06-19 2022-07-03",2.71,6.5,447,"1993-06-19 2022-07-03",0,0,447,"1993-06-19 2022-07-03",0,0,307,"1993-06-19 2019-07-03",,,,
2023-06-25,10.12,3.06,450,"1993-06-18 2022-07-02",85.35,10.14,450,"1993-06-18 2022-07-02",21.24,4.44,450,"1993-06-18 2022-07-02",28.59,8.46,450,"1993-06-18 2022-07-02",4.43,3.58,450,"1993-06-18 2022-07-02",42.05,15.12,450,"1993-06-18 2022-07-02",8.91,2.86,450,"1993-06-18 2022-07-02",2.68,3.59,450,"1993-06-18 2022-07-02",2.94,6.74,448,"1993-06-18 2022-07-02",2.94,6.75,447,"1993-06-18 2022-07-02",0,0,447,"1993-06-18 2022-07-02",0,0,306,"1993-06-18 2019-07-02",,,,
2023-06-24,9.97,2.99,450,"1993-06-17 2022-07-01",85.24,10.29,450,"1993-06-17 2022-07-01",21.06,4.46,450,"1993-06-17 2022-07-01",28.76,8.5,450,"1993-06-17 2022-07-01",4.31,3.52,450,"1993-06-17 2022-07-01",42.16,15.41,450,"1993-06-17 2022-07-01",8.77,2.84,450,"1993-06-17 2022-07-01",2.74,3.6,450,"1993-06-17 2022-07-01",3,6.78,448,"1993-06-17 2022-07-01",3,6.79,447,"1993-06-17 2022-07-01",0,0,447,"1993-06-17 2022-07-01",0,0,305,"1993-06-17 2019-06-30",,,,
2023-06-23,9.8,2.9,450,"1993-06-16 2022-06-30",85.26,10.32,450,"1993-06-16 2022-06-30",20.81,4.47,450,"1993-06-16 2022-06-30",29.02,8.55,450,"1993-06-16 2022-06-30",4.16,3.45,450,"1993-06-16 2022-06-30",42.46,15.58,450,"1993-06-16 2022-06-30",8.62,2.81,450,"1993-06-16 2022-06-30",2.8,3.59,450,"1993-06-16 2022-06-30",3.04,6.79,448,"1993-06-16 2022-06-30",3.02,6.78,446,"1993-06-16 2022-06-30",0,0,447,"1993-06-16 2022-06-30",0,0,305,"1993-06-16 2019-06-30",,,,
2023-06-22,9.58,2.94,450,"1993-06-15 2022-06-29",85.36,10.27,450,"1993-06-15 2022-06-29",20.55,4.47,450,"1993-06-15 2022-06-29",29.2,8.7,450,"1993-06-15 2022-06-29",4.01,3.42,450,"1993-06-15 2022-06-29",42.66,15.59,450,"1993-06-15 2022-06-29",8.43,2.77,450,"1993-06-15 2022-06-29",2.88,3.72,450,"1993-06-15 2022-06-29",3.16,6.88,448,"1993-06-15 2022-06-29",3.14,6.88,445,"1993-06-15 2022-06-29",0,0,446,"1993-06-15 2022-06-29",0,0,304,"1993-06-15 2019-06-29",,,,
2023-06-21,9.4,2.89,450,"1993-06-14 2022-06-28",85.3,10.36,450,"1993-06-14 2022-06-28",20.32,4.42,450,"1993-06-14 2022-06-28",29.24,8.79,450,"1993-06-14 2022-06-28",3.83,3.37,450,"1993-06-14 2022-06-28",42.65,15.44,450,"1993-06-14 2022-06-28",8.25,2.68,450,"1993-06-14 2022-06-28",2.94,3.83,450,"1993-06-14 2022-06-28",3.17,6.88,448,"1993-06-14 2022-06-28",3.15,6.88,445,"1993-06-14 2022-06-28",0,0,446,"1993-06-14 2022-06-28",0,0,303,"1993-06-14 2019-06-27",,,,
2023-06-20,9.22,2.87,450,"1993-06-13 2022-06-27",85.32,10.53,450,"1993-06-13 2022-06-27",20.17,4.34,450,"1993-06-13 2022-06-27",29.28,8.83,450,"1993-06-13 2022-06-27",3.66,3.37,450,"1993-06-13 2022-06-27",42.66,15.36,450,"1993-06-13 2022-06-27",8.08,2.59,450,"1993-06-13 2022-06-27",2.85,3.74,450,"1993-06-13 2022-06-27",3.32,7.25,449,"1993-06-13 2022-06-27",3.3,7.25,446,"1993-06-13 2022-06-27",0,0,447,"1993-06-13 2022-06-27",0,0,304,"1993-06-13 2019-06-27",,,,
2023-06-19,9.04,2.94,450,"1993-06-12 2022-06-26",85.33,10.8,450,"1993-06-12 2022-06-26",19.99,4.28,450,"1993-06-12 2022-06-26",29.31,8.79,450,"1993-06-12 2022-06-26",3.48,3.41,450,"1993-06-12 2022-06-26",42.58,15.54,450,"1993-06-12 2022-06-26",7.93,2.58,450,"1993-06-12 2022-06-26",2.85,3.84,450,"1993-06-12 2022-06-26",3.31,7.26,448,"1993-06-13 2022-06-26",3.29,7.25,446,"1993-06-13 2022-06-26",0,0,447,"1993-06-13 2022-06-26",0,0,302,"1993-06-13 2019-06-26",,,,
2023-06-18,8.94,2.94,450,"1993-06-11 2022-06-25",85.46,10.76,450,"1993-06-11 2022-06-25",19.82,4.17,450,"1993-06-11 2022-06-25",29.28,8.77,450,"1993-06-11 2022-06-25",3.32,3.49,450,"1993-06-11 2022-06-25",42.58,15.48,450,"1993-06-11 2022-06-25",7.8,2.56,450,"1993-06-11 2022-06-25",2.87,3.77,450,"1993-06-11 2022-06-25",3.48,7.53,448,"1993-06-11 2022-06-25",3.46,7.53,445,"1993-06-11 2022-06-25",0,0,446,"1993-06-11 2022-06-25",0,0,301,"1993-06-11 2019-06-25",,,,
2023-06-17,8.74,2.96,450,"1993-06-10 2022-06-24",85.31,10.89,450,"1993-06-10 2022-06-24",19.57,4.2,450,"1993-06-10 2022-06-24",29.25,8.65,450,"1993-06-10 2022-06-24",3.19,3.53,450,"1993-06-10 2022-06-24",42.79,15.82,450,"1993-06-10 2022-06-24",7.7,2.56,450,"1993-06-10 2022-06-24",2.92,3.82,450,"1993-06-10 2022-06-24",3.55,7.53,447,"1993-06-11 2022-06-24",3.54,7.54,443,"1993-06-11 2022-06-24",0,0,444,"1993-06-11 2022-06-24",0,0,299,"1993-06-11 2019-06-24",,,,
2023-06-16,8.59,2.96,450,"1993-06-09 2022-06-23",85.18,10.99,450,"1993-06-09 2022-06-23",19.46,4.22,450,"1993-06-09 2022-06-23",29.22,8.45,450,"1993-06-09 2022-06-23",2.99,3.56,450,"1993-06-09 2022-06-23",42.58,16.09,450,"1993-06-09 2022-06-23",7.6,2.59,450,"1993-06-09 2022-06-23",2.98,3.79,450,"1993-06-09 2022-06-23",3.39,7.4,447,"1993-06-09 2022-06-23",3.38,7.41,443,"1993-06-09 2022-06-23",0,0,444,"1993-06-09 2022-06-23",0,0,298,"1993-06-09 2019-06-23",,,,
2023-06-15,8.46,3,450,"1993-06-08 2022-06-22",85.22,11.04,450,"1993-06-08 2022-06-22",19.33,4.32,450,"1993-06-08 2022-06-22",29.21,8.29,450,"1993-06-08 2022-06-22",2.86,3.56,450,"1993-06-08 2022-06-22",42.59,16.38,450,"1993-06-08 2022-06-22",7.47,2.7,450,"1993-06-08 2022-06-22",2.94,3.77,450,"1993-06-08 2022-06-22",3.43,7.4,447,"1993-06-08 2022-06-22",3.42,7.41,443,"1993-06-08 2022-06-22",0,0,444,"1993-06-08 2022-06-22",0,0,297,"1993-06-08 2012-06-22",,,,
2023-06-14,8.27,3.03,450,"1993-06-07 2022-06-21",85.09,11.18,450,"1993-06-07 2022-06-21",19.09,4.39,450,"1993-06-07 2022-06-21",29.32,8.4,450,"1993-06-07 2022-06-21",2.72,3.59,450,"1993-06-07 2022-06-21",42.86,16.61,450,"1993-06-07 2022-06-21",7.33,2.77,450,"1993-06-07 2022-06-21",3.08,3.87,450,"1993-06-07 2022-06-21",3.57,7.82,447,"1993-06-07 2022-06-21",3.56,7.83,443,"1993-06-07 2022-06-21",0,0,444,"1993-06-07 2022-06-21",0,0,297,"1993-06-07 2012-06-21",,,,
2023-06-13,8.13,3.06,450,"1993-06-06 2022-06-20",85.11,11.37,450,"1993-06-06 2022-06-20",18.87,4.36,450,"1993-06-06 2022-06-20",29.47,8.51,450,"1993-06-06 2022-06-20",2.58,3.61,450,"1993-06-06 2022-06-20",43.16,16.61,450,"1993-06-06 2022-06-20",7.21,2.8,450,"1993-06-06 2022-06-20",3.18,3.89,450,"1993-06-06 2022-06-20",3.8,7.97,448,"1993-06-06 2022-06-20",3.79,7.98,444,"1993-06-06 2022-06-20",0.01,0.15,445,"1993-06-06 2022-06-20",0,0,298,"1993-06-06 2012-06-20",,,,
2023-06-12,8.07,3.11,450,"1993-06-05 2022-06-19",85.18,11.34,450,"1993-06-05 2022-06-19",18.82,4.37,450,"1993-06-05 2022-06-19",29.76,8.49,450,"1993-06-05 2022-06-19",2.53,3.68,450,"1993-06-05 2022-06-19",43.08,16.68,450,"1993-06-05 2022-06-19",7.16,2.85,450,"1993-06-05 2022-06-19",3.22,3.84,450,"1993-06-05 2022-06-19",3.99,8.58,447,"1993-06-06 2022-06-19",3.98,8.6,443,"1993-06-06 2022-06-19",0.01,0.15,444,"1993-06-06 2022-06-19",0,0,297,"1993-06-06 2012-06-19",,,,
2023-06-11,8.02,3.14,450,"1993-06-04 2022-06-18",84.99,11.6,450,"1993-06-04 2022-06-18",18.85,4.43,450,"1993-06-04 2022-06-18",29.69,8.61,450,"1993-06-04 2022-06-18",2.45,3.73,450,"1993-06-04 2022-06-18",42.89,16.72,450,"1993-06-04 2022-06-18",7.13,2.86,450,"1993-06-04 2022-06-18",3.24,3.82,450,"1993-06-04 2022-06-18",3.95,8.56,446,"1993-06-06 2022-06-18",3.93,8.58,442,"1993-06-06 2022-06-18",0.01,0.15,443,"1993-06-06 2022-06-18",0,0,296,"1993-06-06 2012-06-18",,,,
2023-06-10,7.91,3.16,450,"1993-06-03 2022-06-17",84.57,11.92,450,"1993-06-03 2022-06-17",18.91,4.46,450,"1993-06-03 2022-06-17",29.82,8.54,450,"1993-06-03 2022-06-17",2.28,3.8,450,"1993-06-03 2022-06-17",42.39,16.93,450,"1993-06-03 2022-06-17",7.08,2.86,450,"1993-06-03 2022-06-17",3.15,3.76,450,"1993-06-03 2022-06-17",3.82,8.4,445,"1993-06-06 2022-06-17",3.81,8.42,441,"1993-06-06 2022-06-17",0.01,0.15,442,"1993-06-06 2022-06-17",0,0,295,"1993-06-06 2012-06-17",,,,
2023-06-09,7.77,3.12,450,"1993-06-02 2022-06-16",84.33,11.93,450,"1993-06-02 2022-06-16",18.93,4.49,450,"1993-06-02 2022-06-16",29.76,8.58,450,"1993-06-02 2022-06-16",2.12,3.84,450,"1993-06-02 2022-06-16",41.85,16.93,450,"1993-06-02 2022-06-16",7.03,2.91,450,"1993-06-02 2022-06-16",3.16,3.77,450,"1993-06-02 2022-06-16",3.83,8.45,444,"1993-06-06 2022-06-16",3.82,8.46,440,"1993-06-06 2022-06-16",0.01,0.15,441,"1993-06-06 2022-06-16",0,0,294,"1993-06-06 2012-06-16",,,,
2023-06-08,7.65,3.16,450,"1993-06-01 2022-06-15",84.09,12,450,"1993-06-01 2022-06-15",18.95,4.49,450,"1993-06-01 2022-06-15",29.52,8.62,450,"1993-06-01 2022-06-15",2.04,3.85,450,"1993-06-01 2022-06-15",41.42,16.79,450,"1993-06-01 2022-06-15",6.99,2.96,450,"1993-06-01 2022-06-15",3.1,3.81,450,"1993-06-01 2022-06-15",3.73,8.39,444,"1993-06-01 2022-06-15",3.75,8.41,441,"1993-06-01 2022-06-15",0.01,0.15,441,"1993-06-01 2022-06-15",0,0,294,"1993-06-01 2012-06-15",,,,
2023-06-07,7.55,3.17,450,"1993-05-31 2022-06-14",83.75,12.28,450,"1993-05-31 2022-06-14",19.04,4.5,450,"1993-05-31 2022-06-14",29.37,8.5,450,"1993-05-31 2022-06-14",1.85,3.86,450,"1993-05-31 2022-06-14",40.84,16.7,450,"1993-05-31 2022-06-14",6.93,2.97,450,"1993-05-31 2022-06-14",3.01,3.7,450,"1993-05-31 2022-06-14",3.63,8.42,444,"1993-05-31 2022-06-14",3.64,8.44,441,"1993-05-31 2022-06-14",0.01,0.15,441,"1993-05-31 2022-06-14",0,0,294,"1993-05-31 2012-06-14",,,,
2023-06-06,7.35,3.25,450,"1993-05-30 2022-06-13",83.24,12.9,450,"1993-05-30 2022-06-13",19.08,4.51,450,"1993-05-30 2022-06-13",29.29,8.35,450,"1993-05-30 2022-06-13",1.63,3.92,450,"1993-05-30 2022-06-13",40.22,16.75,450,"1993-05-30 2022-06-13",6.81,2.99,450,"1993-05-30 2022-06-13",3.01,3.68,450,"1993-05-30 2022-06-13",3.48,8.26,444,"1993-05-30 2022-06-13",3.5,8.29,440,"1993-05-30 2022-06-13",0.01,0.15,441,"1993-05-30 2022-06-13",0,0,294,"1993-05-30 2012-06-13",,,,
2023-06-05,7.15,3.24,450,"1993-05-29 2022-06-12",83.02,13.13,450,"1993-05-29 2022-06-12",18.92,4.61,450,"1993-05-29 2022-06-12",29.2,8.48,450,"1993-05-29 2022-06-12",1.47,3.94,450,"1993-05-29 2022-06-12",40.04,17,450,"1993-05-29 2022-06-12",6.71,2.99,450,"1993-05-29 2022-06-12",3.18,3.77,450,"1993-05-29 2022-06-12",3.34,7.87,444,"1993-05-29 2022-06-12",3.33,7.88,440,"1993-05-29 2022-06-12",0.04,0.58,441,"1993-05-29 2022-06-12",0,0.12,294,"1993-05-29 2012-06-12",,,,
2023-06-04,7.05,3.21,450,"1993-05-28 2022-06-11",82.83,13.19,450,"1993-05-28 2022-06-11",18.84,4.69,450,"1993-05-28 2022-06-11",29.2,8.49,450,"1993-05-28 2022-06-11",1.33,3.94,450,"1993-05-28 2022-06-11",40.02,17.18,450,"1993-05-28 2022-06-11",6.64,2.99,450,"1993-05-28 2022-06-11",3.2,3.7,450,"1993-05-28 2022-06-11",3.27,7.81,445,"1993-05-28 2022-06-11",3.26,7.82,441,"1993-05-28 2022-06-11",0.04,0.61,442,"1993-05-28 2022-06-11",0,0.12,295,"1993-05-28 2012-06-11",,,,
2023-06-03,6.91,3.21,450,"1993-05-27 2022-06-10",82.72,13.32,450,"1993-05-27 2022-06-10",18.82,4.77,450,"1993-05-27 2022-06-10",29.15,8.51,450,"1993-05-27 2022-06-10",1.21,3.92,450,"1993-05-27 2022-06-10",39.85,17.49,450,"1993-05-27 2022-06-10",6.52,3.04,450,"1993-05-27 2022-06-10",3.14,3.69,450,"1993-05-27 2022-06-10",3.28,7.82,444,"1993-05-28 2022-06-10",3.25,7.81,441,"1993-05-28 2022-06-10",0.05,0.61,442,"1993-05-28 2022-06-10",0,0.12,294,"1993-05-28 2012-06-10",,,,
2023-06-02,6.83,3.22,450,"1993-05-26 2022-06-09",82.76,13.34,450,"1993-05-26 2022-06-09",18.79,4.78,450,"1993-05-26 2022-06-09",29.11,8.55,450,"1993-05-26 2022-06-09",1.09,3.94,450,"1993-05-26 2022-06-09",39.64,17.62,450,"1993-05-26 2022-06-09",6.41,3.06,450,"1993-05-26 2022-06-09",3.1,3.72,450,"1993-05-26 2022-06-09",3.21,7.8,445,"1993-05-26 2022-06-09",3.17,7.79,443,"1993-05-26 2022-06-09",0.05,0.61,444,"1993-05-26 2022-06-09",0,0.12,295,"1993-05-26 2012-06-09",,,,
2023-06-01,6.72,3.21,450,"1993-05-25 2022-06-08",82.56,13.4,450,"1993-05-25 2022-06-08",18.79,4.86,450,"1993-05-25 2022-06-08",29.23,8.64,450,"1993-05-25 2022-06-08",1.05,3.89,450,"1993-05-25 2022-06-08",39.45,17.55,450,"1993-05-25 2022-06-08",6.34,3.06,450,"1993-05-25 2022-06-08",3.17,3.83,450,"1993-05-25 2022-06-08",3.23,7.81,445,"1993-05-25 2022-06-08",3.2,7.79,443,"1993-05-25 2022-06-08",0.05,0.61,444,"1993-05-25 2022-06-08",0,0.12,295,"1993-05-25 2012-06-08",,,,
2023-05-31,6.56,3.21,450,"1993-05-24 2022-06-07",82.36,13.61,450,"1993-05-24 2022-06-07",18.69,4.99,450,"1993-05-24 2022-06-07",29.49,8.79,450,"1993-05-24 2022-06-07",0.97,3.88,450,"1993-05-24 2022-06-07",39.63,17.98,450,"1993-05-24 2022-06-07",6.18,3.05,450,"1993-05-24 2022-06-07",3.18,3.93,450,"1993-05-24 2022-06-07",3.34,8.11,445,"1993-05-24 2022-06-07",3.29,8.09,443,"1993-05-24 2022-06-07",0.07,0.73,444,"1993-05-24 2022-06-07",0,0.42,295,"1993-05-24 2012-06-07",,,,
2023-05-30,6.42,3.26,450,"1993-05-23 2022-06-06",82.16,13.92,450,"1993-05-23 2022-06-06",18.65,5.04,450,"1993-05-23 2022-06-06",29.36,8.67,450,"1993-05-23 2022-06-06",0.81,3.93,450,"1993-05-23 2022-06-06",39.35,17.96,450,"1993-05-23 2022-06-06",6.04,3.11,450,"1993-05-23 2022-06-06",3.11,3.85,450,"1993-05-23 2022-06-06",3.22,7.76,445,"1993-05-23 2022-06-06",3.17,7.73,443,"1993-05-23 2022-06-06",0.07,0.73,444,"1993-05-23 2022-06-06",0,0.42,295,"1993-05-23 2012-06-06",,,,
2023-05-29,6.18,3.31,450,"1993-05-22 2022-06-05",81.94,13.99,450,"1993-05-22 2022-06-05",18.49,5.27,450,"1993-05-22 2022-06-05",29.22,8.61,450,"1993-05-22 2022-06-05",0.6,3.98,450,"1993-05-22 2022-06-05",39.33,18.67,450,"1993-05-22 2022-06-05",5.87,3.21,450,"1993-05-22 2022-06-05",3.01,3.92,450,"1993-05-22 2022-06-05",2.87,7.16,444,"1993-05-23 2022-06-05",2.81,7.15,441,"1993-05-23 2022-06-05",0.07,0.73,442,"1993-05-23 2022-06-05",0.1,0.5,294,"1993-05-23 2012-06-05",,,,
2023-05-28,5.9,3.33,450,"1993-05-21 2022-06-04",81.65,14.17,450,"1993-05-21 2022-06-04",18.22,5.43,450,"1993-05-21 2022-06-04",29.09,8.87,450,"1993-05-21 2022-06-04",0.27,3.99,450,"1993-05-21 2022-06-04",39.39,19.08,450,"1993-05-21 2022-06-04",5.62,3.26,450,"1993-05-21 2022-06-04",3.1,4.08,450,"1993-05-21 2022-06-04",2.66,6.18,445,"1993-05-21 2022-06-04",2.57,6.13,442,"1993-05-21 2022-06-04",0.1,0.86,443,"1993-05-21 2022-06-04",0.1,1.31,295,"1993-05-21 2012-06-04",,,,
2023-05-27,5.64,3.36,450,"1993-05-20 2022-06-03",81.71,14.18,450,"1993-05-20 2022-06-03",17.89,5.57,450,"1993-05-20 2022-06-03",29.06,8.81,450,"1993-05-20 2022-06-03",0.06,4,450,"1993-05-20 2022-06-03",39.73,19.38,450,"1993-05-20 2022-06-03",5.37,3.32,450,"1993-05-20 2022-06-03",3.13,4.21,450,"1993-05-20 2022-06-03",2.7,6.19,445,"1993-05-20 2022-06-03",2.56,6.07,440,"1993-05-20 2022-06-03",0.17,1.57,443,"1993-05-20 2022-06-03",0.2,1.33,296,"1993-05-20 2012-06-03",,,,
2023-05-26,5.45,3.36,450,"1993-05-19 2022-06-02",81.88,14.04,450,"1993-05-19 2022-06-02",17.63,5.56,450,"1993-05-19 2022-06-02",29.25,9,450,"1993-05-19 2022-06-02",-0.09,3.98,450,"1993-05-19 2022-06-02",39.89,19.03,450,"1993-05-19 2022-06-02",5.16,3.36,450,"1993-05-19 2022-06-02",3.22,4.24,450,"1993-05-19 2022-06-02",2.61,6.13,446,"1993-05-19 2022-06-02",2.47,6,441,"1993-05-19 2022-06-02",0.17,1.57,444,"1993-05-19 2022-06-02",0.2,1.33,297,"1993-05-19 2012-06-02",,,,
2023-05-25,5.31,3.38,450,"1993-05-18 2022-06-01",81.96,14.04,450,"1993-05-18 2022-06-01",17.42,5.56,450,"1993-05-18 2022-06-01",29.38,9.01,450,"1993-05-18 2022-06-01",-0.25,3.99,450,"1993-05-18 2022-06-01",39.99,18.87,450,"1993-05-18 2022-06-01",4.99,3.35,450,"1993-05-18 2022-06-01",3.27,4.24,450,"1993-05-18 2022-06-01",2.44,5.85,447,"1993-05-18 2022-06-01",2.3,5.72,440,"1993-05-18 2022-06-01",0.17,1.57,443,"1993-05-18 2022-06-01",0.2,1.33,298,"1993-05-18 2012-06-01",,,,
2023-05-24,5.17,3.34,450,"1993-05-17 2022-05-31",81.94,14.02,450,"1993-05-17 2022-05-31",17.28,5.66,450,"1993-05-17 2022-05-31",29.59,9.12,450,"1993-05-17 2022-05-31",-0.43,3.94,450,"1993-05-17 2022-05-31",39.97,19.05,450,"1993-05-17 2022-05-31",4.82,3.31,450,"1993-05-17 2022-05-31",3.33,4.28,450,"1993-05-17 2022-05-31",2.45,5.87,447,"1993-05-17 2022-05-31",2.32,5.74,440,"1993-05-17 2022-05-31",0.17,1.58,443,"1993-05-17 2022-05-31",0.2,1.33,298,"1993-05-17 2012-05-31",,,,
2023-05-23,5.05,3.28,450,"1993-05-16 2022-05-30",81.95,14.04,450,"1993-05-16 2022-05-30",17.21,5.71,450,"1993-05-16 2022-05-30",29.62,9.11,450,"1993-05-16 2022-05-30",-0.58,3.87,450,"1993-05-16 2022-05-30",39.71,19.17,450,"1993-05-16 2022-05-30",4.67,3.32,450,"1993-05-16 2022-05-30",3.3,4.26,450,"1993-05-16 2022-05-30",2.4,5.68,447,"1993-05-16 2022-05-30",2.25,5.53,440,"1993-05-16 2022-05-30",0.18,1.58,443,"1993-05-16 2022-05-30",0.2,1.33,299,"1993-05-16 2015-05-16",,,,
2023-05-22,4.93,3.25,450,"1993-05-15 2022-05-29",81.87,14.08,450,"1993-05-15 2022-05-29",17.14,5.76,450,"1993-05-15 2022-05-29",29.7,9.21,450,"1993-05-15 2022-05-29",-0.69,3.85,450,"1993-05-15 2022-05-29",39.58,19.16,450,"1993-05-15 2022-05-29",4.58,3.34,450,"1993-05-15 2022-05-29",3.27,4.23,450,"1993-05-15 2022-05-29",2.39,5.68,447,"1993-05-15 2022-05-29",2.24,5.53,441,"1993-05-15 2022-05-29",0.18,1.58,443,"1993-05-15 2022-05-29",0.2,1.33,299,"1993-05-15 2015-05-16",,,,
2023-05-21,4.76,3.25,450,"1993-05-14 2022-05-28",81.58,14.31,450,"1993-05-14 2022-05-28",17.15,5.72,450,"1993-05-14 2022-05-28",29.83,9.28,450,"1993-05-14 2022-05-28",-0.93,3.85,450,"1993-05-14 2022-05-28",38.91,18.95,450,"1993-05-14 2022-05-28",4.42,3.35,450,"1993-05-14 2022-05-28",3.16,4.24,450,"1993-05-14 2022-05-28",2.26,5.58,447,"1993-05-14 2022-05-28",2.13,5.45,441,"1993-05-14 2022-05-28",0.15,1.48,443,"1993-05-14 2022-05-28",0.1,1.32,299,"1993-05-14 2015-05-16",,,,
2023-05-20,4.55,3.25,450,"1993-05-13 2022-05-27",81.16,14.36,450,"1993-05-13 2022-05-27",17.07,5.67,450,"1993-05-13 2022-05-27",29.83,9.22,450,"1993-05-13 2022-05-27",-1.13,3.83,450,"1993-05-13 2022-05-27",38.39,18.57,450,"1993-05-13 2022-05-27",4.25,3.41,450,"1993-05-13 2022-05-27",3.05,4.15,450,"1993-05-13 2022-05-27",2.23,5.58,447,"1993-05-13 2022-05-27",2.12,5.45,441,"1993-05-13 2022-05-27",0.14,1.47,443,"1993-05-13 2022-05-27",0.1,1.32,299,"1993-05-13 2015-05-16",,,,
2023-05-19,4.33,3.35,450,"1993-05-12 2022-05-26",80.77,14.51,450,"1993-05-12 2022-05-26",17.03,5.73,450,"1993-05-12 2022-05-26",29.84,9.24,450,"1993-05-12 2022-05-26",-1.38,3.85,450,"1993-05-12 2022-05-26",37.73,18.31,450,"1993-05-12 2022-05-26",4.06,3.48,450,"1993-05-12 2022-05-26",3.09,4.15,450,"1993-05-12 2022-05-26",2.07,5.17,447,"1993-05-13 2022-05-26",1.95,5.04,441,"1993-05-13 2022-05-26",0.14,1.47,443,"1993-05-13 2022-05-26",0.2,1.37,299,"1993-05-13 2015-05-16",,,,
2023-05-18,4.01,3.42,450,"1993-05-11 2022-05-25",80.25,14.61,450,"1993-05-11 2022-05-25",16.97,5.86,450,"1993-05-11 2022-05-25",29.74,9.1,450,"1993-05-11 2022-05-25",-1.72,3.88,450,"1993-05-11 2022-05-25",36.95,18.08,450,"1993-05-11 2022-05-25",3.79,3.55,450,"1993-05-11 2022-05-25",3.06,4.13,450,"1993-05-11 2022-05-25",1.94,4.99,446,"1993-05-13 2022-05-25",1.77,4.78,439,"1993-05-13 2022-05-25",0.2,1.75,441,"1993-05-13 2022-05-25",0.2,1.39,299,"1993-05-13 2015-05-16",,,,
2023-05-17,3.71,3.42,450,"1993-05-10 2022-05-24",80.26,14.61,450,"1993-05-10 2022-05-24",16.69,5.9,450,"1993-05-10 2022-05-24",29.53,9.08,450,"1993-05-10 2022-05-24",-2.07,3.89,450,"1993-05-10 2022-05-24",36.64,17.95,450,"1993-05-10 2022-05-24",3.48,3.62,450,"1993-05-10 2022-05-24",3.06,4.1,450,"1993-05-10 2022-05-24",1.88,5.01,445,"1993-05-13 2022-05-24",1.69,4.75,437,"1993-05-13 2022-05-24",0.23,1.79,439,"1993-05-13 2022-05-24",0.2,1.45,300,"1993-05-13 2020-05-10",,,,
2023-05-16,3.48,3.42,450,"1993-05-09 2022-05-23",80.18,14.55,450,"1993-05-09 2022-05-23",16.45,5.9,450,"1993-05-09 2022-05-23",29.5,9.02,450,"1993-05-09 2022-05-23",-2.39,3.85,450,"1993-05-09 2022-05-23",36.3,17.54,450,"1993-05-09 2022-05-23",3.29,3.63,450,"1993-05-09 2022-05-23",3.1,4.07,450,"1993-05-09 2022-05-23",1.63,4.23,445,"1993-05-09 2022-05-23",1.41,3.9,437,"1993-05-09 2022-05-23",0.25,1.78,439,"1993-05-09 2022-05-23",0.2,1.47,302,"1993-05-09 2022-05-09",,,,
2023-05-15,3.28,3.43,450,"1993-05-08 2022-05-22",80.22,14.35,450,"1993-05-08 2022-05-22",16.25,5.91,450,"1993-05-08 2022-05-22",29.68,9.05,450,"1993-05-08 2022-05-22",-2.62,3.88,450,"1993-05-08 2022-05-22",36.25,17.78,450,"1993-05-08 2022-05-22",3.11,3.67,450,"1993-05-08 2022-05-22",3.19,4.14,450,"1993-05-08 2022-05-22",1.55,4.06,445,"1993-05-08 2022-05-22",1.32,3.7,437,"1993-05-08 2022-05-22",0.27,1.8,439,"1993-05-08 2022-05-22",0.3,1.74,304,"1993-05-08 2022-05-09",,,,
2023-05-14,3.13,3.43,450,"1993-05-07 2022-05-21",80.02,14.39,450,"1993-05-07 2022-05-21",16.15,5.91,450,"1993-05-07 2022-05-21",30.04,9.35,450,"1993-05-07 2022-05-21",-2.83,3.86,450,"1993-05-07 2022-05-21",35.83,17.11,450,"1993-05-07 2022-05-21",2.96,3.73,450,"1993-05-07 2022-05-21",3.27,4.24,450,"1993-05-07 2022-05-21",1.39,3.69,446,"1993-05-07 2022-05-21",1.15,3.27,439,"1993-05-07 2022-05-21",0.28,1.8,441,"1993-05-07 2022-05-21",0.4,2.13,308,"1993-05-07 2022-05-09",,,,
2023-05-13,2.98,3.44,450,"1993-05-06 2022-05-20",79.83,14.38,450,"1993-05-06 2022-05-20",16.04,6.02,450,"1993-05-06 2022-05-20",30.21,9.15,450,"1993-05-06 2022-05-20",-2.99,3.87,450,"1993-05-06 2022-05-20",35.72,17.17,450,"1993-05-06 2022-05-20",2.86,3.78,450,"1993-05-06 2022-05-20",3.23,4.21,450,"1993-05-06 2022-05-20",1.25,3.33,446,"1993-05-06 2022-05-20",1.01,2.87,439,"1993-05-06 2022-05-19",0.29,1.85,441,"1993-05-06 2022-05-20",0.3,1.86,310,"1993-05-06 2022-05-09",,,,
2023-05-12,2.8,3.37,450,"1993-05-05 2022-05-19",79.52,14.41,450,"1993-05-05 2022-05-19",15.97,6.14,450,"1993-05-05 2022-05-19",30.33,9.15,450,"1993-05-05 2022-05-19",-3.17,3.79,450,"1993-05-05 2022-05-19",35.49,17.37,450,"1993-05-05 2022-05-19",2.76,3.8,450,"1993-05-05 2022-05-19",3.25,4.15,450,"1993-05-05 2022-05-19",1.19,3.19,446,"1993-05-06 2022-05-19",0.93,2.75,441,"1993-05-06 2022-05-19",0.3,1.54,441,"1993-05-06 2022-05-19",0.4,1.85,312,"1993-05-06 2022-05-09",,,,
2023-05-11,2.55,3.33,450,"1993-05-04 2022-05-18",79.11,14.73,450,"1993-05-04 2022-05-18",15.84,6.33,450,"1993-05-04 2022-05-18",30.13,9.09,450,"1993-05-04 2022-05-18",-3.4,3.7,450,"1993-05-04 2022-05-18",35.27,17.84,450,"1993-05-04 2022-05-18",2.61,3.8,450,"1993-05-04 2022-05-18",3.25,4.16,450,"1993-05-04 2022-05-18",1.16,3.09,446,"1993-05-04 2022-05-18",0.86,2.6,441,"1993-05-04 2022-05-18",0.35,1.6,441,"1993-05-04 2022-05-18",0.4,1.89,314,"1993-05-04 2022-05-09",,,,
2023-05-10,2.27,3.26,450,"1993-05-03 2022-05-17",78.99,14.94,450,"1993-05-03 2022-05-17",15.68,6.48,450,"1993-05-03 2022-05-17",30.31,9.2,450,"1993-05-03 2022-05-17",-3.65,3.6,450,"1993-05-03 2022-05-17",35.15,18.24,450,"1993-05-03 2022-05-17",2.36,3.76,450,"1993-05-03 2022-05-17",3.26,4.17,450,"1993-05-03 2022-05-17",1.3,3.64,446,"1993-05-03 2022-05-17",0.94,3.16,442,"1993-05-03 2022-05-17",0.4,1.72,442,"1993-05-03 2022-05-17",0.4,1.89,316,"1993-05-03 2022-05-09",,,,
2023-05-09,2.03,3.18,450,"1993-05-02 2022-05-16",78.82,15.05,450,"1993-05-02 2022-05-16",15.51,6.39,450,"1993-05-02 2022-05-16",30.42,9.33,450,"1993-05-02 2022-05-16",-3.9,3.55,450,"1993-05-02 2022-05-16",34.85,18.16,450,"1993-05-02 2022-05-16",2.14,3.73,450,"1993-05-02 2022-05-16",3.29,4.16,450,"1993-05-02 2022-05-16",1.24,3.64,445,"1993-05-03 2022-05-16",0.88,3.14,441,"1993-05-03 2022-05-16",0.41,1.72,441,"1993-05-03 2022-05-16",0.4,1.89,317,"1993-05-03 2022-05-09",,,,
2023-05-08,1.75,3.15,450,"1993-05-01 2022-05-15",78.78,14.96,450,"1993-05-01 2022-05-15",15.19,6.27,450,"1993-05-01 2022-05-15",30.23,9.4,450,"1993-05-01 2022-05-15",-4.12,3.56,450,"1993-05-01 2022-05-15",34.92,18.16,450,"1993-05-01 2022-05-15",1.87,3.7,450,"1993-05-01 2022-05-15",3.23,4.16,450,"1993-05-01 2022-05-15",1.23,3.62,445,"1993-05-01 2022-05-15",0.86,3.12,442,"1993-05-01 2022-05-15",0.42,1.73,442,"1993-05-01 2022-05-15",0.4,1.92,318,"1993-05-01 2022-05-09",,,,
2023-05-07,1.52,3.16,450,"1993-04-30 2022-05-14",79.1,14.72,450,"1993-04-30 2022-05-14",14.83,6.21,450,"1993-04-30 2022-05-14",30.2,9.44,450,"1993-04-30 2022-05-14",-4.38,3.54,450,"1993-04-30 2022-05-14",35.05,18.07,450,"1993-04-30 2022-05-14",1.55,3.63,450,"1993-04-30 2022-05-14",3.2,4.11,450,"1993-04-30 2022-05-14",1.2,3.56,445,"1993-04-30 2022-05-14",0.82,3.05,441,"1993-04-30 2022-05-14",0.42,1.73,441,"1993-04-30 2022-05-14",0.5,1.98,320,"1993-04-30 2022-05-09",,,,
2023-05-06,1.3,3.25,450,"1993-04-29 2022-05-13",79.26,14.35,450,"1993-04-29 2022-05-13",14.47,6.23,450,"1993-04-29 2022-05-13",30.29,9.46,450,"1993-04-29 2022-05-13",-4.6,3.62,450,"1993-04-29 2022-05-13",35.3,18.16,450,"1993-04-29 2022-05-13",1.32,3.63,450,"1993-04-29 2022-05-13",3.26,4.23,450,"1993-04-29 2022-05-13",1.23,3.58,443,"1993-04-30 2022-05-13",0.82,3.06,439,"1993-04-30 2022-05-13",0.45,1.75,439,"1993-04-30 2022-05-13",0.5,2.1,321,"1993-04-30 2022-05-09",,,,
2023-05-05,1.1,3.27,450,"1993-04-28 2022-05-12",79.6,14.18,450,"1993-04-28 2022-05-12",14.2,6.38,450,"1993-04-28 2022-05-12",30.47,9.64,450,"1993-04-28 2022-05-12",-4.86,3.67,450,"1993-04-28 2022-05-12",35.36,18.63,450,"1993-04-28 2022-05-12",1.1,3.61,450,"1993-04-28 2022-05-12",3.39,4.39,450,"1993-04-28 2022-05-12",1.27,3.67,442,"1993-04-30 2022-05-12",0.81,3.08,438,"1993-04-30 2022-05-12",0.51,1.82,438,"1993-04-30 2022-05-12",0.6,2.3,323,"1993-04-30 2022-05-09",,,,
2023-05-04,0.94,3.18,450,"1993-04-27 2022-05-11",79.85,13.97,450,"1993-04-27 2022-05-11",13.9,6.32,450,"1993-04-27 2022-05-11",30.83,9.82,450,"1993-04-27 2022-05-11",-5.03,3.71,450,"1993-04-27 2022-05-11",35.61,18.78,450,"1993-04-27 2022-05-11",0.96,3.51,450,"1993-04-27 2022-05-11",3.42,4.39,450,"1993-04-27 2022-05-11",1.25,3.68,442,"1993-04-30 2022-05-11",0.76,3.03,437,"1993-04-30 2022-05-11",0.54,1.93,437,"1993-04-30 2022-05-11",0.6,2.41,327,"1993-04-30 2022-05-09",,,,
2023-05-03,0.82,3.2,450,"1993-04-26 2022-05-10",79.84,14.19,450,"1993-04-26 2022-05-10",13.67,6.26,450,"1993-04-26 2022-05-10",30.99,10.01,450,"1993-04-26 2022-05-10",-5.11,3.72,450,"1993-04-26 2022-05-10",36.06,19.02,450,"1993-04-26 2022-05-10",0.86,3.56,450,"1993-04-26 2022-05-10",3.5,4.41,450,"1993-04-26 2022-05-10",1.29,3.7,443,"1993-04-26 2022-05-10",0.8,3.09,435,"1993-04-26 2022-05-10",0.59,2.3,436,"1993-04-26 2022-05-10",0.6,2.39,331,"1993-04-26 2022-05-09",,,,
2023-05-02,0.71,3.25,450,"1993-04-25 2022-05-09",79.51,14.52,450,"1993-04-25 2022-05-09",13.55,6.34,450,"1993-04-25 2022-05-09",31.1,9.94,450,"1993-04-25 2022-05-09",-5.22,3.71,450,"1993-04-25 2022-05-09",36.24,19.26,450,"1993-04-25 2022-05-09",0.78,3.55,450,"1993-04-25 2022-05-09",3.44,4.36,450,"1993-04-25 2022-05-09",1.32,3.75,444,"1993-04-25 2022-05-09",0.8,3.2,436,"1993-04-25 2022-05-09",0.6,2.29,438,"1993-04-25 2022-05-09",0.7,2.41,334,"1993-04-25 2022-05-09",,,,
2023-05-01,0.58,3.34,450,"1993-04-24 2022-05-08",79.42,14.59,450,"1993-04-24 2022-05-08",13.49,6.35,450,"1993-04-24 2022-05-08",30.89,10.02,450,"1993-04-24 2022-05-08",-5.36,3.82,450,"1993-04-24 2022-05-08",36.04,19.4,450,"1993-04-24 2022-05-08",0.67,3.57,450,"1993-04-24 2022-05-08",3.5,4.4,450,"1993-04-24 2022-05-08",1.38,3.91,444,"1993-04-24 2022-05-08",0.84,3.29,436,"1993-04-24 2022-05-08",0.62,2.43,438,"1993-04-24 2022-05-08",0.6,2.42,337,"1993-04-24 2022-05-08",,,,
2023-04-30,0.47,3.35,450,"1993-04-23 2022-05-07",79.45,14.5,450,"1993-04-23 2022-05-07",13.37,6.35,450,"1993-04-23 2022-05-07",30.76,10.08,450,"1993-04-23 2022-05-07",-5.51,3.79,450,"1993-04-23 2022-05-07",35.67,18.9,450,"1993-04-23 2022-05-07",0.53,3.53,450,"1993-04-23 2022-05-07",3.42,4.32,450,"1993-04-23 2022-05-07",1.34,3.89,444,"1993-04-23 2022-05-07",0.82,3.28,436,"1993-04-23 2022-05-07",0.6,2.42,438,"1993-04-23 2022-05-07",0.7,2.33,339,"1993-04-23 2022-04-28",,,,
2023-04-29,0.35,3.29,450,"1993-04-22 2022-05-06",79.36,14.48,450,"1993-04-22 2022-05-06",13.33,6.29,450,"1993-04-22 2022-05-06",30.54,9.9,450,"1993-04-22 2022-05-06",-5.64,3.77,450,"1993-04-22 2022-05-06",35.39,18.74,450,"1993-04-22 2022-05-06",0.4,3.48,450,"1993-04-22 2022-05-06",3.34,4.15,450,"1993-04-22 2022-05-06",1.35,3.88,443,"1993-04-23 2022-05-06",0.79,3.22,435,"1993-04-23 2022-05-06",0.64,2.5,437,"1993-04-23 2022-05-06",0.6,2.12,342,"1993-04-23 2022-04-28",,,,
2023-04-28,0.2,3.25,450,"1993-04-21 2022-05-05",79.06,14.54,450,"1993-04-21 2022-05-05",13.35,6.31,450,"1993-04-21 2022-05-05",30.54,9.84,450,"1993-04-21 2022-05-05",-5.78,3.76,450,"1993-04-21 2022-05-05",34.88,18.33,450,"1993-04-21 2022-05-05",0.27,3.45,450,"1993-04-21 2022-05-05",3.34,4.04,450,"1993-04-21 2022-05-05",1.3,3.75,443,"1993-04-21 2022-05-05",0.76,3.08,434,"1993-04-21 2022-05-05",0.6,2.44,436,"1993-04-21 2022-05-05",0.7,2.23,345,"1993-04-21 2022-04-28",,,,
2023-04-27,0.04,3.26,450,"1993-04-20 2022-05-04",78.9,14.56,450,"1993-04-20 2022-05-04",13.27,6.31,450,"1993-04-20 2022-05-04",30.52,9.79,450,"1993-04-20 2022-05-04",-5.95,3.75,450,"1993-04-20 2022-05-04",34.54,17.88,450,"1993-04-20 2022-05-04",0.06,3.53,450,"1993-04-20 2022-05-04",3.28,4.09,450,"1993-04-20 2022-05-04",1.28,3.86,444,"1993-04-20 2022-05-04",0.8,3.34,434,"1993-04-20 2022-05-04",0.56,2.35,436,"1993-04-20 2022-05-04",0.8,2.53,350,"1993-04-20 2022-04-28",,,,
2023-04-26,-0.05,3.29,450,"1993-04-19 2022-05-03",79.28,14.34,450,"1993-04-19 2022-05-03",13.13,6.25,450,"1993-04-19 2022-05-03",30.41,9.67,450,"1993-04-19 2022-05-03",-6.09,3.73,450,"1993-04-19 2022-05-03",34.41,17.4,450,"1993-04-19 2022-05-03",-0.18,3.55,450,"1993-04-19 2022-05-03",3.21,4.15,450,"1993-04-19 2022-05-03",1.3,3.97,444,"1993-04-19 2022-05-03",0.79,3.33,433,"1993-04-19 2022-05-03",0.61,2.6,435,"1993-04-19 2022-05-03",0.9,2.63,355,"1993-04-19 2022-04-28",,,,
2023-04-25,-0.17,3.29,450,"1993-04-18 2022-05-02",79.34,14.21,450,"1993-04-18 2022-05-02",12.94,6.18,450,"1993-04-18 2022-05-02",30.12,9.55,450,"1993-04-18 2022-05-02",-6.26,3.8,450,"1993-04-18 2022-05-02",34.38,17.22,450,"1993-04-18 2022-05-02",-0.35,3.6,450,"1993-04-18 2022-05-02",3.15,4.23,450,"1993-04-18 2022-05-02",1.18,3.5,444,"1993-04-18 2022-05-02",0.66,2.77,434,"1993-04-18 2022-05-02",0.63,2.67,436,"1993-04-18 2022-05-02",0.9,2.65,359,"1993-04-18 2022-04-28",,,,
2023-04-24,-0.35,3.29,450,"1993-04-17 2022-05-01",79.35,14.29,450,"1993-04-17 2022-05-01",12.78,6.24,450,"1993-04-17 2022-05-01",29.84,9.39,450,"1993-04-17 2022-05-01",-6.46,3.79,450,"1993-04-17 2022-05-01",34.36,17.46,450,"1993-04-17 2022-05-01",-0.52,3.64,450,"1993-04-17 2022-05-01",3.11,4.2,450,"1993-04-17 2022-05-01",1.12,3.38,444,"1993-04-18 2022-05-01",0.6,2.63,434,"1993-04-18 2022-05-01",0.63,2.67,436,"1993-04-18 2022-05-01",1,2.73,362,"1993-04-18 2022-04-28",,,,
2023-04-23,-0.55,3.34,450,"1993-04-16 2022-04-30",79.32,14.42,450,"1993-04-16 2022-04-30",12.58,6.37,450,"1993-04-16 2022-04-30",29.83,9.39,450,"1993-04-16 2022-04-30",-6.66,3.81,450,"1993-04-16 2022-04-30",34.54,17.86,450,"1993-04-16 2022-04-30",-0.74,3.69,450,"1993-04-16 2022-04-30",3.19,4.26,450,"1993-04-16 2022-04-30",1.08,3.21,443,"1993-04-18 2022-04-30",0.53,2.36,433,"1993-04-18 2022-04-30",0.66,2.7,435,"1993-04-18 2022-04-30",1,2.82,364,"1993-04-18 2022-04-28",,,,
2023-04-22,-0.78,3.4,450,"1993-04-15 2022-04-29",79.35,14.46,450,"1993-04-15 2022-04-29",12.27,6.56,450,"1993-04-15 2022-04-29",29.74,9.25,450,"1993-04-15 2022-04-29",-6.84,3.84,450,"1993-04-15 2022-04-29",34.83,18.27,450,"1993-04-15 2022-04-29",-0.94,3.74,450,"1993-04-15 2022-04-29",3.22,4.27,450,"1993-04-15 2022-04-29",1.07,3.22,443,"1993-04-15 2022-04-29",0.5,2.35,434,"1993-04-15 2022-04-29",0.69,2.71,436,"1993-04-15 2022-04-29",1.1,2.98,369,"1993-04-15 2022-04-28",,,,
2023-04-21,-0.91,3.46,450,"1993-04-14 2022-04-28",79.75,14.53,450,"1993-04-14 2022-04-28",11.96,6.67,450,"1993-04-14 2022-04-28",29.82,9.36,450,"1993-04-14 2022-04-28",-6.97,3.95,450,"1993-04-14 2022-04-28",35.3,18.62,450,"1993-04-14 2022-04-28",-1.13,3.76,450,"1993-04-14 2022-04-28",3.25,4.09,450,"1993-04-14 2022-04-28",1.13,3.32,444,"1993-04-15 2022-04-28",0.49,2.34,434,"1993-04-15 2022-04-28",0.78,2.94,436,"1993-04-15 2022-04-28",1.2,3.11,375,"1993-04-15 2022-04-28",,,,
2023-04-20,-1.02,3.54,450,"1993-04-13 2022-04-27",79.91,14.69,450,"1993-04-13 2022-04-27",11.7,6.64,450,"1993-04-13 2022-04-27",29.79,9.28,450,"1993-04-13 2022-04-27",-7.04,4.07,450,"1993-04-13 2022-04-27",35.89,18.99,450,"1993-04-13 2022-04-27",-1.31,3.83,450,"1993-04-13 2022-04-27",3.22,3.97,450,"1993-04-13 2022-04-27",1.16,3.32,445,"1993-04-13 2022-04-27",0.52,2.41,435,"1993-04-13 2022-04-27",0.8,2.97,436,"1993-04-13 2022-04-27",1.2,3.01,380,"1993-04-13 2022-04-27",,,,
2023-04-19,-1.21,3.67,450,"1993-04-12 2022-04-26",79.87,14.82,450,"1993-04-12 2022-04-26",11.42,6.7,450,"1993-04-12 2022-04-26",29.48,8.93,450,"1993-04-12 2022-04-26",-7.18,4.18,450,"1993-04-12 2022-04-26",36.26,19.14,450,"1993-04-12 2022-04-26",-1.55,3.84,450,"1993-04-12 2022-04-26",3.22,4.04,450,"1993-04-12 2022-04-26",1.2,3.5,446,"1993-04-12 2022-04-26",0.53,2.44,437,"1993-04-12 2022-04-25",0.82,3.01,438,"1993-04-12 2022-04-25",1.1,2.92,384,"1993-04-12 2022-04-26",,,,
2023-04-18,-1.33,3.73,450,"1993-04-11 2022-04-25",79.99,14.65,450,"1993-04-11 2022-04-25",11.25,6.7,450,"1993-04-11 2022-04-25",29.48,8.86,450,"1993-04-11 2022-04-25",-7.37,4.26,450,"1993-04-11 2022-04-25",36.1,18.88,450,"1993-04-11 2022-04-25",-1.7,3.87,450,"1993-04-11 2022-04-25",3.16,3.95,450,"1993-04-11 2022-04-25",1.13,3.36,446,"1993-04-11 2022-04-25",0.5,2.37,441,"1993-04-11 2022-04-25",0.74,2.6,441,"1993-04-11 2022-04-25",1.1,2.93,386,"1993-04-11 2022-04-23",,,,
2023-04-17,-1.51,3.79,450,"1993-04-10 2022-04-24",80,14.46,450,"1993-04-10 2022-04-24",11.07,6.62,450,"1993-04-10 2022-04-24",29.42,8.95,450,"1993-04-10 2022-04-24",-7.56,4.33,450,"1993-04-10 2022-04-24",36.02,18.92,450,"1993-04-10 2022-04-24",-1.85,3.86,450,"1993-04-10 2022-04-24",3.19,4.02,450,"1993-04-10 2022-04-24",1.09,3.25,445,"1993-04-11 2022-04-24",0.46,2.09,441,"1993-04-11 2022-04-24",0.78,2.81,440,"1993-04-11 2022-04-24",1.1,2.93,386,"1993-04-11 2022-04-23",,,,
2023-04-16,-1.61,3.76,450,"1993-04-09 2022-04-23",80.09,14.35,450,"1993-04-09 2022-04-23",10.9,6.6,450,"1993-04-09 2022-04-23",29.56,9.08,450,"1993-04-09 2022-04-23",-7.67,4.26,450,"1993-04-09 2022-04-23",36.13,18.67,450,"1993-04-09 2022-04-23",-2.03,3.83,450,"1993-04-09 2022-04-23",3.19,4.07,450,"1993-04-09 2022-04-23",1.04,3.08,445,"1993-04-09 2022-04-23",0.42,1.99,440,"1993-04-09 2022-04-23",0.76,2.69,439,"1993-04-09 2022-04-23",1.2,2.92,387,"1993-04-09 2022-04-23",,,,
2023-04-15,-1.7,3.78,450,"1993-04-08 2022-04-22",79.95,14.56,450,"1993-04-08 2022-04-22",10.76,6.64,450,"1993-04-08 2022-04-22",29.68,9.35,450,"1993-04-08 2022-04-22",-7.76,4.29,450,"1993-04-08 2022-04-22",36.5,18.96,450,"1993-04-08 2022-04-22",-2.16,3.88,450,"1993-04-08 2022-04-22",3.29,4.12,450,"1993-04-08 2022-04-22",1.09,3.15,444,"1993-04-09 2022-04-22",0.43,2,437,"1993-04-09 2022-04-22",0.81,2.74,437,"1993-04-09 2022-04-22",1.2,2.93,387,"1993-04-09 2022-04-22",,,,
2023-04-14,-1.87,3.85,450,"1993-04-07 2022-04-21",79.86,14.74,450,"1993-04-07 2022-04-21",10.49,6.71,450,"1993-04-07 2022-04-21",29.52,9.29,450,"1993-04-07 2022-04-21",-7.93,4.28,450,"1993-04-07 2022-04-21",36.91,19.07,450,"1993-04-07 2022-04-21",-2.39,3.91,450,"1993-04-07 2022-04-21",3.32,4.11,450,"1993-04-07 2022-04-21",1.06,3.14,445,"1993-04-07 2022-04-21",0.4,2.02,438,"1993-04-07 2022-04-21",0.81,2.71,438,"1993-04-07 2022-04-21",1.2,2.91,387,"1993-04-07 2022-04-21",,,,
2023-04-13,-2.07,3.89,450,"1993-04-06 2022-04-20",79.99,14.99,450,"1993-04-06 2022-04-20",10.04,6.58,450,"1993-04-06 2022-04-20",29.35,9.4,450,"1993-04-06 2022-04-20",-8.09,4.28,450,"1993-04-06 2022-04-20",37.54,19.47,450,"1993-04-06 2022-04-20",-2.57,3.94,450,"1993-04-06 2022-04-20",3.32,4.15,450,"1993-04-06 2022-04-20",1.04,3.07,445,"1993-04-06 2022-04-20",0.38,1.91,439,"1993-04-06 2022-04-20",0.81,2.71,438,"1993-04-06 2022-04-20",1.2,2.9,389,"1993-04-06 2022-04-20",,,,
2023-04-12,-2.22,3.89,450,"1993-04-05 2022-04-19",80.36,14.94,450,"1993-04-05 2022-04-19",9.62,6.5,450,"1993-04-05 2022-04-19",29.21,9.42,450,"1993-04-05 2022-04-19",-8.23,4.31,450,"1993-04-05 2022-04-19",38.16,19.73,450,"1993-04-05 2022-04-19",-2.73,3.88,450,"1993-04-05 2022-04-19",3.41,4.14,450,"1993-04-05 2022-04-19",0.99,2.76,445,"1993-04-05 2022-04-19",0.32,1.38,440,"1993-04-05 2022-04-19",0.82,2.68,439,"1993-04-05 2022-04-19",1.2,2.87,389,"1993-04-05 2022-04-19",,,,
2023-04-11,-2.39,3.92,450,"1993-04-04 2022-04-18",80.38,15.01,450,"1993-04-04 2022-04-18",9.28,6.49,450,"1993-04-04 2022-04-18",29.42,9.53,450,"1993-04-04 2022-04-18",-8.41,4.33,450,"1993-04-04 2022-04-18",38.58,19.82,450,"1993-04-04 2022-04-18",-2.92,3.98,450,"1993-04-04 2022-04-18",3.44,4.05,450,"1993-04-04 2022-04-18",0.9,2.54,444,"1993-04-05 2022-04-18",0.29,1.34,440,"1993-04-05 2022-04-18",0.75,2.42,439,"1993-04-05 2022-04-18",1.3,3.14,388,"1993-04-05 2022-04-15",,,,
2023-04-10,-2.63,3.95,450,"1993-04-03 2022-04-17",80.14,15.06,450,"1993-04-03 2022-04-17",8.97,6.62,450,"1993-04-03 2022-04-17",29.34,9.59,450,"1993-04-03 2022-04-17",-8.59,4.33,450,"1993-04-03 2022-04-17",39.1,20.04,450,"1993-04-03 2022-04-17",-3.17,4.14,450,"1993-04-03 2022-04-17",3.48,3.96,450,"1993-04-03 2022-04-17",0.86,2.5,443,"1993-04-05 2022-04-17",0.28,1.34,438,"1993-04-05 2022-04-17",0.72,2.3,437,"1993-04-05 2022-04-17",1.5,3.61,388,"1993-04-05 2022-04-15",,,,
2023-04-09,-2.82,4.09,450,"1993-04-02 2022-04-16",80.51,14.89,450,"1993-04-02 2022-04-16",8.59,6.71,450,"1993-04-02 2022-04-16",29.43,9.66,450,"1993-04-02 2022-04-16",-8.76,4.48,450,"1993-04-02 2022-04-16",39.66,20.31,450,"1993-04-02 2022-04-16",-3.41,4.23,450,"1993-04-02 2022-04-16",3.58,4.05,450,"1993-04-02 2022-04-16",0.93,2.67,443,"1993-04-05 2022-04-16",0.27,1.34,438,"1993-04-05 2022-04-16",0.82,2.59,437,"1993-04-05 2022-04-16",1.7,3.8,390,"1993-04-05 2022-04-15",,,,
2023-04-08,-2.86,4.22,450,"1993-04-01 2022-04-15",80.88,14.7,450,"1993-04-01 2022-04-15",8.28,6.73,450,"1993-04-01 2022-04-15",29.8,10.04,450,"1993-04-01 2022-04-15",-8.87,4.63,450,"1993-04-01 2022-04-15",40.16,20.34,450,"1993-04-01 2022-04-15",-3.53,4.36,450,"1993-04-01 2022-04-15",3.58,4.04,450,"1993-04-01 2022-04-15",0.94,2.67,444,"1993-04-01 2022-04-15",0.28,1.34,439,"1993-04-01 2022-04-15",0.83,2.59,438,"1993-04-01 2022-04-15",1.7,3.91,392,"1993-04-01 2022-04-15",,,,
2023-04-07,-2.9,4.31,450,"1993-03-31 2022-04-14",80.74,14.81,450,"1993-03-31 2022-04-14",8.25,6.83,450,"1993-03-31 2022-04-14",29.96,10.24,450,"1993-03-31 2022-04-14",-8.97,4.72,450,"1993-03-31 2022-04-14",40.22,20.45,450,"1993-03-31 2022-04-14",-3.58,4.48,450,"1993-03-31 2022-04-14",3.65,4.09,450,"1993-03-31 2022-04-14",0.94,2.66,443,"1993-04-01 2022-04-14",0.28,1.35,436,"1993-04-01 2022-04-14",0.84,2.59,436,"1993-04-01 2022-04-14",1.7,3.92,391,"1993-04-01 2022-04-14",,,,
2023-04-06,-2.97,4.29,450,"1993-03-30 2022-04-13",80.45,14.77,450,"1993-03-30 2022-04-13",8.26,6.97,450,"1993-03-30 2022-04-13",29.75,10.01,450,"1993-03-30 2022-04-13",-9.04,4.65,450,"1993-03-30 2022-04-13",40.26,20.62,450,"1993-03-30 2022-04-13",-3.7,4.57,450,"1993-03-30 2022-04-13",3.6,4.12,450,"1993-03-30 2022-04-13",0.87,2.51,444,"1993-03-30 2022-04-13",0.27,1.33,438,"1993-03-30 2022-04-13",0.8,2.43,438,"1993-03-30 2022-04-13",1.7,3.88,392,"1993-03-30 2022-04-13",,,,
2023-04-05,-3.09,4.24,450,"1993-03-29 2022-04-12",80.45,14.48,450,"1993-03-29 2022-04-12",8.19,7.01,450,"1993-03-29 2022-04-12",29.67,10.1,450,"1993-03-29 2022-04-12",-9.14,4.56,450,"1993-03-29 2022-04-12",39.97,20.23,450,"1993-03-29 2022-04-12",-3.85,4.53,450,"1993-03-29 2022-04-12",3.56,4.15,450,"1993-03-29 2022-04-12",0.77,2.36,444,"1993-03-29 2022-04-12",0.21,1.08,437,"1993-03-29 2022-04-12",0.75,2.35,438,"1993-03-29 2022-04-12",1.9,3.99,393,"1993-03-29 2022-04-12",,,,
2023-04-04,-3.12,4.19,450,"1993-03-28 2022-04-11",80.64,14.42,450,"1993-03-28 2022-04-11",8.04,6.93,450,"1993-03-28 2022-04-11",29.75,10.29,450,"1993-03-28 2022-04-11",-9.19,4.53,450,"1993-03-28 2022-04-11",40.14,20.22,450,"1993-03-28 2022-04-11",-3.9,4.58,450,"1993-03-28 2022-04-11",3.58,4.12,450,"1993-03-28 2022-04-11",0.71,1.97,444,"1993-03-28 2022-04-11",0.18,0.97,435,"1993-03-28 2022-04-11",0.72,2.22,436,"1993-03-28 2022-04-11",2,4.1,395,"1993-03-28 2022-03-31",,,,
2023-04-03,-3.19,4.14,450,"1993-03-27 2022-04-10",80.74,14.3,450,"1993-03-27 2022-04-10",7.84,6.94,450,"1993-03-27 2022-04-10",29.56,10.34,450,"1993-03-27 2022-04-10",-9.26,4.49,450,"1993-03-27 2022-04-10",40.49,20.41,450,"1993-03-27 2022-04-10",-3.99,4.62,450,"1993-03-27 2022-04-10",3.58,4.15,450,"1993-03-27 2022-04-10",0.71,1.99,444,"1993-03-27 2022-04-10",0.17,0.96,434,"1993-03-27 2022-04-10",0.74,2.27,435,"1993-03-27 2022-04-10",2.2,4.19,397,"1993-03-27 2022-03-31",,,,
2023-04-02,-3.27,4.11,450,"1993-03-26 2022-04-09",81.03,14.19,450,"1993-03-26 2022-04-09",7.65,6.98,450,"1993-03-26 2022-04-09",29.61,10.37,450,"1993-03-26 2022-04-09",-9.34,4.44,450,"1993-03-26 2022-04-09",40.66,20.4,450,"1993-03-26 2022-04-09",-4.19,4.67,450,"1993-03-26 2022-04-09",3.47,4.09,450,"1993-03-26 2022-04-09",0.69,1.88,445,"1993-03-26 2022-04-09",0.15,0.93,434,"1993-03-26 2022-04-09",0.74,2.08,435,"1993-03-26 2022-04-09",2.3,4.26,402,"1993-03-26 2022-03-31",,,,
2023-04-01,-3.43,4.07,450,"1993-03-25 2022-04-08",81.06,14.34,450,"1993-03-25 2022-04-08",7.38,6.98,450,"1993-03-25 2022-04-08",29.5,10.24,450,"1993-03-25 2022-04-08",-9.51,4.48,450,"1993-03-25 2022-04-08",41.01,20.67,450,"1993-03-25 2022-04-08",-4.38,4.73,450,"1993-03-25 2022-04-08",3.49,4,450,"1993-03-25 2022-04-08",0.64,1.79,444,"1993-03-26 2022-04-08",0.12,0.79,434,"1993-03-26 2022-04-08",0.73,2.08,435,"1993-03-26 2022-04-08",2.4,4.36,404,"1993-03-26 2022-03-31",,,,
2023-03-31,-3.63,4.06,450,"1993-03-24 2022-04-07",81.59,14.13,450,"1993-03-24 2022-04-07",6.93,7.02,450,"1993-03-24 2022-04-07",29.32,9.98,450,"1993-03-24 2022-04-07",-9.68,4.54,450,"1993-03-24 2022-04-07",41.84,20.98,450,"1993-03-24 2022-04-07",-4.68,4.79,450,"1993-03-24 2022-04-07",3.43,4.01,450,"1993-03-24 2022-04-07",0.57,1.65,445,"1993-03-24 2022-04-07",0.1,0.75,437,"1993-03-24 2022-04-07",0.69,2.01,437,"1993-03-24 2022-04-07",2.6,4.53,410,"1993-03-24 2022-03-31",,,,
2023-03-30,-3.78,4.11,450,"1993-03-23 2022-04-06",82.16,13.76,450,"1993-03-23 2022-04-06",6.57,7.13,450,"1993-03-23 2022-04-06",29.32,10.22,450,"1993-03-23 2022-04-06",-9.8,4.63,450,"1993-03-23 2022-04-06",42.48,21.44,450,"1993-03-23 2022-04-06",-4.88,4.92,450,"1993-03-23 2022-04-06",3.36,4.04,450,"1993-03-23 2022-04-06",0.54,1.56,445,"1993-03-23 2022-04-06",0.06,0.49,437,"1993-03-23 2022-04-06",0.7,2.03,437,"1993-03-23 2022-04-06",2.8,4.8,412,"1993-03-23 2022-03-31",,,,
2023-03-29,-3.81,4.12,450,"1993-03-22 2022-04-05",82.69,13.28,450,"1993-03-22 2022-04-05",6.36,7.2,450,"1993-03-22 2022-04-05",29.14,10.21,450,"1993-03-22 2022-04-05",-9.89,4.66,450,"1993-03-22 2022-04-05",43.04,21.4,450,"1993-03-22 2022-04-05",-5.08,4.91,450,"1993-03-22 2022-04-05",3.32,4.01,450,"1993-03-22 2022-04-05",0.63,1.82,445,"1993-03-22 2022-04-05",0.06,0.45,437,"1993-03-22 2022-04-05",0.81,2.3,438,"1993-03-22 2022-04-05",2.8,4.87,414,"1993-03-22 2022-03-31",,,,
2023-03-28,-3.91,4.2,450,"1993-03-21 2022-04-04",82.51,13.48,450,"1993-03-21 2022-04-04",6.27,7.23,450,"1993-03-21 2022-04-04",29.3,10.33,450,"1993-03-21 2022-04-04",-10.04,4.73,450,"1993-03-21 2022-04-04",43.15,21.5,450,"1993-03-21 2022-04-04",-5.2,5.01,450,"1993-03-21 2022-04-04",3.28,3.97,450,"1993-03-21 2022-04-04",0.6,1.79,445,"1993-03-21 2022-04-04",0.04,0.19,436,"1993-03-21 2022-04-04",0.81,2.32,437,"1993-03-21 2022-04-04",2.8,4.89,417,"1993-03-21 2022-03-31",,,,
2023-03-27,-3.96,4.28,450,"1993-03-20 2022-04-03",82.34,13.36,450,"1993-03-20 2022-04-03",6.24,7.29,450,"1993-03-20 2022-04-03",29.18,10.38,450,"1993-03-20 2022-04-03",-10.2,4.78,450,"1993-03-20 2022-04-03",42.88,21.66,450,"1993-03-20 2022-04-03",-5.33,5.02,450,"1993-03-20 2022-04-03",3.25,3.96,450,"1993-03-20 2022-04-03",0.61,1.79,446,"1993-03-20 2022-04-03",0.03,0.18,437,"1993-03-20 2022-04-03",0.82,2.32,438,"1993-03-20 2022-04-03",2.8,4.91,420,"1993-03-20 2022-03-31",,,,
2023-03-26,-3.99,4.34,450,"1993-03-19 2022-04-02",82.42,13.2,450,"1993-03-19 2022-04-02",6.19,7.31,450,"1993-03-19 2022-04-02",29.12,10.39,450,"1993-03-19 2022-04-02",-10.31,4.82,450,"1993-03-19 2022-04-02",42.53,21.5,450,"1993-03-19 2022-04-02",-5.38,5.04,450,"1993-03-19 2022-04-02",3.2,3.93,450,"1993-03-19 2022-04-02",0.61,1.79,447,"1993-03-19 2022-04-02",0.03,0.18,439,"1993-03-19 2022-04-02",0.81,2.3,440,"1993-03-19 2022-04-02",2.7,4.85,422,"1993-03-19 2022-03-31",,,,
2023-03-25,-4,4.29,450,"1993-03-18 2022-04-01",82.42,13.18,450,"1993-03-18 2022-04-01",6.12,7.28,450,"1993-03-18 2022-04-01",28.99,10.19,450,"1993-03-18 2022-04-01",-10.34,4.73,450,"1993-03-18 2022-04-01",42.55,21.15,450,"1993-03-18 2022-04-01",-5.5,5.05,450,"1993-03-18 2022-04-01",3.02,3.81,450,"1993-03-18 2022-04-01",0.54,1.52,448,"1993-03-18 2022-04-01",0.04,0.2,439,"1993-03-18 2022-04-01",0.72,1.99,441,"1993-03-18 2022-04-01",2.8,5.05,425,"1993-03-18 2022-03-31",,,,
2023-03-24,-4.12,4.27,450,"1993-03-17 2022-03-31",82.32,13.22,450,"1993-03-17 2022-03-31",5.96,7.3,450,"1993-03-17 2022-03-31",28.76,9.86,450,"1993-03-17 2022-03-31",-10.44,4.7,450,"1993-03-17 2022-03-31",42.73,21.12,450,"1993-03-17 2022-03-31",-5.65,5.11,450,"1993-03-17 2022-03-31",2.96,3.75,450,"1993-03-17 2022-03-31",0.53,1.54,448,"1993-03-17 2022-03-31",0.03,0.17,439,"1993-03-17 2022-03-31",0.73,2.06,441,"1993-03-17 2022-03-31",2.8,5.2,428,"1993-03-17 2022-03-31",,,,
2023-03-23,-4.22,4.31,450,"1993-03-16 2022-03-30",82.59,12.91,450,"1993-03-16 2022-03-30",5.66,7.31,450,"1993-03-16 2022-03-30",28.52,9.73,450,"1993-03-16 2022-03-30",-10.54,4.76,450,"1993-03-16 2022-03-30",43.4,21.38,450,"1993-03-16 2022-03-30",-5.87,5.16,450,"1993-03-16 2022-03-30",2.83,3.7,450,"1993-03-16 2022-03-30",0.6,1.95,448,"1993-03-17 2022-03-30",0.03,0.26,441,"1993-03-17 2022-03-30",0.79,2.33,442,"1993-03-17 2022-03-30",2.9,5.18,431,"1993-03-17 2022-03-30",,,,
2023-03-22,-4.27,4.4,450,"1993-03-15 2022-03-29",82.97,12.73,450,"1993-03-15 2022-03-29",5.43,7.21,450,"1993-03-15 2022-03-29",28.35,9.8,450,"1993-03-15 2022-03-29",-10.64,4.89,450,"1993-03-15 2022-03-29",43.71,21.11,450,"1993-03-15 2022-03-29",-6.09,5.25,450,"1993-03-15 2022-03-29",2.77,3.67,450,"1993-03-15 2022-03-29",0.59,1.95,448,"1993-03-15 2022-03-29",0.03,0.25,441,"1993-03-15 2022-03-29",0.76,2.26,442,"1993-03-15 2022-03-29",2.9,5.16,433,"1993-03-15 2022-03-29",,,,
2023-03-21,-4.29,4.57,450,"1993-03-14 2022-03-28",83.12,12.7,450,"1993-03-14 2022-03-28",5.29,7.25,450,"1993-03-14 2022-03-28",28.32,9.72,450,"1993-03-14 2022-03-28",-10.74,5.04,450,"1993-03-14 2022-03-28",44.07,21.01,450,"1993-03-14 2022-03-28",-6.18,5.46,450,"1993-03-14 2022-03-28",2.76,3.6,450,"1993-03-14 2022-03-28",0.61,1.97,448,"1993-03-14 2022-03-28",0.04,0.26,441,"1993-03-14 2022-03-27",0.77,2.28,442,"1993-03-14 2022-03-27",2.9,5.14,434,"1993-03-14 2022-03-28",,,,
2023-03-20,-4.35,4.62,450,"1993-03-13 2022-03-27",83.01,12.61,450,"1993-03-13 2022-03-27",5.24,7.38,450,"1993-03-13 2022-03-27",28.33,9.92,450,"1993-03-13 2022-03-27",-10.88,5.08,450,"1993-03-13 2022-03-27",44.15,20.8,450,"1993-03-13 2022-03-27",-6.37,5.56,450,"1993-03-13 2022-03-27",2.72,3.66,450,"1993-03-13 2022-03-27",0.61,2,448,"1993-03-13 2022-03-27",0.03,0.25,442,"1993-03-13 2022-03-27",0.79,2.3,443,"1993-03-13 2022-03-27",2.9,5.11,434,"1993-03-13 2022-03-26",,,,
2023-03-19,-4.47,4.69,450,"1993-03-12 2022-03-26",82.78,12.89,450,"1993-03-12 2022-03-26",5.19,7.48,450,"1993-03-12 2022-03-26",28.68,10.11,450,"1993-03-12 2022-03-26",-11.03,5.11,450,"1993-03-12 2022-03-26",44.06,20.59,450,"1993-03-12 2022-03-26",-6.51,5.68,450,"1993-03-12 2022-03-26",2.8,3.75,450,"1993-03-12 2022-03-26",0.61,1.97,447,"1993-03-13 2022-03-26",0.03,0.25,442,"1993-03-13 2022-03-26",0.78,2.28,443,"1993-03-13 2022-03-26",2.9,5.08,434,"1993-03-13 2022-03-26",,,,
2023-03-18,-4.58,4.86,450,"1993-03-11 2022-03-25",82.55,12.87,450,"1993-03-11 2022-03-25",5.09,7.74,450,"1993-03-11 2022-03-25",28.67,10.12,450,"1993-03-11 2022-03-25",-11.27,5.27,450,"1993-03-11 2022-03-25",44.05,20.46,450,"1993-03-11 2022-03-25",-6.7,5.91,450,"1993-03-11 2022-03-25",2.87,3.83,450,"1993-03-11 2022-03-25",0.56,1.92,447,"1993-03-11 2022-03-25",0.03,0.26,443,"1993-03-11 2022-03-25",0.72,2.21,444,"1993-03-11 2022-03-25",2.9,5.07,434,"1993-03-11 2022-03-25",,,,
2023-03-17,-4.8,5.18,450,"1993-03-10 2022-03-24",82.37,12.6,450,"1993-03-10 2022-03-24",4.86,8.06,450,"1993-03-10 2022-03-24",28.65,10.18,450,"1993-03-10 2022-03-24",-11.5,5.47,450,"1993-03-10 2022-03-24",43.92,20.15,450,"1993-03-10 2022-03-24",-6.96,6.14,450,"1993-03-10 2022-03-24",2.78,3.76,450,"1993-03-10 2022-03-24",0.56,1.92,448,"1993-03-10 2022-03-24",0.03,0.26,443,"1993-03-10 2022-03-24",0.72,2.21,444,"1993-03-10 2022-03-24",2.9,5.07,435,"1993-03-10 2022-03-24",,,,
2023-03-16,-5.03,5.48,450,"1993-03-09 2022-03-23",81.86,12.58,450,"1993-03-09 2022-03-23",4.76,8.36,450,"1993-03-09 2022-03-23",28.76,10.25,450,"1993-03-09 2022-03-23",-11.85,5.7,450,"1993-03-09 2022-03-23",43.17,19.74,450,"1993-03-09 2022-03-23",-7.19,6.42,450,"1993-03-09 2022-03-23",2.65,3.7,450,"1993-03-09 2022-03-23",0.57,1.93,448,"1993-03-09 2022-03-23",0.03,0.26,442,"1993-03-09 2022-03-23",0.74,2.23,443,"1993-03-09 2022-03-23",3,5,434,"1993-03-09 2022-03-21",,,,
2023-03-15,-5.26,5.73,450,"1993-03-08 2022-03-22",81.33,12.51,450,"1993-03-08 2022-03-22",4.51,8.57,450,"1993-03-08 2022-03-22",28.76,10.21,450,"1993-03-08 2022-03-22",-12.18,5.95,450,"1993-03-08 2022-03-22",43,19.35,450,"1993-03-08 2022-03-22",-7.47,6.73,450,"1993-03-08 2022-03-22",2.71,3.69,450,"1993-03-08 2022-03-22",0.56,1.91,447,"1993-03-09 2022-03-22",0.03,0.26,441,"1993-03-09 2022-03-22",0.72,2.17,442,"1993-03-09 2022-03-22",3,4.84,434,"1993-03-09 2022-03-21",,,,
2023-03-14,-5.61,6,450,"1993-03-07 2022-03-21",81.02,12.33,450,"1993-03-07 2022-03-21",4.2,8.87,450,"1993-03-07 2022-03-21",28.73,10.29,450,"1993-03-07 2022-03-21",-12.58,6.26,450,"1993-03-07 2022-03-21",42.8,19.08,450,"1993-03-07 2022-03-21",-7.9,7.06,450,"1993-03-07 2022-03-21",2.7,3.67,450,"1993-03-07 2022-03-21",0.49,1.69,447,"1993-03-07 2022-03-21",0.03,0.25,441,"1993-03-07 2022-03-21",0.64,1.93,442,"1993-03-07 2022-03-21",3.1,4.85,435,"1993-03-07 2022-03-21",,,,
2023-03-13,-5.94,6.28,450,"1993-03-06 2022-03-20",81.14,11.81,450,"1993-03-06 2022-03-20",3.74,9.24,450,"1993-03-06 2022-03-20",28.35,10.29,450,"1993-03-06 2022-03-20",-12.97,6.54,450,"1993-03-06 2022-03-20",43.18,18.86,450,"1993-03-06 2022-03-20",-8.38,7.35,450,"1993-03-06 2022-03-20",2.57,3.58,450,"1993-03-06 2022-03-20",0.5,1.7,447,"1993-03-06 2022-03-20",0.03,0.25,442,"1993-03-06 2022-03-20",0.64,1.94,443,"1993-03-06 2022-03-20",3.3,4.88,435,"1993-03-06 2022-03-20",,,,
2023-03-12,-6.29,6.41,450,"1993-03-05 2022-03-19",81.21,11.67,450,"1993-03-05 2022-03-19",3.26,9.47,450,"1993-03-05 2022-03-19",28.06,10.41,450,"1993-03-05 2022-03-19",-13.29,6.8,450,"1993-03-05 2022-03-19",44.12,18.86,450,"1993-03-05 2022-03-19",-8.79,7.63,450,"1993-03-05 2022-03-19",2.52,3.5,450,"1993-03-05 2022-03-19",0.51,1.73,446,"1993-03-06 2022-03-19",0.03,0.25,441,"1993-03-06 2022-03-19",0.67,2,442,"1993-03-06 2022-03-19",3.4,4.87,435,"1993-03-06 2022-03-16",,,,
2023-03-11,-6.56,6.58,450,"1993-03-04 2022-03-18",81.4,11.55,450,"1993-03-04 2022-03-18",2.81,9.62,450,"1993-03-04 2022-03-18",28.07,10.51,450,"1993-03-04 2022-03-18",-13.56,6.99,450,"1993-03-04 2022-03-18",44.88,18.95,450,"1993-03-04 2022-03-18",-9.18,7.77,450,"1993-03-04 2022-03-18",2.5,3.45,450,"1993-03-04 2022-03-18",0.51,1.73,446,"1993-03-04 2022-03-18",0.03,0.25,441,"1993-03-04 2022-03-18",0.68,2,442,"1993-03-04 2022-03-18",3.5,4.81,437,"1993-03-04 2022-03-16",,,,
2023-03-10,-6.81,6.71,450,"1993-03-03 2022-03-17",81.23,11.52,450,"1993-03-03 2022-03-17",2.43,9.72,450,"1993-03-03 2022-03-17",28.12,10.77,450,"1993-03-03 2022-03-17",-13.79,7.11,450,"1993-03-03 2022-03-17",45.48,19.28,450,"1993-03-03 2022-03-17",-9.37,7.92,450,"1993-03-03 2022-03-17",2.56,3.48,450,"1993-03-03 2022-03-17",0.57,1.82,446,"1993-03-03 2022-03-17",0.04,0.3,441,"1993-03-03 2022-03-17",0.76,2.13,442,"1993-03-03 2022-03-17",3.5,4.54,438,"1993-03-03 2022-03-16",,,,
2023-03-09,-6.95,6.85,450,"1993-03-02 2022-03-16",81.31,11.52,450,"1993-03-02 2022-03-16",2.2,9.85,450,"1993-03-02 2022-03-16",28.17,10.86,450,"1993-03-02 2022-03-16",-13.95,7.23,450,"1993-03-02 2022-03-16",45.92,19.25,450,"1993-03-02 2022-03-16",-9.61,8.05,450,"1993-03-02 2022-03-16",2.67,3.52,450,"1993-03-02 2022-03-16",0.6,1.84,446,"1993-03-02 2022-03-16",0.04,0.31,440,"1993-03-02 2022-03-16",0.79,2.14,441,"1993-03-02 2022-03-16",3.5,4.29,439,"1993-03-02 2022-03-16",,,,
2023-03-08,-7.14,6.98,450,"1993-03-01 2022-03-15",81.22,11.42,450,"1993-03-01 2022-03-15",2.03,10.02,450,"1993-03-01 2022-03-15",28.12,10.82,450,"1993-03-01 2022-03-15",-14.15,7.33,450,"1993-03-01 2022-03-15",45.7,18.92,450,"1993-03-01 2022-03-15",-9.82,8.18,450,"1993-03-01 2022-03-15",2.67,3.49,450,"1993-03-01 2022-03-15",0.52,1.39,447,"1993-03-01 2022-03-15",0.02,0.23,441,"1993-03-01 2022-03-15",0.73,1.83,442,"1993-03-01 2022-03-15",3.6,4.26,440,"1993-03-01 2022-03-15",,,,
2023-03-07,-7.37,6.95,450,"1993-02-28 2022-03-14",80.77,11.41,450,"1993-02-28 2022-03-14",1.81,10.02,450,"1993-02-28 2022-03-14",28.11,10.78,450,"1993-02-28 2022-03-14",-14.45,7.32,450,"1993-02-28 2022-03-14",45.72,18.78,450,"1993-02-28 2022-03-14",-10.08,8.19,450,"1993-02-28 2022-03-14",2.65,3.53,450,"1993-02-28 2022-03-14",0.5,1.36,447,"1993-02-28 2022-03-14",0.02,0.23,441,"1993-02-28 2022-03-14",0.71,1.8,442,"1993-02-28 2022-03-14",3.6,4.23,440,"1993-02-28 2022-03-14",,,,
2023-03-06,-7.66,6.89,450,"1993-02-27 2022-03-13",80.53,11.58,450,"1993-02-27 2022-03-13",1.45,9.89,450,"1993-02-27 2022-03-13",27.86,10.85,450,"1993-02-27 2022-03-13",-14.71,7.28,450,"1993-02-27 2022-03-13",46.04,18.55,450,"1993-02-27 2022-03-13",-10.42,8.13,450,"1993-02-27 2022-03-13",2.55,3.49,450,"1993-02-27 2022-03-13",0.49,1.32,447,"1993-02-27 2022-03-13",0.02,0.22,442,"1993-02-27 2022-03-13",0.71,1.78,443,"1993-02-27 2022-03-13",3.8,4.25,441,"1993-02-27 2022-03-13",,,,
2023-03-05,-8.01,6.91,450,"1993-02-26 2022-03-12",80.4,11.42,450,"1993-02-26 2022-03-12",0.93,9.85,450,"1993-02-26 2022-03-12",27.46,10.6,450,"1993-02-26 2022-03-12",-15.08,7.3,450,"1993-02-26 2022-03-12",46.56,18.64,450,"1993-02-26 2022-03-12",-10.82,8.14,450,"1993-02-26 2022-03-12",2.52,3.39,450,"1993-02-26 2022-03-12",0.5,1.29,447,"1993-02-26 2022-03-12",0.02,0.22,443,"1993-02-26 2022-03-12",0.72,1.75,444,"1993-02-26 2022-03-12",3.9,4.27,441,"1993-02-26 2022-03-12",,,,
2023-03-04,-8.4,7.04,450,"1993-02-25 2022-03-11",80.35,11.05,450,"1993-02-25 2022-03-11",0.36,9.87,450,"1993-02-25 2022-03-11",26.97,10.41,450,"1993-02-25 2022-03-11",-15.52,7.47,450,"1993-02-25 2022-03-11",47,18.49,450,"1993-02-25 2022-03-11",-11.35,8.23,450,"1993-02-25 2022-03-11",2.45,3.31,450,"1993-02-25 2022-03-11",0.48,1.27,448,"1993-02-25 2022-03-11",0.02,0.22,444,"1993-02-25 2022-03-11",0.69,1.7,444,"1993-02-25 2022-03-11",4,4.31,442,"1993-02-25 2022-03-11",,,,
2023-03-03,-8.76,7.12,450,"1993-02-24 2022-03-10",80.34,10.99,450,"1993-02-24 2022-03-10",-0.08,9.87,450,"1993-02-24 2022-03-10",26.72,10.46,450,"1993-02-24 2022-03-10",-15.79,7.56,450,"1993-02-24 2022-03-10",47.31,18.37,450,"1993-02-24 2022-03-10",-11.69,8.28,450,"1993-02-24 2022-03-10",2.4,3.25,450,"1993-02-24 2022-03-10",0.52,1.3,448,"1993-02-24 2022-03-10",0.01,0.21,443,"1993-02-24 2022-03-10",0.76,1.81,443,"1993-02-24 2022-03-10",4.1,4.32,442,"1993-02-24 2022-03-10",,,,
2023-03-02,-8.91,7.06,450,"1993-02-23 2022-03-09",80.42,10.98,450,"1993-02-23 2022-03-09",-0.39,9.76,450,"1993-02-23 2022-03-09",26.59,10.48,450,"1993-02-23 2022-03-09",-15.98,7.54,450,"1993-02-23 2022-03-09",47.94,18.38,450,"1993-02-23 2022-03-09",-11.9,8.26,450,"1993-02-23 2022-03-09",2.38,3.27,450,"1993-02-23 2022-03-09",0.55,1.31,448,"1993-02-23 2022-03-09",0.01,0.21,443,"1993-02-23 2022-03-09",0.79,1.82,443,"1993-02-23 2022-03-09",4.1,4.31,443,"1993-02-23 2022-03-09",,,,
2023-03-01,-9.01,6.97,450,"1993-02-22 2022-03-08",80.59,11.04,450,"1993-02-22 2022-03-08",-0.61,9.55,450,"1993-02-22 2022-03-08",26.3,10.27,450,"1993-02-22 2022-03-08",-16,7.47,450,"1993-02-22 2022-03-08",48.52,18.25,450,"1993-02-22 2022-03-08",-12.02,8.14,450,"1993-02-22 2022-03-08",2.43,3.26,450,"1993-02-22 2022-03-08",0.58,1.4,448,"1993-02-22 2022-03-08",0.01,0.21,443,"1993-02-22 2022-03-08",0.84,1.93,444,"1993-02-22 2022-03-08",3.9,4.27,444,"1993-02-22 2022-03-08",,,,
2023-02-28,-9,6.89,450,"1993-02-21 2022-03-07",80.66,11.27,450,"1993-02-21 2022-03-07",-0.51,9.39,450,"1993-02-21 2022-03-07",26.1,10.21,450,"1993-02-21 2022-03-07",-15.93,7.32,450,"1993-02-21 2022-03-07",48.15,18.04,450,"1993-02-21 2022-03-07",-11.94,7.98,450,"1993-02-21 2022-03-07",2.32,3.25,450,"1993-02-21 2022-03-07",0.56,1.36,449,"1993-02-21 2022-03-07",0.01,0.21,444,"1993-02-21 2022-03-07",0.81,1.9,445,"1993-02-21 2022-03-07",3.8,4.24,446,"1993-02-21 2022-03-07",,,,
2023-02-27,-8.99,6.74,450,"1993-02-20 2022-03-06",80.66,11.55,450,"1993-02-20 2022-03-06",-0.44,9.22,450,"1993-02-20 2022-03-06",26.04,10.11,450,"1993-02-20 2022-03-06",-15.87,7.14,450,"1993-02-20 2022-03-06",48.17,18.15,450,"1993-02-20 2022-03-06",-11.89,7.86,450,"1993-02-20 2022-03-06",2.27,3.19,450,"1993-02-20 2022-03-06",0.55,1.37,449,"1993-02-20 2022-03-06",0.01,0.2,444,"1993-02-20 2022-03-06",0.79,1.88,444,"1993-02-20 2022-03-06",3.7,4.23,446,"1993-02-20 2022-03-06",,,,
2023-02-26,-8.85,6.63,450,"1993-02-19 2022-03-05",80.67,11.79,450,"1993-02-19 2022-03-05",-0.27,9.02,450,"1993-02-19 2022-03-05",26.1,10.16,450,"1993-02-19 2022-03-05",-15.68,6.99,450,"1993-02-19 2022-03-05",47.87,18.14,450,"1993-02-19 2022-03-05",-11.7,7.71,450,"1993-02-19 2022-03-05",2.34,3.23,450,"1993-02-19 2022-03-05",0.53,1.32,449,"1993-02-19 2022-03-05",0.01,0.2,443,"1993-02-19 2022-03-05",0.77,1.86,443,"1993-02-19 2022-03-05",3.7,4.21,446,"1993-02-19 2022-03-05",,,,
2023-02-25,-8.77,6.58,450,"1993-02-18 2022-03-04",80.59,11.78,450,"1993-02-18 2022-03-04",-0.18,8.9,450,"1993-02-18 2022-03-04",26.19,9.96,450,"1993-02-18 2022-03-04",-15.54,6.86,450,"1993-02-18 2022-03-04",47.58,17.97,450,"1993-02-18 2022-03-04",-11.58,7.57,450,"1993-02-18 2022-03-04",2.28,3.21,450,"1993-02-18 2022-03-04",0.51,1.31,450,"1993-02-18 2022-03-04",0.01,0.2,442,"1993-02-18 2022-03-04",0.74,1.82,443,"1993-02-18 2022-03-04",3.6,4.24,446,"1993-02-18 2022-03-04",,,,
2023-02-24,-8.74,6.5,450,"1993-02-17 2022-03-03",80.47,11.67,450,"1993-02-17 2022-03-03",-0.13,8.75,450,"1993-02-17 2022-03-03",26.01,9.85,450,"1993-02-17 2022-03-03",-15.52,6.85,450,"1993-02-17 2022-03-03",47.41,17.61,450,"1993-02-17 2022-03-03",-11.56,7.55,450,"1993-02-17 2022-03-03",2.22,3.17,450,"1993-02-17 2022-03-03",0.52,1.33,450,"1993-02-17 2022-03-03",0.01,0.2,441,"1993-02-17 2022-03-03",0.73,1.81,443,"1993-02-17 2022-03-03",3.6,4.31,446,"1993-02-17 2022-03-03",,,,
2023-02-23,-8.79,6.46,450,"1993-02-16 2022-03-02",80.55,11.43,450,"1993-02-16 2022-03-02",-0.1,8.75,450,"1993-02-16 2022-03-02",26,9.86,450,"1993-02-16 2022-03-02",-15.64,6.83,450,"1993-02-16 2022-03-02",46.97,17.19,450,"1993-02-16 2022-03-02",-11.67,7.56,450,"1993-02-16 2022-03-02",2.14,3.19,450,"1993-02-16 2022-03-02",0.44,1.18,450,"1993-02-16 2022-03-02",0,0.02,441,"1993-02-16 2022-03-02",0.64,1.64,442,"1993-02-16 2022-03-02",3.7,4.41,446,"1993-02-16 2022-03-02",,,,
2023-02-22,-8.88,6.41,450,"1993-02-15 2022-03-01",80.36,11.39,450,"1993-02-15 2022-03-01",-0.1,8.7,450,"1993-02-15 2022-03-01",26.1,9.96,450,"1993-02-15 2022-03-01",-15.67,6.73,450,"1993-02-15 2022-03-01",46.66,16.82,450,"1993-02-15 2022-03-01",-11.68,7.49,450,"1993-02-15 2022-03-01",2.05,3.12,450,"1993-02-15 2022-03-01",0.43,1.09,450,"1993-02-15 2022-03-01",0,0.02,442,"1993-02-15 2022-03-01",0.63,1.56,443,"1993-02-15 2022-03-01",3.7,4.58,446,"1993-02-15 2022-03-01",,,,
2023-02-21,-8.91,6.28,450,"1993-02-14 2022-02-28",80.5,11.4,450,"1993-02-14 2022-02-28",-0.15,8.54,450,"1993-02-14 2022-02-28",26.26,10.21,450,"1993-02-14 2022-02-28",-15.7,6.71,450,"1993-02-14 2022-02-28",46.79,16.79,450,"1993-02-14 2022-02-28",-11.74,7.41,450,"1993-02-14 2022-02-28",2.12,3.14,450,"1993-02-14 2022-02-28",0.43,1.08,450,"1993-02-14 2022-02-28",0,0.02,442,"1993-02-14 2022-02-28",0.63,1.56,443,"1993-02-14 2022-02-28",3.9,4.72,446,"1993-02-14 2022-02-28",,,,
2023-02-20,-8.86,6.36,450,"1993-02-13 2022-02-27",80.59,11.58,450,"1993-02-13 2022-02-27",-0.14,8.63,450,"1993-02-13 2022-02-27",26.63,10.6,450,"1993-02-13 2022-02-27",-15.64,6.7,450,"1993-02-13 2022-02-27",46.75,16.85,450,"1993-02-13 2022-02-27",-11.64,7.48,450,"1993-02-13 2022-02-27",2.17,3.1,450,"1993-02-13 2022-02-27",0.43,1.09,450,"1993-02-13 2022-02-27",0,0.03,441,"1993-02-13 2022-02-27",0.63,1.55,442,"1993-02-13 2022-02-27",4,4.95,446,"1993-02-13 2022-02-27",,,,
2023-02-19,-8.84,6.42,450,"1993-02-12 2022-02-26",80.35,11.73,450,"1993-02-12 2022-02-26",-0.09,8.75,450,"1993-02-12 2022-02-26",26.81,10.56,450,"1993-02-12 2022-02-26",-15.65,6.77,450,"1993-02-12 2022-02-26",46.81,17.15,450,"1993-02-12 2022-02-26",-11.63,7.56,450,"1993-02-12 2022-02-26",2.24,3.14,450,"1993-02-12 2022-02-26",0.43,1.09,450,"1993-02-12 2022-02-26",0,0.02,440,"1993-02-12 2022-02-26",0.63,1.55,441,"1993-02-12 2022-02-26",4.1,5.15,447,"1993-02-12 2022-02-26",,,,
2023-02-18,-8.87,6.53,450,"1993-02-11 2022-02-25",80.33,11.98,450,"1993-02-11 2022-02-25",-0.08,8.85,450,"1993-02-11 2022-02-25",27.06,10.78,450,"1993-02-11 2022-02-25",-15.68,6.82,450,"1993-02-11 2022-02-25",46.75,17.19,450,"1993-02-11 2022-02-25",-11.68,7.62,450,"1993-02-11 2022-02-25",2.27,3.17,450,"1993-02-11 2022-02-25",0.42,1.08,450,"1993-02-11 2022-02-25",0,0.02,437,"1993-02-11 2022-02-25",0.6,1.54,439,"1993-02-11 2022-02-25",4.2,5.38,448,"1993-02-11 2022-02-25",,,,
2023-02-17,-8.89,6.54,450,"1993-02-10 2022-02-24",80.21,12.2,450,"1993-02-10 2022-02-24",-0.17,8.86,450,"1993-02-10 2022-02-24",27.29,10.66,450,"1993-02-10 2022-02-24",-15.68,6.73,450,"1993-02-10 2022-02-24",47.01,17.17,450,"1993-02-10 2022-02-24",-11.64,7.57,450,"1993-02-10 2022-02-24",2.31,3.21,450,"1993-02-10 2022-02-24",0.43,1.1,449,"1993-02-11 2022-02-24",0,0.02,436,"1993-02-11 2022-02-24",0.62,1.56,439,"1993-02-11 2022-02-24",4.4,5.66,448,"1993-02-11 2022-02-24",,,,
2023-02-16,-8.93,6.6,450,"1993-02-09 2022-02-23",80.11,12.18,450,"1993-02-09 2022-02-23",-0.25,8.92,450,"1993-02-09 2022-02-23",27.67,11.04,450,"1993-02-09 2022-02-23",-15.73,6.74,450,"1993-02-09 2022-02-23",47.3,17.21,450,"1993-02-09 2022-02-23",-11.7,7.61,450,"1993-02-09 2022-02-23",2.4,3.24,450,"1993-02-09 2022-02-23",0.42,1.18,449,"1993-02-09 2022-02-23",0,0.02,436,"1993-02-09 2022-02-23",0.59,1.58,439,"1993-02-09 2022-02-23",4.6,5.9,448,"1993-02-09 2022-02-23",,,,
2023-02-15,-8.95,6.62,450,"1993-02-08 2022-02-22",80.01,12.27,450,"1993-02-08 2022-02-22",-0.29,8.99,450,"1993-02-08 2022-02-22",27.65,11.1,450,"1993-02-08 2022-02-22",-15.78,6.89,450,"1993-02-08 2022-02-22",47.71,17.45,450,"1993-02-08 2022-02-22",-11.79,7.75,450,"1993-02-08 2022-02-22",2.36,3.23,450,"1993-02-08 2022-02-22",0.45,1.29,449,"1993-02-08 2022-02-22",0,0.03,437,"1993-02-08 2022-02-22",0.63,1.71,440,"1993-02-08 2022-02-22",4.7,6.05,448,"1993-02-08 2022-02-22",,,,
2023-02-14,-9,6.69,450,"1993-02-07 2022-02-21",79.94,12.24,450,"1993-02-07 2022-02-21",-0.33,9.13,450,"1993-02-07 2022-02-21",27.61,11.19,450,"1993-02-07 2022-02-21",-15.84,7,450,"1993-02-07 2022-02-21",47.96,17.71,450,"1993-02-07 2022-02-21",-11.86,7.83,450,"1993-02-07 2022-02-21",2.4,3.22,450,"1993-02-07 2022-02-21",0.44,1.29,449,"1993-02-07 2022-02-21",0,0.03,437,"1993-02-07 2022-02-21",0.62,1.67,439,"1993-02-07 2022-02-21",4.8,6.14,448,"1993-02-07 2022-02-21",,,,
2023-02-13,-9.11,6.71,450,"1993-02-06 2022-02-20",79.83,12.13,450,"1993-02-06 2022-02-20",-0.56,9.15,450,"1993-02-06 2022-02-20",27.65,11.3,450,"1993-02-06 2022-02-20",-15.91,7.04,450,"1993-02-06 2022-02-20",48.67,17.91,450,"1993-02-06 2022-02-20",-11.98,7.86,450,"1993-02-06 2022-02-20",2.48,3.2,450,"1993-02-06 2022-02-20",0.47,1.34,449,"1993-02-06 2022-02-20",0,0.03,437,"1993-02-06 2022-02-20",0.65,1.71,439,"1993-02-06 2022-02-20",5,6.2,448,"1993-02-06 2022-02-20",,,,
2023-02-12,-9.1,6.78,450,"1993-02-05 2022-02-19",79.78,11.9,450,"1993-02-05 2022-02-19",-0.6,9.21,450,"1993-02-05 2022-02-19",27.69,11.31,450,"1993-02-05 2022-02-19",-15.99,7.05,450,"1993-02-05 2022-02-19",48.9,17.69,450,"1993-02-05 2022-02-19",-12.07,7.9,450,"1993-02-05 2022-02-19",2.53,3.35,450,"1993-02-05 2022-02-19",0.47,1.33,449,"1993-02-05 2022-02-19",0,0.03,436,"1993-02-05 2022-02-19",0.67,1.72,439,"1993-02-05 2022-02-19",5,6.18,448,"1993-02-05 2022-02-19",,,,
2023-02-11,-9.21,6.82,450,"1993-02-04 2022-02-18",79.6,11.68,450,"1993-02-04 2022-02-18",-0.65,9.3,450,"1993-02-04 2022-02-18",27.81,11.35,450,"1993-02-04 2022-02-18",-16.17,7.06,450,"1993-02-04 2022-02-18",48.8,17.66,450,"1993-02-04 2022-02-18",-12.25,7.93,450,"1993-02-04 2022-02-18",2.56,3.37,450,"1993-02-04 2022-02-18",0.48,1.34,449,"1993-02-04 2022-02-18",0,0.02,434,"1993-02-04 2022-02-18",0.68,1.74,439,"1993-02-04 2022-02-18",5.1,6.13,448,"1993-02-04 2022-02-18",,,,
2023-02-10,-9.31,6.82,450,"1993-02-03 2022-02-17",79.48,11.89,450,"1993-02-03 2022-02-17",-0.74,9.38,450,"1993-02-03 2022-02-17",27.61,11.39,450,"1993-02-03 2022-02-17",-16.3,7.09,450,"1993-02-03 2022-02-17",49.03,17.72,450,"1993-02-03 2022-02-17",-12.39,8.03,450,"1993-02-03 2022-02-17",2.62,3.4,450,"1993-02-03 2022-02-17",0.52,1.42,449,"1993-02-03 2022-02-17",0,0.02,434,"1993-02-03 2022-02-17",0.72,1.81,439,"1993-02-03 2022-02-17",5.1,6.05,449,"1993-02-03 2022-02-17",,,,
2023-02-09,-9.38,6.84,450,"1993-02-02 2022-02-16",79.43,11.96,450,"1993-02-02 2022-02-16",-0.88,9.43,450,"1993-02-02 2022-02-16",27.56,11.38,450,"1993-02-02 2022-02-16",-16.34,7.12,450,"1993-02-02 2022-02-16",49.4,17.81,450,"1993-02-02 2022-02-16",-12.43,8.04,450,"1993-02-02 2022-02-16",2.64,3.45,450,"1993-02-02 2022-02-16",0.51,1.4,449,"1993-02-02 2022-02-16",0,0.02,434,"1993-02-02 2022-02-16",0.72,1.8,439,"1993-02-02 2022-02-16",5.1,5.95,449,"1993-02-02 2022-02-16",,,,
2023-02-08,-9.38,6.86,450,"1993-02-01 2022-02-15",79.08,12.03,450,"1993-02-01 2022-02-15",-0.88,9.43,450,"1993-02-01 2022-02-15",27.64,11.47,450,"1993-02-01 2022-02-15",-16.38,7.17,450,"1993-02-01 2022-02-15",49.42,17.69,450,"1993-02-01 2022-02-15",-12.48,8.02,450,"1993-02-01 2022-02-15",2.69,3.41,450,"1993-02-01 2022-02-15",0.51,1.41,449,"1993-02-01 2022-02-15",0,0.03,435,"1993-02-01 2022-02-15",0.71,1.79,440,"1993-02-01 2022-02-15",5,5.89,449,"1993-02-01 2022-02-15",,,,
2023-02-07,-9.34,6.84,450,"1993-01-31 2022-02-14",79.02,12.14,450,"1993-01-31 2022-02-14",-0.88,9.41,450,"1993-01-31 2022-02-14",27.88,11.61,450,"1993-01-31 2022-02-14",-16.47,7.23,450,"1993-01-31 2022-02-14",49.59,17.56,450,"1993-01-31 2022-02-14",-12.56,8.04,450,"1993-01-31 2022-02-14",2.69,3.43,450,"1993-01-31 2022-02-14",0.52,1.41,449,"1993-01-31 2022-02-14",0,0.03,434,"1993-01-31 2022-02-14",0.72,1.78,440,"1993-01-31 2022-02-14",4.9,5.81,449,"1993-01-31 2022-02-14",,,,
2023-02-06,-9.3,6.87,450,"1993-01-30 2022-02-13",78.54,12.17,450,"1993-01-30 2022-02-13",-0.76,9.5,450,"1993-01-30 2022-02-13",28.18,11.76,450,"1993-01-30 2022-02-13",-16.46,7.29,450,"1993-01-30 2022-02-13",49.04,17.44,450,"1993-01-30 2022-02-13",-12.39,8.25,450,"1993-01-30 2022-02-13",2.62,3.42,450,"1993-01-30 2022-02-13",0.52,1.42,449,"1993-01-30 2022-02-13",0,0.03,434,"1993-01-30 2022-02-13",0.7,1.78,440,"1993-01-30 2022-02-13",4.8,5.76,449,"1993-01-30 2022-02-13",,,,
2023-02-05,-9.41,6.95,450,"1993-01-29 2022-02-12",78.19,12.2,450,"1993-01-29 2022-02-12",-0.75,9.57,450,"1993-01-29 2022-02-12",28,11.62,450,"1993-01-29 2022-02-12",-16.64,7.37,450,"1993-01-29 2022-02-12",48.79,17.43,450,"1993-01-29 2022-02-12",-12.56,8.3,450,"1993-01-29 2022-02-12",2.6,3.43,450,"1993-01-29 2022-02-12",0.52,1.42,449,"1993-01-29 2022-02-12",0,0.02,435,"1993-01-29 2022-02-12",0.72,1.9,441,"1993-01-29 2022-02-12",4.7,5.66,449,"1993-01-29 2022-02-12",,,,
2023-02-04,-9.56,7.14,450,"1993-01-28 2022-02-11",78.18,12.16,450,"1993-01-28 2022-02-11",-0.95,9.69,450,"1993-01-28 2022-02-11",27.95,11.65,450,"1993-01-28 2022-02-11",-16.76,7.48,450,"1993-01-28 2022-02-11",48.7,17.34,450,"1993-01-28 2022-02-11",-12.61,8.38,450,"1993-01-28 2022-02-11",2.52,3.43,450,"1993-01-28 2022-02-11",0.52,1.43,448,"1993-01-29 2022-02-11",0,0.02,434,"1993-01-29 2022-02-11",0.73,1.91,440,"1993-01-29 2022-02-11",4.5,5.58,448,"1993-01-29 2022-02-11",,,,
2023-02-03,-9.58,7.24,450,"1993-01-27 2022-02-10",78.07,12.1,450,"1993-01-27 2022-02-10",-0.86,9.8,450,"1993-01-27 2022-02-10",28.01,11.87,450,"1993-01-27 2022-02-10",-16.75,7.68,450,"1993-01-27 2022-02-10",48.3,17.3,450,"1993-01-27 2022-02-10",-12.57,8.5,450,"1993-01-27 2022-02-10",2.43,3.4,450,"1993-01-27 2022-02-10",0.52,1.42,448,"1993-01-27 2022-02-10",0.01,0.08,437,"1993-01-27 2022-02-10",0.72,1.9,442,"1993-01-27 2022-02-10",4.3,5.42,448,"1993-01-27 2022-02-10",,,,
2023-02-02,-9.44,7.35,450,"1993-01-26 2022-02-09",78.09,11.92,450,"1993-01-26 2022-02-09",-0.7,9.86,450,"1993-01-26 2022-02-09",27.86,11.96,450,"1993-01-26 2022-02-09",-16.66,7.81,450,"1993-01-26 2022-02-09",48.19,17.29,450,"1993-01-26 2022-02-09",-12.49,8.57,450,"1993-01-26 2022-02-09",2.32,3.31,450,"1993-01-26 2022-02-09",0.5,1.4,449,"1993-01-26 2022-02-09",0.01,0.08,438,"1993-01-26 2022-02-09",0.7,1.88,443,"1993-01-26 2022-02-09",4.1,5.17,449,"1993-01-26 2022-02-09",,,,
2023-02-01,-9.34,7.35,450,"1993-01-25 2022-02-08",78.08,11.9,450,"1993-01-25 2022-02-08",-0.52,9.89,450,"1993-01-25 2022-02-08",27.61,11.69,450,"1993-01-25 2022-02-08",-16.53,7.91,450,"1993-01-25 2022-02-08",47.86,17.24,450,"1993-01-25 2022-02-08",-12.35,8.61,450,"1993-01-25 2022-02-08",2.2,3.25,450,"1993-01-25 2022-02-08",0.48,1.34,448,"1993-01-26 2022-02-08",0.01,0.08,438,"1993-01-26 2022-02-08",0.67,1.81,443,"1993-01-26 2022-02-08",3.9,4.93,448,"1993-01-26 2022-02-08",,,,
2023-01-31,-9.27,7.43,450,"1993-01-24 2022-02-07",78.05,11.74,450,"1993-01-24 2022-02-07",-0.4,9.93,450,"1993-01-24 2022-02-07",27.58,11.67,450,"1993-01-24 2022-02-07",-16.42,7.91,450,"1993-01-24 2022-02-07",47.7,17.04,450,"1993-01-24 2022-02-07",-12.24,8.58,450,"1993-01-24 2022-02-07",2.22,3.25,450,"1993-01-24 2022-02-07",0.43,1.26,447,"1993-01-26 2022-02-07",0.01,0.08,437,"1993-01-26 2022-02-06",0.62,1.75,442,"1993-01-26 2022-02-06",3.8,4.79,447,"1993-01-26 2022-02-07",,,,
2023-01-30,-9.21,7.39,450,"1993-01-23 2022-02-06",78.11,11.67,450,"1993-01-23 2022-02-06",-0.29,9.89,450,"1993-01-23 2022-02-06",27.91,11.81,450,"1993-01-23 2022-02-06",-16.35,7.92,450,"1993-01-23 2022-02-06",47.52,16.89,450,"1993-01-23 2022-02-06",-12.18,8.57,450,"1993-01-23 2022-02-06",2.24,3.34,450,"1993-01-23 2022-02-06",0.41,1.17,446,"1993-01-23 2022-02-06",0.01,0.08,437,"1993-01-23 2022-02-06",0.58,1.66,442,"1993-01-23 2022-02-06",3.8,4.71,447,"1993-01-23 2022-02-06",,,,
2023-01-29,-9.06,7.32,450,"1993-01-22 2022-02-05",78.1,11.9,450,"1993-01-22 2022-02-05",-0.11,9.81,450,"1993-01-22 2022-02-05",28.02,11.79,450,"1993-01-22 2022-02-05",-16.18,7.91,450,"1993-01-22 2022-02-05",47.47,16.9,450,"1993-01-22 2022-02-05",-12.02,8.58,450,"1993-01-22 2022-02-05",2.2,3.4,450,"1993-01-22 2022-02-05",0.39,1.11,446,"1993-01-22 2022-02-05",0.01,0.08,436,"1993-01-22 2022-02-05",0.56,1.62,441,"1993-01-22 2022-02-05",3.8,4.67,447,"1993-01-22 2022-02-05",,,,
2023-01-28,-9,7.22,450,"1993-01-21 2022-02-04",78.23,11.85,450,"1993-01-21 2022-02-04",-0.09,9.67,450,"1993-01-21 2022-02-04",27.89,11.88,450,"1993-01-21 2022-02-04",-16.1,7.87,450,"1993-01-21 2022-02-04",47.49,16.88,450,"1993-01-21 2022-02-04",-11.95,8.51,450,"1993-01-21 2022-02-04",2.13,3.25,450,"1993-01-21 2022-02-04",0.36,1.03,446,"1993-01-21 2022-02-04",0.01,0.08,436,"1993-01-21 2022-02-04",0.52,1.53,441,"1993-01-21 2022-02-04",3.8,4.7,447,"1993-01-21 2022-02-04",,,,
2023-01-27,-8.95,7.16,450,"1993-01-20 2022-02-03",78.29,12.01,450,"1993-01-20 2022-02-03",-0.1,9.57,450,"1993-01-20 2022-02-03",27.87,11.86,450,"1993-01-20 2022-02-03",-16.06,7.88,450,"1993-01-20 2022-02-03",47.74,16.86,450,"1993-01-20 2022-02-03",-11.9,8.46,450,"1993-01-20 2022-02-03",2.06,3.2,450,"1993-01-20 2022-02-03",0.34,1,446,"1993-01-20 2022-02-03",0.01,0.08,438,"1993-01-20 2022-02-03",0.51,1.51,441,"1993-01-20 2022-02-03",3.8,4.74,447,"1993-01-20 2022-02-03",,,,
2023-01-26,-8.85,7.18,450,"1993-01-19 2022-02-02",78.26,11.96,450,"1993-01-19 2022-02-02",0.04,9.52,450,"1993-01-19 2022-02-02",27.88,12.04,450,"1993-01-19 2022-02-02",-16.01,7.87,450,"1993-01-19 2022-02-02",47.53,16.8,450,"1993-01-19 2022-02-02",-11.81,8.43,450,"1993-01-19 2022-02-02",1.97,3.2,450,"1993-01-19 2022-02-02",0.3,0.89,446,"1993-01-19 2022-02-02",0.01,0.08,439,"1993-01-19 2022-02-02",0.46,1.45,441,"1993-01-19 2022-02-02",3.9,4.76,447,"1993-01-19 2022-02-02",,,,
2023-01-25,-8.78,7.3,450,"1993-01-18 2022-02-01",78.5,11.95,450,"1993-01-18 2022-02-01",0.13,9.6,450,"1993-01-18 2022-02-01",27.94,11.98,450,"1993-01-18 2022-02-01",-15.98,7.94,450,"1993-01-18 2022-02-01",47.41,16.67,450,"1993-01-18 2022-02-01",-11.82,8.51,450,"1993-01-18 2022-02-01",1.95,3.22,450,"1993-01-18 2022-02-01",0.28,0.86,446,"1993-01-18 2022-02-01",0.01,0.08,440,"1993-01-18 2022-02-01",0.44,1.43,441,"1993-01-18 2022-02-01",3.9,4.77,447,"1993-01-18 2022-02-01",,,,
2023-01-24,-8.79,7.46,450,"1993-01-17 2022-01-31",78.72,12.02,450,"1993-01-17 2022-01-31",0.01,9.77,450,"1993-01-17 2022-01-31",27.74,12.09,450,"1993-01-17 2022-01-31",-15.99,7.99,450,"1993-01-17 2022-01-31",47.75,16.8,450,"1993-01-17 2022-01-31",-11.84,8.57,450,"1993-01-17 2022-01-31",1.98,3.29,450,"1993-01-17 2022-01-31",0.28,0.85,446,"1993-01-17 2022-01-31",0.01,0.08,440,"1993-01-17 2022-01-31",0.46,1.47,441,"1993-01-17 2022-01-31",4,4.86,447,"1993-01-17 2022-01-31",,,,
2023-01-23,-8.94,7.59,450,"1993-01-16 2022-01-30",78.61,11.97,450,"1993-01-16 2022-01-30",-0.17,9.93,450,"1993-01-16 2022-01-30",27.11,11.79,450,"1993-01-16 2022-01-30",-16.09,8.07,450,"1993-01-16 2022-01-30",47.87,16.99,450,"1993-01-16 2022-01-30",-11.93,8.63,450,"1993-01-16 2022-01-30",1.96,3.33,450,"1993-01-16 2022-01-30",0.26,0.8,446,"1993-01-16 2022-01-30",0.01,0.08,441,"1993-01-16 2022-01-30",0.43,1.42,441,"1993-01-16 2022-01-30",4.1,4.95,447,"1993-01-16 2022-01-30",,,,
2023-01-22,-9.06,7.69,450,"1993-01-15 2022-01-29",78.75,12.02,450,"1993-01-15 2022-01-29",-0.39,10,450,"1993-01-15 2022-01-29",27.02,11.78,450,"1993-01-15 2022-01-29",-16.17,8.09,450,"1993-01-15 2022-01-29",48.62,17.13,450,"1993-01-15 2022-01-29",-12.13,8.59,450,"1993-01-15 2022-01-29",2.09,3.47,450,"1993-01-15 2022-01-29",0.25,0.79,445,"1993-01-16 2022-01-29",0.01,0.08,440,"1993-01-16 2022-01-29",0.42,1.42,440,"1993-01-16 2022-01-29",4.2,5.05,446,"1993-01-16 2022-01-29",,,,
2023-01-21,-9.1,7.75,450,"1993-01-14 2022-01-28",79.15,11.8,450,"1993-01-14 2022-01-28",-0.61,10.04,450,"1993-01-14 2022-01-28",26.9,11.84,450,"1993-01-14 2022-01-28",-16.12,8.11,450,"1993-01-14 2022-01-28",49.45,17.27,450,"1993-01-14 2022-01-28",-12.16,8.55,450,"1993-01-14 2022-01-28",2.13,3.5,450,"1993-01-14 2022-01-28",0.26,0.76,444,"1993-01-16 2022-01-28",0.01,0.08,439,"1993-01-16 2022-01-28",0.41,1.26,438,"1993-01-16 2022-01-28",4.4,5.3,445,"1993-01-16 2022-01-28",,,,
2023-01-20,-9.03,7.69,450,"1993-01-13 2022-01-27",79.48,11.57,450,"1993-01-13 2022-01-27",-0.6,10,450,"1993-01-13 2022-01-27",26.94,12.02,450,"1993-01-13 2022-01-27",-16.08,8.1,450,"1993-01-13 2022-01-27",49.64,17.23,450,"1993-01-13 2022-01-27",-12.22,8.53,450,"1993-01-13 2022-01-27",2.22,3.5,450,"1993-01-13 2022-01-27",0.26,0.76,444,"1993-01-16 2022-01-27",0.01,0.09,440,"1993-01-16 2022-01-27",0.41,1.24,438,"1993-01-16 2022-01-27",4.6,5.55,445,"1993-01-16 2022-01-27",,,,
2023-01-19,-9.05,7.65,450,"1993-01-12 2022-01-26",79.72,11.46,450,"1993-01-12 2022-01-26",-0.69,9.93,450,"1993-01-12 2022-01-26",26.78,11.89,450,"1993-01-12 2022-01-26",-16.09,8.1,450,"1993-01-12 2022-01-26",49.99,16.87,450,"1993-01-12 2022-01-26",-12.31,8.57,450,"1993-01-12 2022-01-26",2.26,3.54,450,"1993-01-12 2022-01-26",0.25,0.75,443,"1993-01-16 2022-01-26",0,0.03,439,"1993-01-16 2022-01-26",0.41,1.24,437,"1993-01-16 2022-01-26",4.8,5.8,444,"1993-01-16 2022-01-26",,,,
2023-01-18,-9.19,7.64,450,"1993-01-11 2022-01-25",80,11.41,450,"1993-01-11 2022-01-25",-0.83,9.96,450,"1993-01-11 2022-01-25",26.92,12.19,450,"1993-01-11 2022-01-25",-16.21,8.17,450,"1993-01-11 2022-01-25",50.23,16.95,450,"1993-01-11 2022-01-25",-12.51,8.66,450,"1993-01-11 2022-01-25",2.28,3.54,450,"1993-01-11 2022-01-25",0.26,0.75,442,"1993-01-16 2022-01-25",0,0.03,438,"1993-01-16 2022-01-25",0.41,1.24,436,"1993-01-16 2022-01-25",5,6.09,443,"1993-01-16 2022-01-25",,,,
2023-01-17,-9.29,7.64,450,"1993-01-10 2022-01-24",80.09,11.24,450,"1993-01-10 2022-01-24",-1.01,9.92,450,"1993-01-10 2022-01-24",26.97,12.3,450,"1993-01-10 2022-01-24",-16.4,8.16,450,"1993-01-10 2022-01-24",50.59,16.72,450,"1993-01-10 2022-01-24",-12.76,8.57,450,"1993-01-10 2022-01-24",2.31,3.62,450,"1993-01-10 2022-01-24",0.28,0.77,442,"1993-01-16 2022-01-24",0,0.03,438,"1993-01-16 2022-01-24",0.44,1.29,436,"1993-01-16 2022-01-24",5.3,6.31,442,"1993-01-16 2022-01-24",,,,
2023-01-16,-9.43,7.56,450,"1993-01-09 2022-01-23",80.08,11.14,450,"1993-01-09 2022-01-23",-1.16,9.86,450,"1993-01-09 2022-01-23",27.13,12.41,450,"1993-01-09 2022-01-23",-16.63,8.14,450,"1993-01-09 2022-01-23",50.55,16.47,450,"1993-01-09 2022-01-23",-12.99,8.55,450,"1993-01-09 2022-01-23",2.36,3.81,450,"1993-01-09 2022-01-23",0.27,0.69,443,"1993-01-09 2022-01-23",0,0.03,437,"1993-01-09 2022-01-23",0.43,1.18,436,"1993-01-09 2022-01-23",5.6,6.5,443,"1993-01-09 2022-01-23",,,,
2023-01-15,-9.5,7.53,450,"1993-01-08 2022-01-22",79.81,11.33,450,"1993-01-08 2022-01-22",-1.34,9.84,450,"1993-01-08 2022-01-22",27.18,12.49,450,"1993-01-08 2022-01-22",-16.8,8.08,450,"1993-01-08 2022-01-22",50.79,16.33,450,"1993-01-08 2022-01-22",-13.09,8.54,450,"1993-01-08 2022-01-22",2.45,3.97,450,"1993-01-08 2022-01-22",0.29,0.75,444,"1993-01-08 2022-01-22",0,0.03,438,"1993-01-08 2022-01-22",0.47,1.31,437,"1993-01-08 2022-01-22",5.8,6.61,443,"1993-01-08 2022-01-22",,,,
2023-01-14,-9.64,7.57,450,"1993-01-07 2022-01-21",79.79,11.13,450,"1993-01-07 2022-01-21",-1.52,9.93,450,"1993-01-07 2022-01-21",27.28,12.61,450,"1993-01-07 2022-01-21",-16.96,8.07,450,"1993-01-07 2022-01-21",50.79,16.3,450,"1993-01-07 2022-01-21",-13.23,8.48,450,"1993-01-07 2022-01-21",2.42,3.88,450,"1993-01-07 2022-01-21",0.3,0.78,443,"1993-01-08 2022-01-21",0,0.02,438,"1993-01-08 2022-01-21",0.49,1.37,437,"1993-01-08 2022-01-21",5.9,6.75,442,"1993-01-08 2022-01-21",,,,
2023-01-13,-9.82,7.67,450,"1993-01-06 2022-01-20",79.34,11.32,450,"1993-01-06 2022-01-20",-1.67,10.1,450,"1993-01-06 2022-01-20",27.63,12.59,450,"1993-01-06 2022-01-20",-17.13,8.19,450,"1993-01-06 2022-01-20",50.43,16.29,450,"1993-01-06 2022-01-20",-13.36,8.65,450,"1993-01-06 2022-01-20",2.49,3.92,450,"1993-01-06 2022-01-20",0.34,0.96,443,"1993-01-06 2022-01-20",0,0.04,437,"1993-01-06 2022-01-20",0.53,1.48,437,"1993-01-06 2022-01-20",6.1,6.91,442,"1993-01-06 2022-01-20",,,,
2023-01-12,-10.01,7.87,450,"1993-01-05 2022-01-19",79.14,11.24,450,"1993-01-05 2022-01-19",-1.94,10.27,450,"1993-01-05 2022-01-19",27.79,12.69,450,"1993-01-05 2022-01-19",-17.33,8.31,450,"1993-01-05 2022-01-19",50.49,16.13,450,"1993-01-05 2022-01-19",-13.54,8.81,450,"1993-01-05 2022-01-19",2.52,3.92,450,"1993-01-05 2022-01-19",0.35,0.98,442,"1993-01-06 2022-01-19",0,0.04,437,"1993-01-06 2022-01-19",0.54,1.52,437,"1993-01-06 2022-01-19",6.2,7.02,441,"1993-01-06 2022-01-19",,,,
2023-01-11,-10.2,7.94,450,"1993-01-04 2022-01-18",79.12,11.12,450,"1993-01-04 2022-01-18",-2.2,10.37,450,"1993-01-04 2022-01-18",28.04,12.63,450,"1993-01-04 2022-01-18",-17.52,8.43,450,"1993-01-04 2022-01-18",50.55,16.01,450,"1993-01-04 2022-01-18",-13.7,8.9,450,"1993-01-04 2022-01-18",2.61,3.89,450,"1993-01-04 2022-01-18",0.36,0.98,441,"1993-01-06 2022-01-18",0,0.04,437,"1993-01-06 2022-01-18",0.55,1.5,437,"1993-01-06 2022-01-18",6.4,7.14,440,"1993-01-06 2022-01-18",,,,
2023-01-10,-10.31,7.9,450,"1993-01-03 2022-01-17",78.73,11.22,450,"1993-01-03 2022-01-17",-2.32,10.33,450,"1993-01-03 2022-01-17",28.28,12.79,450,"1993-01-03 2022-01-17",-17.7,8.41,450,"1993-01-03 2022-01-17",50.53,16.02,450,"1993-01-03 2022-01-17",-13.81,8.94,450,"1993-01-03 2022-01-17",2.72,3.95,450,"1993-01-03 2022-01-17",0.41,1.27,440,"1993-01-06 2022-01-17",0,0.04,435,"1993-01-06 2022-01-17",0.62,1.81,435,"1993-01-06 2022-01-17",6.5,7.21,439,"1993-01-06 2022-01-17",,,,
2023-01-09,-10.35,7.81,450,"1993-01-02 2022-01-16",78.57,11.14,450,"1993-01-02 2022-01-16",-2.3,10.28,450,"1993-01-02 2022-01-16",28.46,12.73,450,"1993-01-02 2022-01-16",-17.77,8.38,450,"1993-01-02 2022-01-16",50.3,15.84,450,"1993-01-02 2022-01-16",-13.89,8.92,450,"1993-01-02 2022-01-16",2.64,3.87,450,"1993-01-02 2022-01-16",0.42,1.29,439,"1993-01-06 2022-01-16",0,0.03,434,"1993-01-06 2022-01-16",0.63,1.83,434,"1993-01-06 2022-01-16",6.7,7.25,438,"1993-01-06 2022-01-16",,,,
2023-01-08,-10.27,7.66,450,"1993-01-01 2022-01-15",78.89,11.13,450,"1993-01-01 2022-01-15",-2.29,10.05,450,"1993-01-01 2022-01-15",28.7,12.79,450,"1993-01-01 2022-01-15",-17.88,8.3,450,"1993-01-01 2022-01-15",50.52,15.68,450,"1993-01-01 2022-01-15",-14.07,8.83,450,"1993-01-01 2022-01-15",2.67,3.91,450,"1993-01-01 2022-01-15",0.42,1.29,439,"1993-01-01 2022-01-15",0,0.03,434,"1993-01-01 2022-01-15",0.64,1.83,434,"1993-01-01 2022-01-15",6.8,7.29,438,"1993-01-01 2022-01-15",,,,
2023-01-07,-10.41,7.68,450,"1992-12-31 2022-01-14",79.18,10.98,450,"1992-12-31 2022-01-14",-2.51,10.02,450,"1992-12-31 2022-01-14",28.13,12.68,450,"1992-12-31 2022-01-14",-18.05,8.25,450,"1992-12-31 2022-01-14",50.68,15.61,450,"1992-12-31 2022-01-14",-14.3,8.74,450,"1992-12-31 2022-01-14",2.51,3.79,450,"1992-12-31 2022-01-14",0.43,1.3,438,"1993-01-01 2022-01-14",0,0.03,433,"1993-01-01 2022-01-14",0.65,1.85,433,"1993-01-01 2022-01-14",6.9,7.33,438,"1993-01-01 2022-01-14",,,,
2023-01-06,-10.58,7.57,450,"1992-12-30 2022-01-13",79.26,10.97,450,"1992-12-30 2022-01-13",-2.72,9.94,450,"1992-12-30 2022-01-13",27.94,12.67,450,"1992-12-30 2022-01-13",-18.28,8.1,450,"1992-12-30 2022-01-13",50.73,15.54,450,"1992-12-30 2022-01-13",-14.53,8.64,450,"1992-12-30 2022-01-13",2.44,3.78,450,"1992-12-30 2022-01-13",0.43,1.33,438,"1993-01-01 2022-01-13",0,0.03,433,"1993-01-01 2022-01-13",0.65,1.85,434,"1993-01-01 2022-01-13",7,7.24,438,"1993-01-01 2022-01-13",,,,
2023-01-05,-10.63,7.57,450,"1992-12-29 2022-01-12",79.48,10.83,450,"1992-12-29 2022-01-12",-2.92,9.91,450,"1992-12-29 2022-01-12",27.75,12.42,450,"1992-12-29 2022-01-12",-18.38,8.03,450,"1992-12-29 2022-01-12",51.25,15.55,450,"1992-12-29 2022-01-12",-14.67,8.59,450,"1992-12-29 2022-01-12",2.37,3.76,450,"1992-12-29 2022-01-12",0.45,1.38,438,"1993-01-01 2022-01-12",0,0.03,432,"1993-01-01 2022-01-12",0.68,1.94,435,"1993-01-01 2022-01-12",7,7.09,438,"1993-01-01 2022-01-12",,,,
2023-01-04,-10.68,7.56,450,"1992-12-28 2022-01-11",79.5,11.14,450,"1992-12-28 2022-01-11",-3.07,9.88,450,"1992-12-28 2022-01-11",27.66,12.27,450,"1992-12-28 2022-01-11",-18.37,7.93,450,"1992-12-28 2022-01-11",51.79,15.82,450,"1992-12-28 2022-01-11",-14.67,8.5,450,"1992-12-28 2022-01-11",2.36,3.76,450,"1992-12-28 2022-01-11",0.51,1.44,439,"1992-12-28 2022-01-11",0,0.04,433,"1992-12-28 2022-01-11",0.76,2.03,436,"1992-12-28 2022-01-11",7,6.95,439,"1992-12-28 2022-01-11",,,,
2023-01-03,-10.61,7.48,450,"1992-12-27 2022-01-10",79.45,11.24,450,"1992-12-27 2022-01-10",-3.02,9.81,450,"1992-12-27 2022-01-10",27.71,12.09,450,"1992-12-27 2022-01-10",-18.29,7.79,450,"1992-12-27 2022-01-10",51.86,16.03,450,"1992-12-27 2022-01-10",-14.48,8.45,450,"1992-12-27 2022-01-10",2.4,3.79,450,"1992-12-27 2022-01-10",0.55,1.48,440,"1992-12-27 2022-01-10",0,0.04,433,"1992-12-27 2022-01-10",0.83,2.11,436,"1992-12-27 2022-01-10",6.8,6.75,440,"1992-12-27 2022-01-10",,,,
2023-01-02,-10.54,7.45,450,"1992-12-26 2022-01-09",79.44,11.37,450,"1992-12-26 2022-01-09",-2.95,9.79,450,"1992-12-26 2022-01-09",27.52,11.96,450,"1992-12-26 2022-01-09",-18.17,7.77,450,"1992-12-26 2022-01-09",51.84,16.1,450,"1992-12-26 2022-01-09",-14.37,8.52,450,"1992-12-26 2022-01-09",2.34,3.67,450,"1992-12-26 2022-01-09",0.52,1.45,440,"1992-12-27 2022-01-09",0,0.04,432,"1992-12-27 2022-01-09",0.79,2.02,435,"1992-12-27 2022-01-09",6.7,6.61,441,"1992-12-27 2022-01-09",,,,
2023-01-01,-10.49,7.45,450,"1992-12-25 2022-01-08",79.38,11.51,450,"1992-12-25 2022-01-08",-2.86,9.84,450,"1992-12-25 2022-01-08",27.21,11.85,450,"1992-12-25 2022-01-08",-17.99,7.74,450,"1992-12-25 2022-01-08",51.82,16.26,450,"1992-12-25 2022-01-08",-14.16,8.53,450,"1992-12-25 2022-01-08",2.25,3.5,450,"1992-12-25 2022-01-08",0.51,1.44,439,"1992-12-27 2022-01-08",0,0.04,431,"1992-12-27 2022-01-08",0.78,2.01,434,"1992-12-27 2022-01-08",6.6,6.5,440,"1992-12-27 2022-01-08",,,,
2022-12-31,-10.47,7.45,450,"1992-12-24 2022-01-07",79.27,11.53,450,"1992-12-24 2022-01-07",-2.73,9.87,450,"1992-12-24 2022-01-07",26.94,11.8,450,"1992-12-24 2022-01-07",-17.88,7.75,450,"1992-12-24 2022-01-07",51.56,16.45,450,"1992-12-24 2022-01-07",-14.07,8.57,450,"1992-12-24 2022-01-07",2.13,3.23,450,"1992-12-24 2022-01-07",0.49,1.43,438,"1992-12-27 2022-01-07",0,0.04,427,"1992-12-27 2022-01-07",0.74,1.95,432,"1992-12-27 2022-01-07",6.5,6.45,439,"1992-12-27 2022-01-07",,,,
2022-12-30,-10.46,7.45,450,"1992-12-23 2022-01-06",79.12,11.66,450,"1992-12-23 2022-01-06",-2.63,9.85,450,"1992-12-23 2022-01-06",26.76,11.62,450,"1992-12-23 2022-01-06",-17.97,7.78,450,"1992-12-23 2022-01-06",51.09,16.24,450,"1992-12-23 2022-01-06",-14.15,8.62,450,"1992-12-23 2022-01-06",2.19,3.37,450,"1992-12-23 2022-01-06",0.51,1.49,438,"1992-12-27 2022-01-06",0,0.04,427,"1992-12-27 2022-01-06",0.74,1.97,432,"1992-12-27 2022-01-06",6.5,6.44,439,"1992-12-27 2022-01-06",,,,
2022-12-29,-10.5,7.47,450,"1992-12-22 2022-01-05",79.47,11.58,450,"1992-12-22 2022-01-05",-2.69,9.83,450,"1992-12-22 2022-01-05",26.59,11.63,450,"1992-12-22 2022-01-05",-17.97,7.73,450,"1992-12-22 2022-01-05",51.4,16.29,450,"1992-12-22 2022-01-05",-14.21,8.53,450,"1992-12-22 2022-01-05",2.14,3.32,450,"1992-12-22 2022-01-05",0.53,1.55,438,"1992-12-22 2022-01-05",0,0.03,429,"1992-12-22 2022-01-05",0.76,2.02,433,"1992-12-22 2022-01-05",6.4,6.41,439,"1992-12-22 2022-01-05",,,,
2022-12-28,-10.41,7.32,450,"1992-12-21 2022-01-04",79.72,11.54,450,"1992-12-21 2022-01-04",-2.61,9.67,450,"1992-12-21 2022-01-04",26.52,11.4,450,"1992-12-21 2022-01-04",-17.86,7.69,450,"1992-12-21 2022-01-04",51.55,16.44,450,"1992-12-21 2022-01-04",-14.13,8.46,450,"1992-12-21 2022-01-04",2.12,3.3,450,"1992-12-21 2022-01-04",0.55,1.63,438,"1992-12-22 2022-01-04",0,0.02,429,"1992-12-22 2022-01-04",0.78,2.07,433,"1992-12-22 2022-01-04",6.3,6.45,439,"1992-12-22 2022-01-04",,,,
2022-12-27,-10.25,7.28,450,"1992-12-20 2022-01-03",79.82,11.54,450,"1992-12-20 2022-01-03",-2.45,9.55,450,"1992-12-20 2022-01-03",26.52,11.35,450,"1992-12-20 2022-01-03",-17.73,7.59,450,"1992-12-20 2022-01-03",51.65,16.47,450,"1992-12-20 2022-01-03",-14,8.39,450,"1992-12-20 2022-01-03",2.09,3.32,450,"1992-12-20 2022-01-03",0.57,1.66,438,"1992-12-22 2022-01-03",0.01,0.08,429,"1992-12-22 2022-01-03",0.8,2.1,433,"1992-12-22 2022-01-03",6.1,6.48,439,"1992-12-22 2022-01-03",,,,
2022-12-26,-10.2,7.23,450,"1992-12-19 2022-01-02",79.96,11.42,450,"1992-12-19 2022-01-02",-2.34,9.5,450,"1992-12-19 2022-01-02",26.43,11.28,450,"1992-12-19 2022-01-02",-17.57,7.5,450,"1992-12-19 2022-01-02",51.37,16.41,450,"1992-12-19 2022-01-02",-13.84,8.27,450,"1992-12-19 2022-01-02",2.05,3.21,450,"1992-12-19 2022-01-02",0.56,1.59,439,"1992-12-19 2022-01-02",0.01,0.18,431,"1992-12-19 2022-01-02",0.76,1.92,435,"1992-12-19 2022-01-02",6,6.54,440,"1992-12-19 2022-01-02",,,,
2022-12-25,-10.05,7.16,450,"1992-12-18 2022-01-01",80.09,11.58,450,"1992-12-18 2022-01-01",-2.21,9.35,450,"1992-12-18 2022-01-01",26.58,11.27,450,"1992-12-18 2022-01-01",-17.48,7.36,450,"1992-12-18 2022-01-01",51.41,16.4,450,"1992-12-18 2022-01-01",-13.75,8.13,450,"1992-12-18 2022-01-01",2.11,3.26,450,"1992-12-18 2022-01-01",0.56,1.6,440,"1992-12-18 2022-01-01",0.01,0.18,432,"1992-12-18 2022-01-01",0.77,1.96,436,"1992-12-18 2022-01-01",5.8,6.56,441,"1992-12-18 2022-01-01",,,,
2022-12-24,-10.03,7.17,450,"1992-12-17 2021-12-31",79.73,11.69,450,"1992-12-17 2021-12-31",-2.01,9.45,450,"1992-12-17 2021-12-31",26.81,11.45,450,"1992-12-17 2021-12-31",-17.25,7.31,450,"1992-12-17 2021-12-31",50.89,16.57,450,"1992-12-17 2021-12-31",-13.47,8.12,450,"1992-12-17 2021-12-31",2.17,3.29,450,"1992-12-17 2021-12-31",0.55,1.6,440,"1992-12-17 2021-12-31",0.01,0.18,432,"1992-12-17 2021-12-31",0.75,1.95,436,"1992-12-17 2021-12-31",5.6,6.55,441,"1992-12-17 2021-12-31",,,,
2022-12-23,-9.8,6.98,450,"1992-12-16 2021-12-30",79.51,11.89,450,"1992-12-16 2021-12-30",-1.72,9.31,450,"1992-12-16 2021-12-30",27.35,11.53,450,"1992-12-16 2021-12-30",-17.02,7.21,450,"1992-12-16 2021-12-30",50.48,16.59,450,"1992-12-16 2021-12-30",-13.18,8.03,450,"1992-12-16 2021-12-30",2.31,3.33,450,"1992-12-16 2021-12-30",0.55,1.6,442,"1992-12-16 2021-12-30",0.01,0.18,434,"1992-12-16 2021-12-30",0.76,1.96,438,"1992-12-16 2021-12-30",5.5,6.51,442,"1992-12-16 2021-12-30",,,,
2022-12-22,-9.59,6.87,450,"1992-12-15 2021-12-29",79.45,11.86,450,"1992-12-15 2021-12-29",-1.38,9.18,450,"1992-12-15 2021-12-29",27.66,11.57,450,"1992-12-15 2021-12-29",-16.76,7.22,450,"1992-12-15 2021-12-29",49.91,16.46,450,"1992-12-15 2021-12-29",-12.89,8.01,450,"1992-12-15 2021-12-29",2.31,3.3,450,"1992-12-15 2021-12-29",0.54,1.58,443,"1992-12-15 2021-12-29",0.01,0.18,435,"1992-12-15 2021-12-29",0.75,1.96,439,"1992-12-15 2021-12-29",5.3,6.48,443,"1992-12-15 2021-12-29",,,,
2022-12-21,-9.51,6.82,450,"1992-12-14 2021-12-28",79.2,11.8,450,"1992-12-14 2021-12-28",-1.13,9.08,450,"1992-12-14 2021-12-28",27.89,11.67,450,"1992-12-14 2021-12-28",-16.63,7.18,450,"1992-12-14 2021-12-28",49.36,16.13,450,"1992-12-14 2021-12-28",-12.7,7.97,450,"1992-12-14 2021-12-28",2.29,3.26,450,"1992-12-14 2021-12-28",0.51,1.54,444,"1992-12-14 2021-12-28",0.01,0.18,436,"1992-12-14 2021-12-28",0.7,1.88,439,"1992-12-14 2021-12-28",5.2,6.5,444,"1992-12-14 2021-12-28",,,,
2022-12-20,-9.41,6.74,450,"1992-12-13 2021-12-27",78.96,11.62,450,"1992-12-13 2021-12-27",-0.92,9.03,450,"1992-12-13 2021-12-27",28.07,11.73,450,"1992-12-13 2021-12-27",-16.52,7.1,450,"1992-12-13 2021-12-27",48.87,15.99,450,"1992-12-13 2021-12-27",-12.55,7.91,450,"1992-12-13 2021-12-27",2.4,3.4,450,"1992-12-13 2021-12-27",0.46,1.49,444,"1992-12-13 2021-12-27",0.02,0.19,435,"1992-12-13 2021-12-27",0.62,1.78,439,"1992-12-13 2021-12-27",5.1,6.55,444,"1992-12-13 2021-12-27",,,,
2022-12-19,-9.24,6.62,450,"1992-12-12 2021-12-26",78.88,11.83,450,"1992-12-12 2021-12-26",-0.7,8.89,450,"1992-12-12 2021-12-26",28.28,11.6,450,"1992-12-12 2021-12-26",-16.41,6.98,450,"1992-12-12 2021-12-26",48.58,15.87,450,"1992-12-12 2021-12-26",-12.44,7.81,450,"1992-12-12 2021-12-26",2.42,3.46,450,"1992-12-12 2021-12-26",0.44,1.48,443,"1992-12-13 2021-12-26",0.02,0.19,435,"1992-12-13 2021-12-26",0.57,1.72,438,"1992-12-13 2021-12-26",5.1,6.61,443,"1992-12-13 2021-12-26",,,,
2022-12-18,-9.08,6.52,450,"1992-12-11 2021-12-25",79,12.01,450,"1992-12-11 2021-12-25",-0.54,8.74,450,"1992-12-11 2021-12-25",28.45,11.57,450,"1992-12-11 2021-12-25",-16.24,6.91,450,"1992-12-11 2021-12-25",48.5,16,450,"1992-12-11 2021-12-25",-12.25,7.7,450,"1992-12-11 2021-12-25",2.46,3.5,450,"1992-12-11 2021-12-25",0.46,1.51,444,"1992-12-11 2021-12-25",0.02,0.19,437,"1992-12-11 2021-12-25",0.58,1.74,440,"1992-12-11 2021-12-25",5,6.63,443,"1992-12-11 2021-12-25",,,,
2022-12-17,-8.95,6.49,450,"1992-12-10 2021-12-24",78.89,12.54,450,"1992-12-10 2021-12-24",-0.41,8.69,450,"1992-12-10 2021-12-24",28.84,11.58,450,"1992-12-10 2021-12-24",-16.14,6.87,450,"1992-12-10 2021-12-24",48.41,16.08,450,"1992-12-10 2021-12-24",-12.08,7.71,450,"1992-12-10 2021-12-24",2.47,3.48,450,"1992-12-10 2021-12-24",0.48,1.53,445,"1992-12-10 2021-12-24",0.02,0.19,439,"1992-12-10 2021-12-24",0.62,1.77,441,"1992-12-10 2021-12-24",5,6.62,443,"1992-12-10 2021-12-24",,,,
2022-12-16,-8.81,6.5,450,"1992-12-09 2021-12-23",79.19,12.9,450,"1992-12-09 2021-12-23",-0.27,8.59,450,"1992-12-09 2021-12-23",29.08,11.42,450,"1992-12-09 2021-12-23",-16.04,6.85,450,"1992-12-09 2021-12-23",48.35,15.96,450,"1992-12-09 2021-12-23",-12.04,7.64,450,"1992-12-09 2021-12-23",2.51,3.6,450,"1992-12-09 2021-12-23",0.52,1.56,446,"1992-12-09 2021-12-23",0.01,0.19,443,"1992-12-09 2021-12-23",0.66,1.81,443,"1992-12-09 2021-12-23",4.9,6.57,444,"1992-12-09 2021-12-23",,,,
2022-12-15,-8.74,6.48,450,"1992-12-08 2021-12-22",79.41,12.81,450,"1992-12-08 2021-12-22",-0.26,8.56,450,"1992-12-08 2021-12-22",28.99,11.26,450,"1992-12-08 2021-12-22",-15.89,6.82,450,"1992-12-08 2021-12-22",48.7,16.29,450,"1992-12-08 2021-12-22",-11.92,7.58,450,"1992-12-08 2021-12-22",2.42,3.46,450,"1992-12-08 2021-12-22",0.49,1.49,447,"1992-12-08 2021-12-22",0.01,0.19,443,"1992-12-08 2021-12-22",0.65,1.77,443,"1992-12-08 2021-12-22",4.8,6.45,445,"1992-12-08 2021-12-22",,,,
2022-12-14,-8.65,6.47,450,"1992-12-07 2021-12-21",79.45,12.82,450,"1992-12-07 2021-12-21",-0.16,8.51,450,"1992-12-07 2021-12-21",28.86,11.19,450,"1992-12-07 2021-12-21",-15.85,6.87,450,"1992-12-07 2021-12-21",48.56,16.1,450,"1992-12-07 2021-12-21",-11.87,7.62,450,"1992-12-07 2021-12-21",2.35,3.46,450,"1992-12-07 2021-12-21",0.45,1.41,447,"1992-12-07 2021-12-21",0.01,0.19,442,"1992-12-07 2021-12-21",0.6,1.66,442,"1992-12-07 2021-12-21",4.6,6.31,444,"1992-12-07 2021-12-21",,,,
2022-12-13,-8.68,6.49,450,"1992-12-06 2021-12-20",79.34,12.95,450,"1992-12-06 2021-12-20",-0.09,8.6,450,"1992-12-06 2021-12-20",28.74,11.37,450,"1992-12-06 2021-12-20",-15.82,6.79,450,"1992-12-06 2021-12-20",48.29,15.93,450,"1992-12-06 2021-12-20",-11.84,7.56,450,"1992-12-06 2021-12-20",2.39,3.55,450,"1992-12-06 2021-12-20",0.42,1.3,448,"1992-12-06 2021-12-20",0.01,0.19,442,"1992-12-06 2021-12-20",0.56,1.57,442,"1992-12-06 2021-12-20",4.6,6.18,444,"1992-12-06 2021-12-20",,,,
2022-12-12,-8.76,6.35,450,"1992-12-05 2021-12-19",79.34,13.14,450,"1992-12-05 2021-12-19",-0.14,8.53,450,"1992-12-05 2021-12-19",28.78,11.4,450,"1992-12-05 2021-12-19",-15.81,6.66,450,"1992-12-05 2021-12-19",48.35,16.18,450,"1992-12-05 2021-12-19",-11.83,7.46,450,"1992-12-05 2021-12-19",2.52,3.76,450,"1992-12-05 2021-12-19",0.4,1.26,449,"1992-12-05 2021-12-19",0.01,0.17,442,"1992-12-05 2021-12-19",0.54,1.53,442,"1992-12-05 2021-12-19",4.6,6.05,445,"1992-12-05 2021-12-19",,,,
2022-12-11,-8.69,6.21,450,"1992-12-04 2021-12-18",79.63,13.16,450,"1992-12-04 2021-12-18",-0.17,8.39,450,"1992-12-04 2021-12-18",28.78,11.54,450,"1992-12-04 2021-12-18",-15.77,6.56,450,"1992-12-04 2021-12-18",48.86,16.38,450,"1992-12-04 2021-12-18",-11.87,7.34,450,"1992-12-04 2021-12-18",2.44,3.73,450,"1992-12-04 2021-12-18",0.4,1.17,449,"1992-12-04 2021-12-18",0,0.06,441,"1992-12-04 2021-12-18",0.55,1.54,441,"1992-12-04 2021-12-18",4.5,5.97,445,"1992-12-04 2021-12-18",,,,
2022-12-10,-8.79,6.2,450,"1992-12-03 2021-12-17",79.61,12.97,450,"1992-12-03 2021-12-17",-0.27,8.45,450,"1992-12-03 2021-12-17",28.53,11.59,450,"1992-12-03 2021-12-17",-15.71,6.53,450,"1992-12-03 2021-12-17",48.91,16.54,450,"1992-12-03 2021-12-17",-11.8,7.35,450,"1992-12-03 2021-12-17",2.42,3.74,450,"1992-12-03 2021-12-17",0.37,1.14,449,"1992-12-03 2021-12-17",0,0.06,440,"1992-12-03 2021-12-17",0.51,1.42,440,"1992-12-03 2021-12-17",4.5,5.94,445,"1992-12-03 2021-12-17",,,,
2022-12-09,-8.75,6.18,450,"1992-12-02 2021-12-16",79.8,13.01,450,"1992-12-02 2021-12-16",-0.34,8.42,450,"1992-12-02 2021-12-16",28.48,11.59,450,"1992-12-02 2021-12-16",-15.65,6.5,450,"1992-12-02 2021-12-16",49.32,16.63,450,"1992-12-02 2021-12-16",-11.74,7.32,450,"1992-12-02 2021-12-16",2.41,3.9,450,"1992-12-02 2021-12-16",0.42,1.32,449,"1992-12-02 2021-12-16",0,0.06,439,"1992-12-02 2021-12-16",0.55,1.57,439,"1992-12-02 2021-12-16",4.5,5.89,445,"1992-12-02 2021-12-16",,,,
2022-12-08,-8.65,6.19,450,"1992-12-01 2021-12-15",79.89,13.07,450,"1992-12-01 2021-12-15",-0.15,8.39,450,"1992-12-01 2021-12-15",28.3,11.34,450,"1992-12-01 2021-12-15",-15.46,6.45,450,"1992-12-01 2021-12-15",49.21,16.8,450,"1992-12-01 2021-12-15",-11.61,7.27,450,"1992-12-01 2021-12-15",2.32,3.87,450,"1992-12-01 2021-12-15",0.43,1.35,448,"1992-12-02 2021-12-15",0.01,0.06,437,"1992-12-02 2021-12-15",0.57,1.61,437,"1992-12-02 2021-12-15",4.5,5.83,444,"1992-12-02 2021-12-15",,,,
2022-12-07,-8.54,6.14,450,"1992-11-30 2021-12-14",79.83,13.35,450,"1992-11-30 2021-12-14",-0.06,8.38,450,"1992-11-30 2021-12-14",28.22,11.25,450,"1992-11-30 2021-12-14",-15.3,6.36,450,"1992-11-30 2021-12-14",49.41,17.16,450,"1992-11-30 2021-12-14",-11.43,7.24,450,"1992-11-30 2021-12-14",2.34,3.93,450,"1992-11-30 2021-12-14",0.44,1.36,448,"1992-11-30 2021-12-14",0.01,0.06,436,"1992-11-30 2021-12-14",0.58,1.63,436,"1992-11-30 2021-12-14",4.4,5.79,443,"1992-11-30 2021-12-14",,,,
2022-12-06,-8.42,5.96,450,"1992-11-29 2021-12-13",79.87,13.61,450,"1992-11-29 2021-12-13",0.1,8.29,450,"1992-11-29 2021-12-13",28.07,11.21,450,"1992-11-29 2021-12-13",-15.16,6.28,450,"1992-11-29 2021-12-13",49.26,17.39,450,"1992-11-29 2021-12-13",-11.29,7.21,450,"1992-11-29 2021-12-13",2.38,3.98,450,"1992-11-29 2021-12-13",0.44,1.36,448,"1992-11-29 2021-12-13",0.01,0.06,436,"1992-11-29 2021-12-13",0.6,1.65,436,"1992-11-29 2021-12-13",4.3,5.71,442,"1992-11-29 2021-12-13",,,,
2022-12-05,-8.24,5.91,450,"1992-11-28 2021-12-12",80.23,13.41,450,"1992-11-28 2021-12-12",0.23,8.24,450,"1992-11-28 2021-12-12",27.9,11.28,450,"1992-11-28 2021-12-12",-15.03,6.24,450,"1992-11-28 2021-12-12",49.33,17.37,450,"1992-11-28 2021-12-12",-11.18,7.11,450,"1992-11-28 2021-12-12",2.28,3.91,450,"1992-11-28 2021-12-12",0.48,1.43,448,"1992-11-28 2021-12-12",0.01,0.07,436,"1992-11-28 2021-12-12",0.65,1.75,435,"1992-11-28 2021-12-12",4.2,5.52,441,"1992-11-28 2021-12-12",,,,
2022-12-04,-8.15,6,450,"1992-11-27 2021-12-11",80.44,13.18,450,"1992-11-27 2021-12-11",0.31,8.29,450,"1992-11-27 2021-12-11",27.79,11.3,450,"1992-11-27 2021-12-11",-14.86,6.26,450,"1992-11-27 2021-12-11",49.33,17.42,450,"1992-11-27 2021-12-11",-11.04,7.07,450,"1992-11-27 2021-12-11",2.22,3.84,450,"1992-11-27 2021-12-11",0.52,1.48,449,"1992-11-27 2021-12-11",0.03,0.45,435,"1992-11-27 2021-12-11",0.68,1.75,436,"1992-11-27 2021-12-11",4.1,5.4,442,"1992-11-27 2021-12-11",,,,
2022-12-03,-8.06,6.01,450,"1992-11-26 2021-12-10",80.59,12.98,450,"1992-11-26 2021-12-10",0.44,8.33,450,"1992-11-26 2021-12-10",27.8,11.35,450,"1992-11-26 2021-12-10",-14.74,6.19,450,"1992-11-26 2021-12-10",49.09,17.42,450,"1992-11-26 2021-12-10",-10.93,7,450,"1992-11-26 2021-12-10",2.18,3.81,450,"1992-11-26 2021-12-10",0.51,1.46,449,"1992-11-26 2021-12-10",0.03,0.45,434,"1992-11-26 2021-12-10",0.68,1.74,435,"1992-11-26 2021-12-10",4,5.34,442,"1992-11-26 2021-12-10",,,,
2022-12-02,-7.98,5.86,450,"1992-11-25 2021-12-09",80.54,12.73,450,"1992-11-25 2021-12-09",0.59,8.19,450,"1992-11-25 2021-12-09",27.59,11.33,450,"1992-11-25 2021-12-09",-14.66,6.11,450,"1992-11-25 2021-12-09",48.75,17.44,450,"1992-11-25 2021-12-09",-10.81,6.92,450,"1992-11-25 2021-12-09",2.22,3.84,450,"1992-11-25 2021-12-09",0.5,1.46,449,"1992-11-25 2021-12-09",0.03,0.45,434,"1992-11-25 2021-12-09",0.66,1.76,435,"1992-11-25 2021-12-09",3.9,5.28,442,"1992-11-25 2021-12-09",,,,
2022-12-01,-7.93,5.79,450,"1992-11-24 2021-12-08",80.54,12.34,450,"1992-11-24 2021-12-08",0.67,8.21,450,"1992-11-24 2021-12-08",27.41,11.22,450,"1992-11-24 2021-12-08",-14.57,6.1,450,"1992-11-24 2021-12-08",48.57,17.65,450,"1992-11-24 2021-12-08",-10.68,6.9,450,"1992-11-24 2021-12-08",2.18,3.7,450,"1992-11-24 2021-12-08",0.48,1.47,449,"1992-11-24 2021-12-08",0.03,0.45,432,"1992-11-24 2021-12-08",0.64,1.77,433,"1992-11-24 2021-12-08",3.8,5.26,442,"1992-11-24 2021-12-08",,,,
2022-11-30,-7.78,5.85,450,"1992-11-23 2021-12-07",80.65,12.25,450,"1992-11-23 2021-12-07",0.9,8.25,450,"1992-11-23 2021-12-07",27.37,11.39,450,"1992-11-23 2021-12-07",-14.43,6.14,450,"1992-11-23 2021-12-07",48.3,17.43,450,"1992-11-23 2021-12-07",-10.57,6.91,450,"1992-11-23 2021-12-07",2.19,3.7,450,"1992-11-23 2021-12-07",0.52,1.59,449,"1992-11-23 2021-12-07",0.03,0.45,433,"1992-11-23 2021-12-07",0.67,1.88,434,"1992-11-23 2021-12-07",3.7,5.23,442,"1992-11-23 2021-12-07",,,,
2022-11-29,-7.68,5.81,450,"1992-11-22 2021-12-06",80.45,12.35,450,"1992-11-22 2021-12-06",1.12,8.34,450,"1992-11-22 2021-12-06",27.6,11.66,450,"1992-11-22 2021-12-06",-14.26,6.07,450,"1992-11-22 2021-12-06",48.03,17.64,450,"1992-11-22 2021-12-06",-10.29,6.9,450,"1992-11-22 2021-12-06",2.33,3.82,450,"1992-11-22 2021-12-06",0.5,1.52,449,"1992-11-22 2021-12-06",0.03,0.45,433,"1992-11-22 2021-12-06",0.65,1.82,434,"1992-11-22 2021-12-06",3.6,5.23,440,"1992-11-22 2021-12-06",,,,
2022-11-28,-7.49,5.72,450,"1992-11-21 2021-12-05",80.36,12.37,450,"1992-11-21 2021-12-05",1.37,8.3,450,"1992-11-21 2021-12-05",27.67,11.66,450,"1992-11-21 2021-12-05",-14.09,6.03,450,"1992-11-21 2021-12-05",47.71,17.7,450,"1992-11-21 2021-12-05",-10.05,6.88,450,"1992-11-21 2021-12-05",2.31,3.82,450,"1992-11-21 2021-12-05",0.52,1.53,449,"1992-11-21 2021-12-05",0.03,0.45,434,"1992-11-21 2021-12-05",0.68,1.87,435,"1992-11-21 2021-12-05",3.5,5.17,441,"1992-11-21 2021-12-05",,,,
2022-11-27,-7.27,5.78,450,"1992-11-20 2021-12-04",80.55,12.1,450,"1992-11-20 2021-12-04",1.67,8.39,450,"1992-11-20 2021-12-04",27.69,11.63,450,"1992-11-20 2021-12-04",-13.88,6.12,450,"1992-11-20 2021-12-04",47.43,17.59,450,"1992-11-20 2021-12-04",-9.9,6.91,450,"1992-11-20 2021-12-04",2.19,3.6,450,"1992-11-20 2021-12-04",0.51,1.53,449,"1992-11-20 2021-12-04",0.03,0.45,434,"1992-11-20 2021-12-04",0.67,1.86,435,"1992-11-20 2021-12-04",3.4,5.13,440,"1992-11-20 2021-12-04",,,,
2022-11-26,-7.16,5.9,450,"1992-11-19 2021-12-03",80.31,12.29,450,"1992-11-19 2021-12-03",1.84,8.53,450,"1992-11-19 2021-12-03",27.66,11.5,450,"1992-11-19 2021-12-03",-13.68,6.19,450,"1992-11-19 2021-12-03",47.31,17.7,450,"1992-11-19 2021-12-03",-9.66,6.98,450,"1992-11-19 2021-12-03",2.34,3.78,450,"1992-11-19 2021-12-03",0.53,1.66,448,"1992-11-19 2021-12-03",0.03,0.45,433,"1992-11-19 2021-12-03",0.7,2.07,434,"1992-11-19 2021-12-03",3.4,5.02,436,"1992-11-19 2021-12-03",,,,
2022-11-25,-6.93,5.88,450,"1992-11-18 2021-12-02",80.47,12.37,450,"1992-11-18 2021-12-02",2.09,8.46,450,"1992-11-18 2021-12-02",27.96,11.32,450,"1992-11-18 2021-12-02",-13.5,6.2,450,"1992-11-18 2021-12-02",47.06,17.92,450,"1992-11-18 2021-12-02",-9.45,6.97,450,"1992-11-18 2021-12-02",2.36,3.76,450,"1992-11-18 2021-12-02",0.54,1.66,448,"1992-11-18 2021-12-02",0.04,0.48,434,"1992-11-18 2021-12-02",0.7,2.05,435,"1992-11-18 2021-12-02",3.2,4.88,433,"1992-11-18 2021-12-02",,,,
2022-11-24,-6.8,5.9,450,"1992-11-17 2021-12-01",80.51,12.37,450,"1992-11-17 2021-12-01",2.22,8.5,450,"1992-11-17 2021-12-01",27.77,11.29,450,"1992-11-17 2021-12-01",-13.3,6.22,450,"1992-11-17 2021-12-01",47.1,18.27,450,"1992-11-17 2021-12-01",-9.25,6.99,450,"1992-11-17 2021-12-01",2.32,3.52,450,"1992-11-17 2021-12-01",0.54,1.6,448,"1992-11-17 2021-12-01",0.04,0.48,433,"1992-11-17 2021-12-01",0.7,1.99,435,"1992-11-17 2021-12-01",3.1,4.73,432,"1992-11-17 2021-12-01",,,,
2022-11-23,-6.64,5.92,450,"1992-11-16 2021-11-30",80.76,12.15,450,"1992-11-16 2021-11-30",2.32,8.5,450,"1992-11-16 2021-11-30",27.92,11.73,450,"1992-11-16 2021-11-30",-13.19,6.27,450,"1992-11-16 2021-11-30",47.47,18.46,450,"1992-11-16 2021-11-30",-9.09,7.01,450,"1992-11-16 2021-11-30",2.38,3.57,450,"1992-11-16 2021-11-30",0.56,1.64,449,"1992-11-16 2021-11-30",0.05,0.48,434,"1992-11-16 2021-11-30",0.71,2.02,437,"1992-11-16 2021-11-30",3,4.59,432,"1992-11-16 2021-11-27",,,,
2022-11-22,-6.37,5.92,450,"1992-11-15 2021-11-29",81.14,11.86,450,"1992-11-15 2021-11-29",2.66,8.5,450,"1992-11-15 2021-11-29",27.98,11.67,450,"1992-11-15 2021-11-29",-12.89,6.32,450,"1992-11-15 2021-11-29",47.24,18.37,450,"1992-11-15 2021-11-29",-8.83,6.96,450,"1992-11-15 2021-11-29",2.35,3.52,450,"1992-11-15 2021-11-29",0.54,1.61,449,"1992-11-15 2021-11-29",0.05,0.49,434,"1992-11-15 2021-11-29",0.67,1.96,438,"1992-11-15 2021-11-29",2.8,4.44,430,"1992-11-15 2021-11-27",,,,
2022-11-21,-6.12,5.87,450,"1992-11-14 2021-11-28",81.25,11.64,450,"1992-11-14 2021-11-28",2.89,8.38,450,"1992-11-14 2021-11-28",28.1,11.72,450,"1992-11-14 2021-11-28",-12.6,6.23,450,"1992-11-14 2021-11-28",47.3,18.31,450,"1992-11-14 2021-11-28",-8.53,6.78,450,"1992-11-14 2021-11-28",2.35,3.5,450,"1992-11-14 2021-11-28",0.55,1.67,449,"1992-11-14 2021-11-28",0.05,0.49,435,"1992-11-14 2021-11-28",0.67,2.02,439,"1992-11-14 2021-11-28",2.7,4.28,427,"1992-11-14 2021-11-27",,,,
2022-11-20,-5.89,5.73,450,"1992-11-13 2021-11-27",80.98,11.99,450,"1992-11-13 2021-11-27",3.26,8.22,450,"1992-11-13 2021-11-27",28.3,11.54,450,"1992-11-13 2021-11-27",-12.38,6.11,450,"1992-11-13 2021-11-27",46.85,18.38,450,"1992-11-13 2021-11-27",-8.17,6.72,450,"1992-11-13 2021-11-27",2.29,3.37,450,"1992-11-13 2021-11-27",0.51,1.62,449,"1992-11-13 2021-11-27",0.05,0.48,436,"1992-11-13 2021-11-27",0.62,1.96,440,"1992-11-13 2021-11-27",2.7,4.25,424,"1992-11-13 2021-11-27",,,,
2022-11-19,-5.74,5.63,450,"1992-11-12 2021-11-26",80.81,12.04,450,"1992-11-12 2021-11-26",3.53,8.14,450,"1992-11-12 2021-11-26",28.22,11.49,450,"1992-11-12 2021-11-26",-12.19,6.05,450,"1992-11-12 2021-11-26",46.46,18.13,450,"1992-11-12 2021-11-26",-7.94,6.66,450,"1992-11-12 2021-11-26",2.33,3.41,450,"1992-11-12 2021-11-26",0.46,1.55,449,"1992-11-12 2021-11-26",0.03,0.21,438,"1992-11-12 2021-11-26",0.58,1.95,441,"1992-11-12 2021-11-26",2.6,4.15,421,"1992-11-12 2021-11-24",,,,
2022-11-18,-5.71,5.52,450,"1992-11-11 2021-11-25",80.83,12.14,450,"1992-11-11 2021-11-25",3.6,8.06,450,"1992-11-11 2021-11-25",28.03,11.32,450,"1992-11-11 2021-11-25",-12.15,6,450,"1992-11-11 2021-11-25",46.42,18.19,450,"1992-11-11 2021-11-25",-7.93,6.62,450,"1992-11-11 2021-11-25",2.35,3.39,450,"1992-11-11 2021-11-25",0.44,1.53,449,"1992-11-11 2021-11-25",0.03,0.2,438,"1992-11-11 2021-11-25",0.56,1.93,441,"1992-11-11 2021-11-25",2.6,4.05,419,"1992-11-11 2021-11-24",,,,
2022-11-17,-5.62,5.56,450,"1992-11-10 2021-11-24",81.36,11.97,450,"1992-11-10 2021-11-24",3.55,8.17,450,"1992-11-10 2021-11-24",28.06,11.36,450,"1992-11-10 2021-11-24",-12.01,6.03,450,"1992-11-10 2021-11-24",47.19,18.54,450,"1992-11-10 2021-11-24",-7.91,6.62,450,"1992-11-10 2021-11-24",2.32,3.39,450,"1992-11-10 2021-11-24",0.46,1.59,449,"1992-11-10 2021-11-24",0.03,0.2,437,"1992-11-10 2021-11-24",0.58,1.97,441,"1992-11-10 2021-11-24",2.6,4.04,417,"1992-11-10 2021-11-24",,,,
2022-11-16,-5.44,5.5,450,"1992-11-09 2021-11-23",81.71,11.96,450,"1992-11-09 2021-11-23",3.62,8.18,450,"1992-11-09 2021-11-23",28.04,11.4,450,"1992-11-09 2021-11-23",-11.8,5.92,450,"1992-11-09 2021-11-23",47.79,18.88,450,"1992-11-09 2021-11-23",-7.77,6.51,450,"1992-11-09 2021-11-23",2.39,3.44,450,"1992-11-09 2021-11-23",0.5,1.66,449,"1992-11-09 2021-11-23",0.03,0.21,438,"1992-11-09 2021-11-23",0.64,2.06,442,"1992-11-09 2021-11-23",2.6,3.99,414,"1992-11-09 2021-11-23",,,,
2022-11-15,-5.25,5.3,450,"1992-11-08 2021-11-22",81.92,12.07,450,"1992-11-08 2021-11-22",3.78,8.01,450,"1992-11-08 2021-11-22",28.07,11.31,450,"1992-11-08 2021-11-22",-11.52,5.73,450,"1992-11-08 2021-11-22",47.98,19.11,450,"1992-11-08 2021-11-22",-7.44,6.3,450,"1992-11-08 2021-11-22",2.41,3.49,450,"1992-11-08 2021-11-22",0.53,1.62,449,"1992-11-08 2021-11-22",0.04,0.21,437,"1992-11-08 2021-11-22",0.66,2.07,441,"1992-11-08 2021-11-22",2.5,3.89,411,"1992-11-08 2021-11-21",,,,
2022-11-14,-4.95,5.13,450,"1992-11-07 2021-11-21",82.36,11.92,450,"1992-11-07 2021-11-21",3.97,7.76,450,"1992-11-07 2021-11-21",28.11,11.12,450,"1992-11-07 2021-11-21",-11.2,5.5,450,"1992-11-07 2021-11-21",48.21,19.16,450,"1992-11-07 2021-11-21",-7.2,6.03,450,"1992-11-07 2021-11-21",2.29,3.38,450,"1992-11-07 2021-11-21",0.53,1.63,449,"1992-11-07 2021-11-21",0.04,0.24,437,"1992-11-07 2021-11-21",0.67,2.12,441,"1992-11-07 2021-11-21",2.4,3.76,410,"1992-11-07 2021-11-21",,,,
2022-11-13,-4.68,5.02,450,"1992-11-06 2021-11-20",82.72,11.78,450,"1992-11-06 2021-11-20",4.15,7.57,450,"1992-11-06 2021-11-20",28.2,11.15,450,"1992-11-06 2021-11-20",-10.92,5.35,450,"1992-11-06 2021-11-20",48.67,19.31,450,"1992-11-06 2021-11-20",-7.01,5.88,450,"1992-11-06 2021-11-20",2.31,3.33,450,"1992-11-06 2021-11-20",0.53,1.62,449,"1992-11-06 2021-11-20",0.05,0.25,436,"1992-11-06 2021-11-20",0.66,2.08,440,"1992-11-06 2021-11-20",2.4,3.67,406,"1992-11-06 2021-11-20",,,,
2022-11-12,-4.48,4.85,450,"1992-11-05 2021-11-19",82.75,12.04,450,"1992-11-05 2021-11-19",4.35,7.48,450,"1992-11-05 2021-11-19",28.08,11.15,450,"1992-11-05 2021-11-19",-10.73,5.19,450,"1992-11-05 2021-11-19",48.57,19.55,450,"1992-11-05 2021-11-19",-6.79,5.74,450,"1992-11-05 2021-11-19",2.31,3.3,450,"1992-11-05 2021-11-19",0.56,1.65,449,"1992-11-05 2021-11-19",0.05,0.26,437,"1992-11-05 2021-11-19",0.69,2.14,441,"1992-11-05 2021-11-19",2.3,3.52,403,"1992-11-05 2021-11-16",,,,
2022-11-11,-4.25,4.68,450,"1992-11-04 2021-11-18",83.06,11.95,450,"1992-11-04 2021-11-18",4.66,7.37,450,"1992-11-04 2021-11-18",28.27,11.31,450,"1992-11-04 2021-11-18",-10.55,5.14,450,"1992-11-04 2021-11-18",48.29,19.7,450,"1992-11-04 2021-11-18",-6.6,5.63,450,"1992-11-04 2021-11-18",2.2,3.11,450,"1992-11-04 2021-11-18",0.53,1.47,450,"1992-11-04 2021-11-18",0.05,0.27,438,"1992-11-04 2021-11-18",0.64,1.89,443,"1992-11-04 2021-11-18",2.2,3.48,402,"1992-11-04 2021-11-16",,,,
2022-11-10,-4.1,4.58,450,"1992-11-03 2021-11-17",82.98,12.18,450,"1992-11-03 2021-11-17",4.91,7.36,450,"1992-11-03 2021-11-17",28.07,11.27,450,"1992-11-03 2021-11-17",-10.32,5.03,450,"1992-11-03 2021-11-17",48.13,19.98,450,"1992-11-03 2021-11-17",-6.33,5.55,450,"1992-11-03 2021-11-17",2.16,3.16,450,"1992-11-03 2021-11-17",0.54,1.52,450,"1992-11-03 2021-11-17",0.05,0.22,437,"1992-11-03 2021-11-17",0.66,1.92,442,"1992-11-03 2021-11-17",2.1,3.39,401,"1992-11-03 2021-11-16",,,,
2022-11-09,-3.91,4.47,450,"1992-11-02 2021-11-16",82.78,12.55,450,"1992-11-02 2021-11-16",5.2,7.26,450,"1992-11-02 2021-11-16",28.05,11.01,450,"1992-11-02 2021-11-16",-10.15,5.02,450,"1992-11-02 2021-11-16",47.96,20.13,450,"1992-11-02 2021-11-16",-6.07,5.5,450,"1992-11-02 2021-11-16",2.13,3.19,450,"1992-11-02 2021-11-16",0.54,1.52,450,"1992-11-02 2021-11-16",0.05,0.23,438,"1992-11-02 2021-11-16",0.67,2.04,442,"1992-11-02 2021-11-16",2.1,3.37,397,"1992-11-02 2021-11-16",,,,
2022-11-08,-3.83,4.43,450,"1992-11-01 2021-11-15",82.46,12.85,450,"1992-11-01 2021-11-15",5.41,7.17,450,"1992-11-01 2021-11-15",27.78,10.63,450,"1992-11-01 2021-11-15",-10.04,5,450,"1992-11-01 2021-11-15",47.25,20.08,450,"1992-11-01 2021-11-15",-5.92,5.48,450,"1992-11-01 2021-11-15",2.13,3.22,450,"1992-11-01 2021-11-15",0.55,1.58,450,"1992-11-01 2021-11-15",0.07,0.36,439,"1992-11-01 2021-11-15",0.65,2.02,442,"1992-11-01 2021-11-15",2,3.33,393,"1992-11-01 2021-11-15",,,,
2022-11-07,-3.81,4.42,450,"1992-10-31 2021-11-14",82.1,12.99,450,"1992-10-31 2021-11-14",5.49,7.13,450,"1992-10-31 2021-11-14",27.8,10.85,450,"1992-10-31 2021-11-14",-10.08,4.97,450,"1992-10-31 2021-11-14",46.9,20.04,450,"1992-10-31 2021-11-14",-5.83,5.51,450,"1992-10-31 2021-11-14",2.16,3.22,450,"1992-10-31 2021-11-14",0.57,1.61,449,"1992-10-31 2021-11-14",0.08,0.5,439,"1992-10-31 2021-11-14",0.65,2.02,441,"1992-10-31 2021-11-14",2,3.29,388,"1992-10-31 2020-11-14",,,,
2022-11-06,-3.78,4.41,450,"1992-10-30 2021-11-13",82,13.2,450,"1992-10-30 2021-11-13",5.65,7.18,450,"1992-10-30 2021-11-13",27.79,10.72,450,"1992-10-30 2021-11-13",-10.05,4.99,450,"1992-10-30 2021-11-13",46.49,20.24,450,"1992-10-30 2021-11-13",-5.76,5.57,450,"1992-10-30 2021-11-13",2.15,3.2,450,"1992-10-30 2021-11-13",0.55,1.54,448,"1992-10-30 2021-11-13",0.09,0.5,438,"1992-10-30 2021-11-13",0.62,1.94,440,"1992-10-30 2021-11-13",2,3.28,385,"1992-10-30 2021-10-30",,,,
2022-11-05,-3.72,4.45,450,"1992-10-29 2021-11-12",82.36,13,450,"1992-10-29 2021-11-12",5.62,7.24,450,"1992-10-29 2021-11-12",27.87,10.84,450,"1992-10-29 2021-11-12",-9.93,5.02,450,"1992-10-29 2021-11-12",46.75,20.44,450,"1992-10-29 2021-11-12",-5.74,5.61,450,"1992-10-29 2021-11-12",2.29,3.38,450,"1992-10-29 2021-11-12",0.59,1.62,448,"1992-10-29 2021-11-12",0.09,0.51,437,"1992-10-29 2021-11-12",0.67,2.03,440,"1992-10-29 2021-11-12",1.9,3.22,384,"1992-10-29 2021-10-30",,,,
2022-11-04,-3.54,4.41,450,"1992-10-28 2021-11-11",82.65,12.93,450,"1992-10-28 2021-11-11",5.67,7.23,450,"1992-10-28 2021-11-11",27.86,10.94,450,"1992-10-28 2021-11-11",-9.81,5.01,450,"1992-10-28 2021-11-11",47.32,20.67,450,"1992-10-28 2021-11-11",-5.66,5.6,450,"1992-10-28 2021-11-11",2.31,3.4,450,"1992-10-28 2021-11-11",0.65,1.68,448,"1992-10-28 2021-11-11",0.11,0.55,437,"1992-10-28 2021-11-11",0.71,2.04,440,"1992-10-28 2021-11-11",1.8,3.16,383,"1992-10-28 2021-10-30",,,,
2022-11-03,-3.27,4.37,450,"1992-10-27 2021-11-10",82.48,13.14,450,"1992-10-27 2021-11-10",6.05,7.23,450,"1992-10-27 2021-11-10",28.37,11.48,450,"1992-10-27 2021-11-10",-9.52,4.94,450,"1992-10-27 2021-11-10",46.86,20.84,450,"1992-10-27 2021-11-10",-5.24,5.47,450,"1992-10-27 2021-11-10",2.5,3.67,450,"1992-10-27 2021-11-10",0.7,1.75,448,"1992-10-27 2021-11-10",0.14,0.63,438,"1992-10-27 2021-11-10",0.73,2.06,441,"1992-10-27 2021-11-10",1.7,2.99,380,"1992-10-27 2021-10-30",,,,
2022-11-02,-3,4.25,450,"1992-10-26 2021-11-09",82.16,13.08,450,"1992-10-26 2021-11-09",6.58,7.08,450,"1992-10-26 2021-11-09",28.6,11.44,450,"1992-10-26 2021-11-09",-9.26,4.76,450,"1992-10-26 2021-11-09",45.83,20.59,450,"1992-10-26 2021-11-09",-4.85,5.34,450,"1992-10-26 2021-11-09",2.51,3.68,450,"1992-10-26 2021-11-09",0.66,1.68,448,"1992-10-26 2021-11-09",0.14,0.64,440,"1992-10-26 2021-11-09",0.68,1.98,442,"1992-10-26 2021-11-09",1.5,2.72,376,"1992-10-26 2021-10-30",,,,
2022-11-01,-2.81,4.22,450,"1992-10-25 2021-11-08",81.95,12.93,450,"1992-10-25 2021-11-08",7.02,6.98,450,"1992-10-25 2021-11-08",28.75,11.61,450,"1992-10-25 2021-11-08",-9.08,4.71,450,"1992-10-25 2021-11-08",44.74,20.1,450,"1992-10-25 2021-11-08",-4.59,5.23,450,"1992-10-25 2021-11-08",2.45,3.67,450,"1992-10-25 2021-11-08",0.59,1.57,448,"1992-10-25 2021-11-08",0.14,0.64,440,"1992-10-25 2021-11-08",0.58,1.81,442,"1992-10-25 2021-11-08",1.4,2.58,371,"1992-10-25 2021-10-30",,,,
2022-10-31,-2.6,4.17,450,"1992-10-24 2021-11-07",81.9,12.95,450,"1992-10-24 2021-11-07",7.4,7.01,450,"1992-10-24 2021-11-07",28.98,11.73,450,"1992-10-24 2021-11-07",-8.92,4.71,450,"1992-10-24 2021-11-07",44.03,19.95,450,"1992-10-24 2021-11-07",-4.38,5.21,450,"1992-10-24 2021-11-07",2.48,3.71,450,"1992-10-24 2021-11-07",0.57,1.57,448,"1992-10-24 2021-11-07",0.14,0.65,441,"1992-10-24 2021-11-07",0.55,1.75,443,"1992-10-24 2021-11-07",1.5,2.7,366,"1992-10-24 2021-10-30",,,,
2022-10-30,-2.41,4.13,450,"1992-10-23 2021-11-06",81.6,13.11,450,"1992-10-23 2021-11-06",7.81,7.06,450,"1992-10-23 2021-11-06",28.93,11.64,450,"1992-10-23 2021-11-06",-8.7,4.7,450,"1992-10-23 2021-11-06",43.52,19.99,450,"1992-10-23 2021-11-06",-4.07,5.2,450,"1992-10-23 2021-11-06",2.6,3.75,450,"1992-10-23 2021-11-06",0.64,1.91,447,"1992-10-23 2021-11-06",0.19,1.22,440,"1992-10-23 2021-11-06",0.57,1.76,442,"1992-10-23 2021-11-06",1.4,2.75,362,"1992-10-23 2021-10-30",,,,
2022-10-29,-2.22,4.04,450,"1992-10-22 2021-11-05",81.35,13.12,450,"1992-10-22 2021-11-05",8.24,7.1,450,"1992-10-22 2021-11-05",28.84,11.46,450,"1992-10-22 2021-11-05",-8.45,4.59,450,"1992-10-22 2021-11-05",42.79,19.86,450,"1992-10-22 2021-11-05",-3.75,5.04,450,"1992-10-22 2021-11-05",2.58,3.75,450,"1992-10-22 2021-11-05",0.63,1.91,447,"1992-10-22 2021-11-05",0.19,1.22,440,"1992-10-22 2021-11-05",0.57,1.75,442,"1992-10-22 2021-11-05",1.4,2.7,360,"1992-10-22 2021-10-30",,,,
2022-10-28,-1.99,4,450,"1992-10-21 2021-11-04",81.2,12.99,450,"1992-10-21 2021-11-04",8.59,7.06,450,"1992-10-21 2021-11-04",28.68,11.33,450,"1992-10-21 2021-11-04",-8.15,4.51,450,"1992-10-21 2021-11-04",42.48,19.75,450,"1992-10-21 2021-11-04",-3.41,4.87,450,"1992-10-21 2021-11-04",2.55,3.76,450,"1992-10-21 2021-11-04",0.63,1.9,447,"1992-10-21 2021-11-04",0.2,1.23,439,"1992-10-21 2021-11-04",0.55,1.7,441,"1992-10-21 2021-11-04",1.3,2.62,358,"1992-10-21 2021-10-30",,,,
2022-10-27,-1.76,3.92,450,"1992-10-20 2021-11-03",81.04,12.98,450,"1992-10-20 2021-11-03",8.98,6.92,450,"1992-10-20 2021-11-03",28.48,10.98,450,"1992-10-20 2021-11-03",-7.82,4.44,450,"1992-10-20 2021-11-03",42.14,19.41,450,"1992-10-20 2021-11-03",-3.1,4.76,450,"1992-10-20 2021-11-03",2.67,3.86,450,"1992-10-20 2021-11-03",0.63,1.94,447,"1992-10-20 2021-11-03",0.22,1.25,440,"1992-10-20 2021-11-03",0.52,1.73,441,"1992-10-20 2021-11-03",1.2,2.55,356,"1992-10-20 2021-10-30",,,,
2022-10-26,-1.55,3.87,450,"1992-10-19 2021-11-02",80.97,12.87,450,"1992-10-19 2021-11-02",9.36,6.84,450,"1992-10-19 2021-11-02",28.43,11.01,450,"1992-10-19 2021-11-02",-7.56,4.4,450,"1992-10-19 2021-11-02",41.75,18.98,450,"1992-10-19 2021-11-02",-2.9,4.73,450,"1992-10-19 2021-11-02",2.7,3.87,450,"1992-10-19 2021-11-02",0.6,1.91,447,"1992-10-19 2021-11-02",0.23,1.26,440,"1992-10-19 2021-11-02",0.49,1.69,441,"1992-10-19 2021-11-02",1.2,2.52,353,"1992-10-19 2021-10-30",,,,
2022-10-25,-1.37,3.82,450,"1992-10-18 2021-11-01",80.98,12.76,450,"1992-10-18 2021-11-01",9.69,6.73,450,"1992-10-18 2021-11-01",28.58,11.19,450,"1992-10-18 2021-11-01",-7.38,4.32,450,"1992-10-18 2021-11-01",40.99,18.42,450,"1992-10-18 2021-11-01",-2.69,4.63,450,"1992-10-18 2021-11-01",2.72,3.86,450,"1992-10-18 2021-11-01",0.56,1.85,447,"1992-10-18 2021-11-01",0.23,1.26,441,"1992-10-18 2021-11-01",0.42,1.47,442,"1992-10-18 2021-11-01",1.1,2.44,351,"1992-10-18 2021-10-30",,,,
2022-10-24,-1.16,3.81,450,"1992-10-17 2021-10-31",81.04,12.63,450,"1992-10-17 2021-10-31",10.04,6.8,450,"1992-10-17 2021-10-31",28.9,11.38,450,"1992-10-17 2021-10-31",-7.17,4.22,450,"1992-10-17 2021-10-31",40.76,18.26,450,"1992-10-17 2021-10-31",-2.48,4.51,450,"1992-10-17 2021-10-31",2.66,3.81,450,"1992-10-17 2021-10-31",0.52,1.73,447,"1992-10-17 2021-10-31",0.21,1.23,441,"1992-10-17 2021-10-31",0.4,1.4,442,"1992-10-17 2021-10-31",1.1,2.43,350,"1992-10-17 2021-10-30",,,,
2022-10-23,-0.95,3.77,450,"1992-10-16 2021-10-30",81,12.88,450,"1992-10-16 2021-10-30",10.34,6.78,450,"1992-10-16 2021-10-30",28.7,11.13,450,"1992-10-16 2021-10-30",-6.88,4.13,450,"1992-10-16 2021-10-30",40.75,18.28,450,"1992-10-16 2021-10-30",-2.23,4.39,450,"1992-10-16 2021-10-30",2.67,3.82,450,"1992-10-16 2021-10-30",0.52,1.74,448,"1992-10-16 2021-10-30",0.2,1.2,440,"1992-10-16 2021-10-30",0.41,1.43,442,"1992-10-16 2021-10-30",1,2.4,351,"1992-10-16 2021-10-30",,,,
2022-10-22,-0.72,3.69,450,"1992-10-15 2021-10-29",81.09,12.86,450,"1992-10-15 2021-10-29",10.55,6.66,450,"1992-10-15 2021-10-29",28.66,11.08,450,"1992-10-15 2021-10-29",-6.59,4.02,450,"1992-10-15 2021-10-29",40.96,18.43,450,"1992-10-15 2021-10-29",-1.98,4.23,450,"1992-10-15 2021-10-29",2.7,3.89,450,"1992-10-15 2021-10-29",0.58,1.8,449,"1992-10-15 2021-10-29",0.24,1.24,441,"1992-10-15 2021-10-29",0.43,1.46,443,"1992-10-15 2021-10-29",0.9,2.35,349,"1992-10-15 2021-10-29",,,,
2022-10-21,-0.53,3.6,450,"1992-10-14 2021-10-28",80.9,12.83,450,"1992-10-14 2021-10-28",10.89,6.49,450,"1992-10-14 2021-10-28",28.49,10.92,450,"1992-10-14 2021-10-28",-6.39,3.88,450,"1992-10-14 2021-10-28",40.54,18.15,450,"1992-10-14 2021-10-28",-1.77,4.03,450,"1992-10-14 2021-10-28",2.6,3.76,450,"1992-10-14 2021-10-28",0.61,1.88,449,"1992-10-14 2021-10-28",0.3,1.43,441,"1992-10-14 2021-10-28",0.39,1.31,442,"1992-10-14 2021-10-28",0.9,2.33,347,"1992-10-14 2020-10-28",,,,
2022-10-20,-0.41,3.58,450,"1992-10-13 2021-10-27",80.73,12.79,450,"1992-10-13 2021-10-27",11.2,6.41,450,"1992-10-13 2021-10-27",28.39,10.81,450,"1992-10-13 2021-10-27",-6.21,3.82,450,"1992-10-13 2021-10-27",39.82,17.67,450,"1992-10-13 2021-10-27",-1.54,3.88,450,"1992-10-13 2021-10-27",2.56,3.71,450,"1992-10-13 2021-10-27",0.56,1.84,449,"1992-10-13 2021-10-27",0.29,1.44,439,"1992-10-13 2021-10-27",0.34,1.25,440,"1992-10-13 2021-10-27",0.8,2.27,344,"1992-10-13 2020-10-27",,,,
2022-10-19,-0.35,3.58,450,"1992-10-12 2021-10-26",80.68,12.79,450,"1992-10-12 2021-10-26",11.28,6.34,450,"1992-10-12 2021-10-26",27.99,10.45,450,"1992-10-12 2021-10-26",-6.12,3.82,450,"1992-10-12 2021-10-26",39.84,17.31,450,"1992-10-12 2021-10-26",-1.51,3.94,450,"1992-10-12 2021-10-26",2.39,3.46,450,"1992-10-12 2021-10-26",0.55,1.84,449,"1992-10-12 2021-10-26",0.31,1.51,438,"1992-10-12 2021-10-26",0.31,1.2,439,"1992-10-12 2021-10-26",0.8,2.22,342,"1992-10-12 2020-10-26",,,,
2022-10-18,-0.26,3.58,450,"1992-10-11 2021-10-25",80.78,12.87,450,"1992-10-11 2021-10-25",11.24,6.28,450,"1992-10-11 2021-10-25",27.72,10.32,450,"1992-10-11 2021-10-25",-6.04,3.82,450,"1992-10-11 2021-10-25",40.02,17.36,450,"1992-10-11 2021-10-25",-1.4,3.95,450,"1992-10-11 2021-10-25",2.41,3.42,450,"1992-10-11 2021-10-25",0.57,1.85,449,"1992-10-11 2021-10-25",0.32,1.51,437,"1992-10-11 2021-10-25",0.32,1.21,438,"1992-10-11 2021-10-25",0.7,2.1,343,"1992-10-11 2021-10-11",,,,
2022-10-17,-0.17,3.66,450,"1992-10-10 2021-10-24",80.47,13.28,450,"1992-10-10 2021-10-24",11.36,6.37,450,"1992-10-10 2021-10-24",27.84,10.22,450,"1992-10-10 2021-10-24",-5.85,3.81,450,"1992-10-10 2021-10-24",40.16,17.42,450,"1992-10-10 2021-10-24",-1.15,3.95,450,"1992-10-10 2021-10-24",2.5,3.41,450,"1992-10-10 2021-10-24",0.61,1.96,449,"1992-10-10 2021-10-24",0.35,1.64,437,"1992-10-10 2021-10-24",0.33,1.24,438,"1992-10-10 2021-10-24",0.6,1.92,343,"1992-10-10 2021-10-11",,,,
2022-10-16,-0.14,3.68,450,"1992-10-09 2021-10-23",80.22,13.28,450,"1992-10-09 2021-10-23",11.49,6.37,450,"1992-10-09 2021-10-23",27.67,9.93,450,"1992-10-09 2021-10-23",-5.76,3.8,450,"1992-10-09 2021-10-23",40.02,17.48,450,"1992-10-09 2021-10-23",-1.05,3.95,450,"1992-10-09 2021-10-23",2.56,3.4,450,"1992-10-09 2021-10-23",0.6,1.93,449,"1992-10-09 2021-10-23",0.36,1.65,436,"1992-10-09 2021-10-23",0.3,1.15,437,"1992-10-09 2021-10-23",0.5,1.58,344,"1992-10-09 2021-10-11",,,,
2022-10-15,-0.08,3.6,450,"1992-10-08 2021-10-22",80.06,13.42,450,"1992-10-08 2021-10-22",11.6,6.29,450,"1992-10-08 2021-10-22",27.66,9.83,450,"1992-10-08 2021-10-22",-5.69,3.8,450,"1992-10-08 2021-10-22",39.98,17.46,450,"1992-10-08 2021-10-22",-0.93,3.96,450,"1992-10-08 2021-10-22",2.58,3.38,450,"1992-10-08 2021-10-22",0.53,1.61,450,"1992-10-08 2021-10-22",0.31,1.28,437,"1992-10-08 2021-10-22",0.27,1.09,439,"1992-10-08 2021-10-22",0.5,1.37,345,"1992-10-08 2021-10-11",,,,
2022-10-14,0.06,3.6,450,"1992-10-07 2021-10-21",79.98,13.38,450,"1992-10-07 2021-10-21",11.76,6.25,450,"1992-10-07 2021-10-21",27.95,10.05,450,"1992-10-07 2021-10-21",-5.59,3.83,450,"1992-10-07 2021-10-21",39.72,17.34,450,"1992-10-07 2021-10-21",-0.75,4.04,450,"1992-10-07 2021-10-21",2.64,3.45,450,"1992-10-07 2021-10-21",0.57,1.69,449,"1992-10-07 2021-10-21",0.32,1.29,437,"1992-10-07 2021-10-21",0.3,1.24,439,"1992-10-07 2021-10-21",0.4,1.29,343,"1992-10-07 2021-10-11",,,,
2022-10-13,0.2,3.63,450,"1992-10-06 2021-10-20",79.82,13.49,450,"1992-10-06 2021-10-20",12.01,6.2,450,"1992-10-06 2021-10-20",28.21,10.3,450,"1992-10-06 2021-10-20",-5.48,3.85,450,"1992-10-06 2021-10-20",39.51,17.19,450,"1992-10-06 2021-10-20",-0.57,4.07,450,"1992-10-06 2021-10-20",2.67,3.48,450,"1992-10-06 2021-10-20",0.57,1.71,449,"1992-10-06 2021-10-20",0.33,1.33,438,"1992-10-06 2021-10-20",0.28,1.22,440,"1992-10-06 2021-10-20",0.4,1.27,340,"1992-10-06 2021-10-11",,,,
2022-10-12,0.27,3.7,450,"1992-10-05 2021-10-19",79.7,13.65,450,"1992-10-05 2021-10-19",12.13,6.27,450,"1992-10-05 2021-10-19",28.1,10.36,450,"1992-10-05 2021-10-19",-5.42,3.88,450,"1992-10-05 2021-10-19",39.28,17.13,450,"1992-10-05 2021-10-19",-0.42,4.07,450,"1992-10-05 2021-10-19",2.63,3.4,450,"1992-10-05 2021-10-19",0.55,1.65,449,"1992-10-05 2021-10-19",0.32,1.33,438,"1992-10-05 2021-10-19",0.26,1.1,440,"1992-10-05 2021-10-19",0.4,1.29,338,"1992-10-05 2021-10-11",,,,
2022-10-11,0.43,3.82,450,"1992-10-04 2021-10-18",79.95,13.69,450,"1992-10-04 2021-10-18",12.2,6.34,450,"1992-10-04 2021-10-18",27.8,10.28,450,"1992-10-04 2021-10-18",-5.25,3.97,450,"1992-10-04 2021-10-18",39.53,17.12,450,"1992-10-04 2021-10-18",-0.28,4.12,450,"1992-10-04 2021-10-18",2.6,3.34,450,"1992-10-04 2021-10-18",0.58,1.69,448,"1992-10-04 2021-10-18",0.35,1.38,436,"1992-10-04 2021-10-18",0.27,1.12,439,"1992-10-04 2021-10-18",0.4,1.52,335,"1992-10-04 2021-10-11",,,,
2022-10-10,0.59,3.83,450,"1992-10-03 2021-10-17",80.21,13.39,450,"1992-10-03 2021-10-17",12.27,6.39,450,"1992-10-03 2021-10-17",27.7,10.11,450,"1992-10-03 2021-10-17",-5.06,3.94,450,"1992-10-03 2021-10-17",39.9,17.07,450,"1992-10-03 2021-10-17",-0.17,4.18,450,"1992-10-03 2021-10-17",2.56,3.32,450,"1992-10-03 2021-10-17",0.61,1.71,448,"1992-10-03 2021-10-17",0.38,1.4,436,"1992-10-03 2021-10-17",0.27,1.13,439,"1992-10-03 2021-10-17",0.5,2.22,334,"1992-10-03 2021-10-11",,,,
2022-10-09,0.75,3.81,450,"1992-10-02 2021-10-16",80.4,13.3,450,"1992-10-02 2021-10-16",12.35,6.44,450,"1992-10-02 2021-10-16",27.61,10.29,450,"1992-10-02 2021-10-16",-4.87,3.92,450,"1992-10-02 2021-10-16",40.25,17.26,450,"1992-10-02 2021-10-16",-0.02,4.19,450,"1992-10-02 2021-10-16",2.64,3.72,450,"1992-10-02 2021-10-16",0.7,2.1,448,"1992-10-02 2021-10-16",0.39,1.41,435,"1992-10-02 2021-10-16",0.34,1.91,438,"1992-10-02 2021-10-16",0.6,2.41,333,"1992-10-02 2021-10-11",,,,
2022-10-08,0.88,3.86,450,"1992-10-01 2021-10-15",80.6,13.09,450,"1992-10-01 2021-10-15",12.51,6.52,450,"1992-10-01 2021-10-15",27.7,10.3,450,"1992-10-01 2021-10-15",-4.72,3.95,450,"1992-10-01 2021-10-15",40.29,17.41,450,"1992-10-01 2021-10-15",0.1,4.2,450,"1992-10-01 2021-10-15",2.67,3.75,450,"1992-10-01 2021-10-15",0.75,2.18,448,"1992-10-01 2021-10-15",0.43,1.47,437,"1992-10-01 2021-10-15",0.37,2.03,439,"1992-10-01 2021-10-15",0.6,2.45,332,"1992-10-01 2021-10-11",,,,
2022-10-07,1.09,3.84,450,"1992-09-30 2021-10-14",80.51,13,450,"1992-09-30 2021-10-14",12.81,6.69,450,"1992-09-30 2021-10-14",27.7,10.34,450,"1992-09-30 2021-10-14",-4.51,3.94,450,"1992-09-30 2021-10-14",40.2,17.32,450,"1992-09-30 2021-10-14",0.35,4.22,450,"1992-09-30 2021-10-14",2.7,3.72,450,"1992-09-30 2021-10-14",0.75,2.21,448,"1992-09-30 2021-10-14",0.43,1.48,437,"1992-09-30 2021-10-14",0.38,2.03,439,"1992-09-30 2021-10-14",0.6,2.78,334,"1992-09-30 2021-10-11",,,,
2022-10-06,1.3,3.84,450,"1992-09-29 2021-10-13",80.38,13.07,450,"1992-09-29 2021-10-13",13.17,6.8,450,"1992-09-29 2021-10-13",27.68,10.37,450,"1992-09-29 2021-10-13",-4.21,3.96,450,"1992-09-29 2021-10-13",40.08,17.34,450,"1992-09-29 2021-10-13",0.67,4.23,450,"1992-09-29 2021-10-13",2.73,3.79,450,"1992-09-29 2021-10-13",0.72,2.29,448,"1992-09-29 2021-10-13",0.38,1.33,438,"1992-09-29 2021-10-13",0.4,2.31,440,"1992-09-29 2021-10-13",0.6,2.77,332,"1992-09-29 2021-10-11",,,,
2022-10-05,1.52,3.9,450,"1992-09-28 2021-10-12",80.18,13.31,450,"1992-09-28 2021-10-12",13.51,6.8,450,"1992-09-28 2021-10-12",27.87,10.36,450,"1992-09-28 2021-10-12",-3.94,4,450,"1992-09-28 2021-10-12",39.89,17.38,450,"1992-09-28 2021-10-12",0.96,4.28,450,"1992-09-28 2021-10-12",2.83,3.89,450,"1992-09-28 2021-10-12",0.72,2.28,448,"1992-09-28 2021-10-12",0.37,1.31,440,"1992-09-28 2021-10-12",0.4,2.3,442,"1992-09-28 2021-10-12",0.6,2.77,331,"1992-09-28 2021-10-11",,,,
2022-10-04,1.79,3.86,450,"1992-09-27 2021-10-11",80.03,13.35,450,"1992-09-27 2021-10-11",13.92,6.86,450,"1992-09-27 2021-10-11",27.91,10.16,450,"1992-09-27 2021-10-11",-3.61,3.95,450,"1992-09-27 2021-10-11",39.71,17.49,450,"1992-09-27 2021-10-11",1.36,4.17,450,"1992-09-27 2021-10-11",2.85,3.9,450,"1992-09-27 2021-10-11",0.72,2.3,448,"1992-09-27 2021-10-11",0.36,1.32,441,"1992-09-27 2021-10-11",0.4,2.3,443,"1992-09-27 2021-10-11",0.6,2.77,330,"1992-09-27 2021-10-11",,,,
2022-10-03,2.13,3.81,450,"1992-09-26 2021-10-10",80,13.36,450,"1992-09-26 2021-10-10",14.48,6.73,450,"1992-09-26 2021-10-10",28.09,10.26,450,"1992-09-26 2021-10-10",-3.26,3.92,450,"1992-09-26 2021-10-10",39.26,17.24,450,"1992-09-26 2021-10-10",1.67,4.15,450,"1992-09-26 2021-10-10",2.79,3.92,450,"1992-09-26 2021-10-10",0.72,2.3,448,"1992-09-26 2021-10-10",0.37,1.33,441,"1992-09-26 2021-10-10",0.39,2.3,443,"1992-09-26 2021-10-10",0.6,2.78,326,"1992-09-26 2020-09-30",,,,
2022-10-02,2.43,3.67,450,"1992-09-25 2021-10-09",79.96,13.08,450,"1992-09-25 2021-10-09",14.96,6.72,450,"1992-09-25 2021-10-09",27.9,10.06,450,"1992-09-25 2021-10-09",-3,3.82,450,"1992-09-25 2021-10-09",38.83,17.22,450,"1992-09-25 2021-10-09",1.93,4.07,450,"1992-09-25 2021-10-09",2.68,3.93,450,"1992-09-25 2021-10-09",0.7,2.21,448,"1992-09-25 2021-10-09",0.37,1.19,442,"1992-09-25 2021-10-09",0.37,2.28,444,"1992-09-25 2021-10-09",0.5,2.76,324,"1992-09-25 2020-09-30",,,,
2022-10-01,2.75,3.48,450,"1992-09-24 2021-10-08",79.77,12.98,450,"1992-09-24 2021-10-08",15.41,6.69,450,"1992-09-24 2021-10-08",27.82,10.03,450,"1992-09-24 2021-10-08",-2.73,3.68,450,"1992-09-24 2021-10-08",38.38,16.92,450,"1992-09-24 2021-10-08",2.26,4.01,450,"1992-09-24 2021-10-08",2.59,3.86,450,"1992-09-24 2021-10-08",0.69,2.23,448,"1992-09-24 2021-10-08",0.39,1.25,443,"1992-09-24 2021-10-08",0.34,2.26,445,"1992-09-24 2021-10-08",0.5,2.74,322,"1992-09-24 2020-09-30",,,,
2022-09-30,3.05,3.43,450,"1992-09-23 2021-10-07",79.97,12.84,450,"1992-09-23 2021-10-07",15.83,6.73,450,"1992-09-23 2021-10-07",27.61,10.09,450,"1992-09-23 2021-10-07",-2.49,3.63,450,"1992-09-23 2021-10-07",37.87,16.58,450,"1992-09-23 2021-10-07",2.49,4.06,450,"1992-09-23 2021-10-07",2.49,3.85,450,"1992-09-23 2021-10-07",0.72,2.27,448,"1992-09-23 2021-10-07",0.44,1.37,444,"1992-09-23 2021-10-07",0.32,2.22,445,"1992-09-23 2021-10-07",0.5,2.74,319,"1992-09-23 2020-09-30",,,,
2022-09-29,3.23,3.45,450,"1992-09-22 2021-10-06",80.04,12.95,450,"1992-09-22 2021-10-06",16.04,6.86,450,"1992-09-22 2021-10-06",27.23,9.82,450,"1992-09-22 2021-10-06",-2.2,3.6,450,"1992-09-22 2021-10-06",38.2,16.73,450,"1992-09-22 2021-10-06",2.67,4.09,450,"1992-09-22 2021-10-06",2.41,3.75,450,"1992-09-22 2021-10-06",0.71,2.24,449,"1992-09-22 2021-10-06",0.45,1.4,445,"1992-09-22 2021-10-06",0.29,2.14,446,"1992-09-22 2021-10-06",0.4,2.73,317,"1992-09-22 2020-09-30",,,,
2022-09-28,3.35,3.45,450,"1992-09-21 2021-10-05",80.52,12.79,450,"1992-09-21 2021-10-05",16.12,6.97,450,"1992-09-21 2021-10-05",26.94,9.73,450,"1992-09-21 2021-10-05",-1.99,3.54,450,"1992-09-21 2021-10-05",38.43,16.92,450,"1992-09-21 2021-10-05",2.71,4.04,450,"1992-09-21 2021-10-05",2.42,3.77,450,"1992-09-21 2021-10-05",0.75,2.25,449,"1992-09-21 2021-10-05",0.49,1.42,445,"1992-09-21 2021-10-05",0.29,2.14,446,"1992-09-21 2021-10-05",0.4,2.72,317,"1992-09-21 2020-09-30",,,,
2022-09-27,3.6,3.36,450,"1992-09-20 2021-10-04",80.9,12.49,450,"1992-09-20 2021-10-04",16.21,6.94,450,"1992-09-20 2021-10-04",26.92,9.68,450,"1992-09-20 2021-10-04",-1.75,3.49,450,"1992-09-20 2021-10-04",38.86,17.02,450,"1992-09-20 2021-10-04",2.86,3.96,450,"1992-09-20 2021-10-04",2.39,3.72,450,"1992-09-20 2021-10-04",0.77,2.25,448,"1992-09-20 2021-10-04",0.51,1.42,443,"1992-09-20 2021-10-04",0.29,2.15,444,"1992-09-20 2021-10-04",0.4,2.68,316,"1992-09-20 2020-09-30",,,,
2022-09-26,3.74,3.25,450,"1992-09-19 2021-10-03",80.95,12.4,450,"1992-09-19 2021-10-03",16.41,6.84,450,"1992-09-19 2021-10-03",27.18,9.83,450,"1992-09-19 2021-10-03",-1.57,3.47,450,"1992-09-19 2021-10-03",38.78,17.25,450,"1992-09-19 2021-10-03",3.06,3.85,450,"1992-09-19 2021-10-03",2.42,3.75,450,"1992-09-19 2021-10-03",0.82,2.36,449,"1992-09-19 2021-10-03",0.55,1.54,445,"1992-09-19 2021-10-03",0.27,2.13,445,"1992-09-19 2021-10-03",0.3,2.52,317,"1992-09-19 2020-09-30",,,,
2022-09-25,3.98,3.2,450,"1992-09-18 2021-10-02",81.01,12.47,450,"1992-09-18 2021-10-02",16.7,6.69,450,"1992-09-18 2021-10-02",27.2,9.78,450,"1992-09-18 2021-10-02",-1.35,3.46,450,"1992-09-18 2021-10-02",38.82,17.45,450,"1992-09-18 2021-10-02",3.31,3.77,450,"1992-09-18 2021-10-02",2.43,3.75,450,"1992-09-18 2021-10-02",0.89,2.53,449,"1992-09-18 2021-10-02",0.62,1.8,444,"1992-09-18 2021-10-02",0.28,2.16,444,"1992-09-18 2021-10-02",0.2,1.9,315,"1992-09-18 2020-09-30",,,,
2022-09-24,4.18,3.19,450,"1992-09-17 2021-10-01",81.14,12.46,450,"1992-09-17 2021-10-01",16.96,6.54,450,"1992-09-17 2021-10-01",26.98,9.36,450,"1992-09-17 2021-10-01",-1.09,3.43,450,"1992-09-17 2021-10-01",38.63,17.2,450,"1992-09-17 2021-10-01",3.55,3.68,450,"1992-09-17 2021-10-01",2.36,3.34,450,"1992-09-17 2021-10-01",0.88,2.37,449,"1992-09-17 2021-10-01",0.7,1.98,444,"1992-09-17 2021-10-01",0.21,1.52,444,"1992-09-17 2021-10-01",0.2,1.61,312,"1992-09-17 2020-09-30",,,,
2022-09-23,4.36,3.17,450,"1992-09-16 2021-09-30",81.12,12.36,450,"1992-09-16 2021-09-30",17.21,6.53,450,"1992-09-16 2021-09-30",26.8,9.36,450,"1992-09-16 2021-09-30",-0.86,3.38,450,"1992-09-16 2021-09-30",38.53,17.04,450,"1992-09-16 2021-09-30",3.76,3.59,450,"1992-09-16 2021-09-30",2.43,3.46,450,"1992-09-16 2021-09-30",0.83,2.3,449,"1992-09-16 2021-09-30",0.66,1.95,444,"1992-09-16 2021-09-30",0.17,1.37,444,"1992-09-16 2021-09-30",0.1,1.53,311,"1992-09-16 2020-09-30",,,,
2022-09-22,4.56,3.13,450,"1992-09-15 2021-09-29",81.4,12.29,450,"1992-09-15 2021-09-29",17.38,6.47,450,"1992-09-15 2021-09-29",26.61,9.23,450,"1992-09-15 2021-09-29",-0.62,3.39,450,"1992-09-15 2021-09-29",38.66,17.15,450,"1992-09-15 2021-09-29",3.93,3.55,450,"1992-09-15 2021-09-29",2.36,3.49,450,"1992-09-15 2021-09-29",0.82,2.26,449,"1992-09-15 2021-09-29",0.69,1.95,444,"1992-09-15 2021-09-29",0.14,1.33,444,"1992-09-15 2021-09-29",0,0.43,308,"1992-09-15 2020-09-24",,,,
2022-09-21,4.75,3.1,450,"1992-09-14 2021-09-28",81.82,12.04,450,"1992-09-14 2021-09-28",17.47,6.47,450,"1992-09-14 2021-09-28",26.34,9.24,450,"1992-09-14 2021-09-28",-0.45,3.36,450,"1992-09-14 2021-09-28",38.97,17.36,450,"1992-09-14 2021-09-28",4.02,3.56,450,"1992-09-14 2021-09-28",2.4,3.46,450,"1992-09-14 2021-09-28",0.89,2.51,449,"1992-09-14 2021-09-28",0.8,2.42,444,"1992-09-14 2021-09-28",0.09,0.64,444,"1992-09-14 2021-09-28",0,0.32,308,"1992-09-14 2020-09-24",,,,
2022-09-20,4.88,3.05,450,"1992-09-13 2021-09-27",82.17,11.73,450,"1992-09-13 2021-09-27",17.47,6.5,450,"1992-09-13 2021-09-27",26.03,9.08,450,"1992-09-13 2021-09-27",-0.27,3.33,450,"1992-09-13 2021-09-27",39.42,17.42,450,"1992-09-13 2021-09-27",4.1,3.53,450,"1992-09-13 2021-09-27",2.32,3.31,450,"1992-09-13 2021-09-27",0.98,2.78,449,"1992-09-13 2021-09-27",0.89,2.71,444,"1992-09-13 2021-09-27",0.08,0.62,444,"1992-09-13 2021-09-27",0,0.32,307,"1992-09-13 2020-09-24",,,,
2022-09-19,5.07,3.04,450,"1992-09-12 2021-09-26",82.57,11.39,450,"1992-09-12 2021-09-26",17.54,6.52,450,"1992-09-12 2021-09-26",26.09,9.1,450,"1992-09-12 2021-09-26",-0.11,3.3,450,"1992-09-12 2021-09-26",39.78,17.46,450,"1992-09-12 2021-09-26",4.16,3.54,450,"1992-09-12 2021-09-26",2.44,3.39,450,"1992-09-12 2021-09-26",1.03,2.89,449,"1992-09-12 2021-09-26",0.95,2.83,444,"1992-09-12 2021-09-26",0.07,0.61,444,"1992-09-12 2021-09-26",0,0.31,307,"1992-09-12 2020-09-24",,,,
2022-09-18,5.16,3.12,450,"1992-09-11 2021-09-25",82.76,11.24,450,"1992-09-11 2021-09-25",17.65,6.64,450,"1992-09-11 2021-09-25",26.04,8.97,450,"1992-09-11 2021-09-25",0.05,3.33,450,"1992-09-11 2021-09-25",40.01,17.64,450,"1992-09-11 2021-09-25",4.22,3.5,450,"1992-09-11 2021-09-25",2.5,3.45,450,"1992-09-11 2021-09-25",1.1,2.96,449,"1992-09-11 2021-09-25",1.03,2.91,443,"1992-09-11 2021-09-25",0.07,0.61,443,"1992-09-11 2021-09-25",0,0.33,308,"1992-09-11 2020-09-24",,,,
2022-09-17,5.3,3.13,450,"1992-09-10 2021-09-24",83.25,11.13,450,"1992-09-10 2021-09-24",17.61,6.66,450,"1992-09-10 2021-09-24",25.99,9.15,450,"1992-09-10 2021-09-24",0.24,3.35,450,"1992-09-10 2021-09-24",40.52,17.76,450,"1992-09-10 2021-09-24",4.33,3.5,450,"1992-09-10 2021-09-24",2.59,3.55,450,"1992-09-10 2021-09-24",1.28,4.27,449,"1992-09-10 2021-09-24",1.17,4.21,441,"1992-09-10 2021-09-24",0.11,0.94,441,"1992-09-10 2021-09-24",0.1,0.52,309,"1992-09-10 2020-09-24",,,,
2022-09-16,5.44,3.14,450,"1992-09-09 2021-09-23",83.72,10.95,450,"1992-09-09 2021-09-23",17.57,6.67,450,"1992-09-09 2021-09-23",26.02,9.41,450,"1992-09-09 2021-09-23",0.46,3.35,450,"1992-09-09 2021-09-23",41.33,18.17,450,"1992-09-09 2021-09-23",4.44,3.46,450,"1992-09-09 2021-09-23",2.67,3.59,450,"1992-09-09 2021-09-23",1.31,4.29,449,"1992-09-09 2021-09-23",1.18,4.22,439,"1992-09-09 2021-09-23",0.11,0.95,439,"1992-09-09 2021-09-23",0.1,0.76,309,"1992-09-09 2020-09-20",,,,
2022-09-15,5.61,3.17,450,"1992-09-08 2021-09-22",83.83,10.89,450,"1992-09-08 2021-09-22",17.67,6.57,450,"1992-09-08 2021-09-22",26.29,9.45,450,"1992-09-08 2021-09-22",0.67,3.28,450,"1992-09-08 2021-09-22",41.66,18.16,450,"1992-09-08 2021-09-22",4.59,3.38,450,"1992-09-08 2021-09-22",2.66,3.58,450,"1992-09-08 2021-09-22",1.38,4.45,449,"1992-09-08 2021-09-22",1.23,4.28,439,"1992-09-08 2021-09-22",0.14,1.1,439,"1992-09-08 2021-09-22",0.1,0.89,310,"1992-09-08 2020-09-20",,,,
2022-09-14,5.74,3.15,450,"1992-09-07 2021-09-21",83.94,10.91,450,"1992-09-07 2021-09-21",17.88,6.49,450,"1992-09-07 2021-09-21",26.26,9.57,450,"1992-09-07 2021-09-21",0.78,3.3,450,"1992-09-07 2021-09-21",41.37,18.26,450,"1992-09-07 2021-09-21",4.73,3.34,450,"1992-09-07 2021-09-21",2.62,3.6,450,"1992-09-07 2021-09-21",1.46,4.58,449,"1992-09-07 2021-09-21",1.31,4.42,439,"1992-09-07 2021-09-21",0.13,1.09,439,"1992-09-07 2021-09-21",0.1,0.89,310,"1992-09-07 2020-09-20",,,,
2022-09-13,5.94,3.1,450,"1992-09-06 2021-09-20",83.9,11.02,450,"1992-09-06 2021-09-20",18.07,6.41,450,"1992-09-06 2021-09-20",26.19,9.42,450,"1992-09-06 2021-09-20",0.94,3.28,450,"1992-09-06 2021-09-20",41.33,18.21,450,"1992-09-06 2021-09-20",4.96,3.27,450,"1992-09-06 2021-09-20",2.6,3.56,450,"1992-09-06 2021-09-20",1.53,4.69,449,"1992-09-06 2021-09-20",1.38,4.54,439,"1992-09-06 2021-09-20",0.13,1.1,439,"1992-09-06 2021-09-20",0.1,0.88,310,"1992-09-06 2020-09-20",,,,
2022-09-12,6.08,3.09,450,"1992-09-05 2021-09-19",83.67,11.18,450,"1992-09-05 2021-09-19",18.38,6.39,450,"1992-09-05 2021-09-19",26.18,9.38,450,"1992-09-05 2021-09-19",1.09,3.26,450,"1992-09-05 2021-09-19",41.01,18.32,450,"1992-09-05 2021-09-19",5.13,3.3,450,"1992-09-05 2021-09-19",2.58,3.59,450,"1992-09-05 2021-09-19",1.62,4.9,450,"1992-09-05 2021-09-19",1.46,4.74,441,"1992-09-05 2021-09-19",0.14,1.11,441,"1992-09-05 2021-09-19",0.1,0.88,311,"1992-09-05 2020-09-19",,,,
2022-09-11,6.26,3.05,450,"1992-09-04 2021-09-18",83.68,11.15,450,"1992-09-04 2021-09-18",18.6,6.39,450,"1992-09-04 2021-09-18",26.1,9.27,450,"1992-09-04 2021-09-18",1.27,3.19,450,"1992-09-04 2021-09-18",41.1,18.28,450,"1992-09-04 2021-09-18",5.31,3.28,450,"1992-09-04 2021-09-18",2.58,3.58,450,"1992-09-04 2021-09-18",1.6,4.89,450,"1992-09-04 2021-09-18",1.47,4.75,441,"1992-09-04 2021-09-18",0.14,1.11,441,"1992-09-04 2021-09-18",0.1,0.88,310,"1992-09-04 2020-09-16",,,,
2022-09-10,6.39,3.02,450,"1992-09-03 2021-09-17",83.66,11.14,450,"1992-09-03 2021-09-17",18.87,6.4,450,"1992-09-03 2021-09-17",26.2,9.49,450,"1992-09-03 2021-09-17",1.44,3.13,450,"1992-09-03 2021-09-17",40.71,17.96,450,"1992-09-03 2021-09-17",5.46,3.23,450,"1992-09-03 2021-09-17",2.54,3.53,450,"1992-09-03 2021-09-17",1.58,4.85,450,"1992-09-03 2021-09-17",1.45,4.7,442,"1992-09-03 2021-09-17",0.12,1.05,442,"1992-09-03 2021-09-17",0.1,0.88,310,"1992-09-03 2020-09-16",,,,
2022-09-09,6.52,2.92,450,"1992-09-02 2021-09-16",83.56,11.05,450,"1992-09-02 2021-09-16",19.17,6.36,450,"1992-09-02 2021-09-16",26.39,9.63,450,"1992-09-02 2021-09-16",1.53,3.09,450,"1992-09-02 2021-09-16",40.26,17.98,450,"1992-09-02 2021-09-16",5.63,3.16,450,"1992-09-02 2021-09-16",2.52,3.54,450,"1992-09-02 2021-09-16",1.58,5,450,"1992-09-02 2021-09-16",1.46,4.86,441,"1992-09-02 2021-09-16",0.11,1.04,441,"1992-09-02 2021-09-16",0.1,0.83,310,"1992-09-02 2020-09-16",,,,
2022-09-08,6.71,2.85,450,"1992-09-01 2021-09-15",83.55,11,450,"1992-09-01 2021-09-15",19.33,6.18,450,"1992-09-01 2021-09-15",26.66,9.61,450,"1992-09-01 2021-09-15",1.64,3.06,450,"1992-09-01 2021-09-15",40.11,17.79,450,"1992-09-01 2021-09-15",5.82,3.12,450,"1992-09-01 2021-09-15",2.45,3.39,450,"1992-09-01 2021-09-15",1.6,5,450,"1992-09-01 2021-09-15",1.49,4.88,440,"1992-09-01 2021-09-15",0.09,0.96,440,"1992-09-01 2021-09-15",0.1,0.83,309,"1992-09-01 2018-09-14",,,,
2022-09-07,6.83,2.88,450,"1992-08-31 2021-09-14",83.46,10.94,450,"1992-08-31 2021-09-14",19.54,6.05,450,"1992-08-31 2021-09-14",26.76,9.58,450,"1992-08-31 2021-09-14",1.69,3.04,450,"1992-08-31 2021-09-14",39.73,17.57,450,"1992-08-31 2021-09-14",5.96,3.13,450,"1992-08-31 2021-09-14",2.5,3.34,450,"1992-08-31 2021-09-14",1.64,5.11,450,"1992-08-31 2021-09-14",1.52,5,439,"1992-08-31 2021-09-14",0.09,0.96,439,"1992-08-31 2021-09-14",0.1,0.83,309,"1992-08-31 2018-09-14",,,,
2022-09-06,6.98,2.91,450,"1992-08-30 2021-09-13",83.4,11.04,450,"1992-08-30 2021-09-13",19.76,5.96,450,"1992-08-30 2021-09-13",27.01,9.54,450,"1992-08-30 2021-09-13",1.84,3.06,450,"1992-08-30 2021-09-13",39.39,17.15,450,"1992-08-30 2021-09-13",6.15,3.1,450,"1992-08-30 2021-09-13",2.42,3.29,450,"1992-08-30 2021-09-13",1.58,4.95,450,"1992-08-30 2021-09-13",1.47,4.83,438,"1992-08-30 2021-09-13",0.09,0.96,438,"1992-08-30 2021-09-13",0.1,0.83,308,"1992-08-30 2018-09-13",,,,
2022-09-05,7.23,2.93,450,"1992-08-29 2021-09-12",83.31,10.93,450,"1992-08-29 2021-09-12",20.13,5.92,450,"1992-08-29 2021-09-12",27.2,9.62,450,"1992-08-29 2021-09-12",2.02,3.1,450,"1992-08-29 2021-09-12",38.92,16.94,450,"1992-08-29 2021-09-12",6.41,3.07,450,"1992-08-29 2021-09-12",2.37,3.27,450,"1992-08-29 2021-09-12",1.54,4.82,450,"1992-08-29 2021-09-12",1.42,4.71,436,"1992-08-29 2021-09-12",0.08,0.95,436,"1992-08-29 2021-09-12",0.1,0.84,307,"1992-08-29 2015-09-06",,,,
2022-09-04,7.35,2.92,450,"1992-08-28 2021-09-11",83.02,10.96,450,"1992-08-28 2021-09-11",20.45,5.85,450,"1992-08-28 2021-09-11",27.09,9.54,450,"1992-08-28 2021-09-11",2.16,3.06,450,"1992-08-28 2021-09-11",38.44,16.78,450,"1992-08-28 2021-09-11",6.61,3.07,450,"1992-08-28 2021-09-11",2.24,3.16,450,"1992-08-28 2021-09-11",1.48,4.76,450,"1992-08-28 2021-09-11",1.37,4.64,435,"1992-08-28 2021-09-11",0.08,0.95,435,"1992-08-28 2021-09-11",0.1,0.84,306,"1992-08-28 2015-09-06",,,,
2022-09-03,7.52,2.83,450,"1992-08-27 2021-09-10",82.92,10.91,450,"1992-08-27 2021-09-10",20.68,5.8,450,"1992-08-27 2021-09-10",26.93,9.49,450,"1992-08-27 2021-09-10",2.26,3.01,450,"1992-08-27 2021-09-10",38.02,16.53,450,"1992-08-27 2021-09-10",6.79,3.04,450,"1992-08-27 2021-09-10",2.19,3.11,450,"1992-08-27 2021-09-10",1.45,4.74,450,"1992-08-27 2021-09-10",1.33,4.61,437,"1992-08-27 2021-09-10",0.08,0.95,437,"1992-08-27 2021-09-10",0.1,0.83,305,"1992-08-27 2015-09-06",,,,
2022-09-02,7.64,2.82,450,"1992-08-26 2021-09-09",82.75,11.05,450,"1992-08-26 2021-09-09",20.93,5.7,450,"1992-08-26 2021-09-09",26.84,9.37,450,"1992-08-26 2021-09-09",2.37,3,450,"1992-08-26 2021-09-09",37.71,16.39,450,"1992-08-26 2021-09-09",6.95,3.04,450,"1992-08-26 2021-09-09",2.09,2.95,450,"1992-08-26 2021-09-09",1.38,3.89,450,"1992-08-26 2021-09-09",1.31,3.76,439,"1992-08-26 2021-09-09",0.05,0.62,439,"1992-08-26 2021-09-09",0.1,0.73,304,"1992-08-26 2015-09-06",,,,
2022-09-01,7.77,2.77,450,"1992-08-25 2021-09-08",82.78,10.97,450,"1992-08-25 2021-09-08",21.17,5.55,450,"1992-08-25 2021-09-08",26.8,9.23,450,"1992-08-25 2021-09-08",2.47,2.99,450,"1992-08-25 2021-09-08",37.23,15.91,450,"1992-08-25 2021-09-08",7.08,3.04,450,"1992-08-25 2021-09-08",2.01,2.9,450,"1992-08-25 2021-09-08",1.4,3.94,450,"1992-08-25 2021-09-08",1.35,3.82,441,"1992-08-25 2021-09-08",0.05,0.62,441,"1992-08-25 2021-09-08",0,0.46,303,"1992-08-25 2015-09-06",,,,
2022-08-31,7.88,2.78,450,"1992-08-24 2021-09-07",83,10.86,450,"1992-08-24 2021-09-07",21.26,5.56,450,"1992-08-24 2021-09-07",26.72,9.21,450,"1992-08-24 2021-09-07",2.58,2.97,450,"1992-08-24 2021-09-07",37.23,15.91,450,"1992-08-24 2021-09-07",7.19,2.96,450,"1992-08-24 2021-09-07",2.02,2.99,450,"1992-08-24 2021-09-07",1.4,3.97,450,"1992-08-24 2021-09-07",1.37,3.98,441,"1992-08-24 2021-09-07",0.02,0.25,441,"1992-08-24 2021-09-07",0,0,302,"1992-08-24 2015-09-06",,,,
2022-08-30,8.07,2.74,450,"1992-08-23 2021-09-06",83.06,10.71,450,"1992-08-23 2021-09-06",21.36,5.58,450,"1992-08-23 2021-09-06",27.08,9.32,450,"1992-08-23 2021-09-06",2.7,2.88,450,"1992-08-23 2021-09-06",37.33,15.84,450,"1992-08-23 2021-09-06",7.32,2.93,450,"1992-08-23 2021-09-06",2.06,3.08,450,"1992-08-23 2021-09-06",1.34,3.83,449,"1992-08-23 2021-09-06",1.31,3.83,440,"1992-08-23 2021-09-06",0.02,0.25,440,"1992-08-23 2021-09-06",0,0,301,"1992-08-23 2015-09-06",,,,
2022-08-29,8.19,2.73,450,"1992-08-22 2021-09-05",82.83,10.66,450,"1992-08-22 2021-09-05",21.55,5.56,450,"1992-08-22 2021-09-05",27.18,9.31,450,"1992-08-22 2021-09-05",2.84,2.88,450,"1992-08-22 2021-09-05",37.2,15.73,450,"1992-08-22 2021-09-05",7.52,2.86,450,"1992-08-22 2021-09-05",2.04,3.07,450,"1992-08-22 2021-09-05",1.34,3.85,449,"1992-08-22 2021-09-05",1.31,3.85,440,"1992-08-22 2021-09-05",0.01,0.2,440,"1992-08-22 2021-09-05",0,0,300,"1992-08-22 2015-09-05",,,,
2022-08-28,8.36,2.8,450,"1992-08-21 2021-09-04",82.93,10.48,450,"1992-08-21 2021-09-04",21.82,5.48,450,"1992-08-21 2021-09-04",27.33,9.39,450,"1992-08-21 2021-09-04",2.96,2.91,450,"1992-08-21 2021-09-04",36.91,15.66,450,"1992-08-21 2021-09-04",7.66,2.79,450,"1992-08-21 2021-09-04",2.02,3.04,450,"1992-08-21 2021-09-04",1.32,3.97,449,"1992-08-21 2021-09-04",1.31,4.01,439,"1992-08-21 2021-09-04",0,0.03,439,"1992-08-21 2021-09-04",0,0,299,"1992-08-21 2011-09-04",,,,
2022-08-27,8.52,2.85,450,"1992-08-20 2021-09-03",82.83,10.34,450,"1992-08-20 2021-09-03",22.05,5.3,450,"1992-08-20 2021-09-03",27.2,9.25,450,"1992-08-20 2021-09-03",3.12,3.01,450,"1992-08-20 2021-09-03",36.54,15.09,450,"1992-08-20 2021-09-03",7.83,2.77,450,"1992-08-20 2021-09-03",1.98,2.97,450,"1992-08-20 2021-09-03",1.28,3.96,449,"1992-08-20 2021-09-03",1.26,3.98,440,"1992-08-20 2021-09-03",0,0.03,440,"1992-08-20 2021-09-03",0,0,299,"1992-08-20 2011-09-03",,,,
2022-08-26,8.72,2.93,450,"1992-08-19 2021-09-02",82.92,10.2,450,"1992-08-19 2021-09-02",22.17,5.15,450,"1992-08-19 2021-09-02",26.93,9.03,450,"1992-08-19 2021-09-02",3.26,3.04,450,"1992-08-19 2021-09-02",36.46,14.83,450,"1992-08-19 2021-09-02",7.97,2.8,450,"1992-08-19 2021-09-02",2,3.01,450,"1992-08-19 2021-09-02",1.22,3.92,449,"1992-08-19 2021-09-02",1.2,3.94,440,"1992-08-19 2021-09-02",0,0.03,440,"1992-08-19 2021-09-02",0,0,299,"1992-08-19 2011-09-02",,,,
2022-08-25,8.92,2.92,450,"1992-08-18 2021-09-01",82.86,10.24,450,"1992-08-18 2021-09-01",22.36,5.17,450,"1992-08-18 2021-09-01",26.73,8.72,450,"1992-08-18 2021-09-01",3.39,3.01,450,"1992-08-18 2021-09-01",36.26,14.62,450,"1992-08-18 2021-09-01",8.14,2.84,450,"1992-08-18 2021-09-01",1.99,2.98,450,"1992-08-18 2021-09-01",1.15,3.65,448,"1992-08-18 2021-09-01",1.13,3.67,441,"1992-08-18 2021-09-01",0,0.03,441,"1992-08-18 2021-09-01",0,0,298,"1992-08-18 2011-09-01",,,,
2022-08-24,9.09,2.9,450,"1992-08-17 2021-08-31",83.1,10.19,450,"1992-08-17 2021-08-31",22.51,5.21,450,"1992-08-17 2021-08-31",26.62,8.64,450,"1992-08-17 2021-08-31",3.61,3.01,450,"1992-08-17 2021-08-31",36.43,14.84,450,"1992-08-17 2021-08-31",8.26,2.87,450,"1992-08-17 2021-08-31",1.93,2.93,450,"1992-08-17 2021-08-31",1.3,4.08,448,"1992-08-17 2021-08-31",1.29,4.1,441,"1992-08-17 2021-08-31",0,0.03,441,"1992-08-17 2021-08-31",0,0,298,"1992-08-17 2011-08-31",,,,
2022-08-23,9.3,2.92,450,"1992-08-16 2021-08-30",83.45,10.1,450,"1992-08-16 2021-08-30",22.61,5.16,450,"1992-08-16 2021-08-30",26.54,8.54,450,"1992-08-16 2021-08-30",3.88,3.11,450,"1992-08-16 2021-08-30",36.84,15,450,"1992-08-16 2021-08-30",8.44,2.89,450,"1992-08-16 2021-08-30",1.85,2.87,450,"1992-08-16 2021-08-30",1.33,4.05,448,"1992-08-16 2021-08-30",1.33,4.08,442,"1992-08-16 2021-08-30",0,0.03,442,"1992-08-16 2021-08-30",0,0,298,"1992-08-16 2011-08-30",,,,
2022-08-22,9.48,2.95,450,"1992-08-15 2021-08-29",83.58,10.07,450,"1992-08-15 2021-08-29",22.67,5.18,450,"1992-08-15 2021-08-29",26.52,8.47,450,"1992-08-15 2021-08-29",4.05,3.15,450,"1992-08-15 2021-08-29",37.28,15.42,450,"1992-08-15 2021-08-29",8.6,2.92,450,"1992-08-15 2021-08-29",1.85,2.87,450,"1992-08-15 2021-08-29",1.49,4.41,448,"1992-08-15 2021-08-29",1.49,4.43,443,"1992-08-15 2021-08-29",0,0.03,443,"1992-08-15 2021-08-29",0,0,298,"1992-08-15 2011-08-29",,,,
2022-08-21,9.6,3.02,450,"1992-08-14 2021-08-28",83.68,10.12,450,"1992-08-14 2021-08-28",22.78,5.18,450,"1992-08-14 2021-08-28",26.48,8.58,450,"1992-08-14 2021-08-28",4.18,3.23,450,"1992-08-14 2021-08-28",37.48,15.68,450,"1992-08-14 2021-08-28",8.7,2.91,450,"1992-08-14 2021-08-28",1.83,2.87,450,"1992-08-14 2021-08-28",1.56,4.49,447,"1992-08-14 2021-08-28",1.56,4.51,444,"1992-08-14 2021-08-28",0,0.03,444,"1992-08-14 2021-08-28",0,0,297,"1992-08-14 2011-08-28",,,,
2022-08-20,9.79,3,450,"1992-08-13 2021-08-27",84.09,10.02,450,"1992-08-13 2021-08-27",22.92,5.2,450,"1992-08-13 2021-08-27",26.46,8.69,450,"1992-08-13 2021-08-27",4.36,3.28,450,"1992-08-13 2021-08-27",37.62,15.83,450,"1992-08-13 2021-08-27",8.81,2.86,450,"1992-08-13 2021-08-27",1.86,2.93,450,"1992-08-13 2021-08-27",1.65,4.65,447,"1992-08-13 2021-08-27",1.65,4.66,445,"1992-08-13 2021-08-27",0,0.03,445,"1992-08-13 2021-08-27",0,0,297,"1992-08-13 2011-08-27",,,,
2022-08-19,9.94,2.98,450,"1992-08-12 2021-08-26",84.39,10,450,"1992-08-12 2021-08-26",22.92,5.17,450,"1992-08-12 2021-08-26",26.37,8.62,450,"1992-08-12 2021-08-26",4.58,3.28,450,"1992-08-12 2021-08-26",38.3,16.14,450,"1992-08-12 2021-08-26",8.93,2.86,450,"1992-08-12 2021-08-26",1.84,2.9,450,"1992-08-12 2021-08-26",1.71,4.7,447,"1992-08-12 2021-08-26",1.71,4.71,445,"1992-08-12 2021-08-26",0,0.03,445,"1992-08-12 2021-08-26",0,0,297,"1992-08-12 2011-08-26",,,,
2022-08-18,10.15,2.99,450,"1992-08-11 2021-08-25",84.81,9.69,450,"1992-08-11 2021-08-25",22.91,5.13,450,"1992-08-11 2021-08-25",26.43,8.67,450,"1992-08-11 2021-08-25",4.78,3.3,450,"1992-08-11 2021-08-25",38.86,16.05,450,"1992-08-11 2021-08-25",9.04,2.9,450,"1992-08-11 2021-08-25",1.85,2.89,450,"1992-08-11 2021-08-25",1.77,5.14,447,"1992-08-11 2021-08-25",1.78,5.15,445,"1992-08-11 2021-08-25",0,0.03,445,"1992-08-11 2021-08-25",0,0,297,"1992-08-11 2011-08-25",,,,
2022-08-17,10.34,2.95,450,"1992-08-10 2021-08-24",85,9.68,450,"1992-08-10 2021-08-24",22.9,5.2,450,"1992-08-10 2021-08-24",26.38,8.53,450,"1992-08-10 2021-08-24",4.97,3.27,450,"1992-08-10 2021-08-24",39.59,16.44,450,"1992-08-10 2021-08-24",9.18,2.87,450,"1992-08-10 2021-08-24",1.86,2.91,450,"1992-08-10 2021-08-24",1.8,5.12,447,"1992-08-10 2021-08-24",1.8,5.13,445,"1992-08-10 2021-08-24",0,0.03,445,"1992-08-10 2021-08-24",0,0,297,"1992-08-10 2011-08-24",,,,
2022-08-16,10.45,2.92,450,"1992-08-09 2021-08-23",85,9.63,450,"1992-08-09 2021-08-23",23.05,5.19,450,"1992-08-09 2021-08-23",26.23,8.42,450,"1992-08-09 2021-08-23",5.13,3.27,450,"1992-08-09 2021-08-23",39.66,16.59,450,"1992-08-09 2021-08-23",9.32,2.81,450,"1992-08-09 2021-08-23",1.91,2.9,450,"1992-08-09 2021-08-23",1.82,5.1,447,"1992-08-09 2021-08-23",1.82,5.11,445,"1992-08-09 2021-08-23",0,0.03,445,"1992-08-09 2021-08-23",0,0,297,"1992-08-09 2011-08-23",,,,
2022-08-15,10.58,2.91,450,"1992-08-08 2021-08-22",85.34,9.48,450,"1992-08-08 2021-08-22",23.03,5.1,450,"1992-08-08 2021-08-22",25.88,8.33,450,"1992-08-08 2021-08-22",5.35,3.29,450,"1992-08-08 2021-08-22",40.26,16.68,450,"1992-08-08 2021-08-22",9.43,2.79,450,"1992-08-08 2021-08-22",1.86,2.78,450,"1992-08-08 2021-08-22",1.91,5.16,448,"1992-08-08 2021-08-22",1.91,5.17,446,"1992-08-08 2021-08-22",0,0.02,446,"1992-08-08 2021-08-22",0,0,298,"1992-08-08 2011-08-22",,,,
2022-08-14,10.78,2.87,450,"1992-08-07 2021-08-21",85.61,9.5,450,"1992-08-07 2021-08-21",23.12,4.99,450,"1992-08-07 2021-08-21",26.02,8.33,450,"1992-08-07 2021-08-21",5.57,3.28,450,"1992-08-07 2021-08-21",40.59,16.5,450,"1992-08-07 2021-08-21",9.58,2.79,450,"1992-08-07 2021-08-21",1.94,2.8,450,"1992-08-07 2021-08-21",1.93,5.1,448,"1992-08-07 2021-08-21",1.93,5.11,446,"1992-08-07 2021-08-20",0,0.01,446,"1992-08-07 2021-08-20",0,0,298,"1992-08-07 2011-08-21",,,,
2022-08-13,10.93,2.79,450,"1992-08-06 2021-08-20",85.76,9.39,450,"1992-08-06 2021-08-20",23.17,4.93,450,"1992-08-06 2021-08-20",26.12,8.45,450,"1992-08-06 2021-08-20",5.79,3.21,450,"1992-08-06 2021-08-20",40.93,16.34,450,"1992-08-06 2021-08-20",9.74,2.72,450,"1992-08-06 2021-08-20",1.93,2.79,450,"1992-08-06 2021-08-20",1.97,5.01,447,"1992-08-06 2021-08-20",1.97,5.02,446,"1992-08-06 2021-08-20",0,0,446,"1992-08-06 2021-08-20",0,0,297,"1992-08-06 2011-08-20",,,,
2022-08-12,11.08,2.74,450,"1992-08-05 2021-08-19",85.89,9.29,450,"1992-08-05 2021-08-19",23.27,5,450,"1992-08-05 2021-08-19",26.19,8.43,450,"1992-08-05 2021-08-19",5.94,3.17,450,"1992-08-05 2021-08-19",41.23,16.52,450,"1992-08-05 2021-08-19",9.84,2.74,450,"1992-08-05 2021-08-19",1.98,2.81,450,"1992-08-05 2021-08-19",2.15,5.26,447,"1992-08-05 2021-08-19",2.16,5.26,446,"1992-08-05 2021-08-19",0,0,446,"1992-08-05 2021-08-19",0,0,297,"1992-08-05 2011-08-19",,,,
2022-08-11,11.19,2.66,450,"1992-08-04 2021-08-18",86.01,9.2,450,"1992-08-04 2021-08-18",23.29,5.09,450,"1992-08-04 2021-08-18",26.25,8.52,450,"1992-08-04 2021-08-18",6.09,3.13,450,"1992-08-04 2021-08-18",41.59,16.58,450,"1992-08-04 2021-08-18",9.95,2.69,450,"1992-08-04 2021-08-18",1.95,2.76,450,"1992-08-04 2021-08-18",2.27,5.38,447,"1992-08-04 2021-08-18",2.26,5.38,445,"1992-08-04 2021-08-18",0,0,446,"1992-08-04 2021-08-18",0,0,297,"1992-08-04 2011-08-18",,,,
2022-08-10,11.29,2.68,450,"1992-08-03 2021-08-17",86.36,8.98,450,"1992-08-03 2021-08-17",23.25,5.07,450,"1992-08-03 2021-08-17",26.36,8.77,450,"1992-08-03 2021-08-17",6.28,3.07,450,"1992-08-03 2021-08-17",42.38,16.49,450,"1992-08-03 2021-08-17",10.02,2.66,450,"1992-08-03 2021-08-17",1.99,2.78,450,"1992-08-03 2021-08-17",2.45,5.55,448,"1992-08-03 2021-08-17",2.44,5.56,446,"1992-08-03 2021-08-17",0,0,447,"1992-08-03 2021-08-17",0,0,298,"1992-08-03 2011-08-17",,,,
2022-08-09,11.4,2.69,450,"1992-08-02 2021-08-16",86.33,8.86,450,"1992-08-02 2021-08-16",23.33,4.97,450,"1992-08-02 2021-08-16",26.34,8.73,450,"1992-08-02 2021-08-16",6.35,3.12,450,"1992-08-02 2021-08-16",42.44,16.27,450,"1992-08-02 2021-08-16",10.12,2.69,450,"1992-08-02 2021-08-16",2.04,2.81,450,"1992-08-02 2021-08-16",2.43,5.49,448,"1992-08-02 2021-08-16",2.42,5.5,447,"1992-08-02 2021-08-16",0,0,448,"1992-08-02 2021-08-16",0,0,298,"1992-08-02 2011-08-16",,,,
2022-08-08,11.45,2.69,450,"1992-08-01 2021-08-15",86.23,8.84,450,"1992-08-01 2021-08-15",23.49,4.97,450,"1992-08-01 2021-08-15",26.53,8.9,450,"1992-08-01 2021-08-15",6.37,3.11,450,"1992-08-01 2021-08-15",42.09,16.02,450,"1992-08-01 2021-08-15",10.16,2.71,450,"1992-08-01 2021-08-15",2.1,2.88,450,"1992-08-01 2021-08-15",2.37,5.45,448,"1992-08-01 2021-08-15",2.36,5.45,447,"1992-08-01 2021-08-15",0,0,448,"1992-08-01 2021-08-15",0,0,298,"1992-08-01 2011-08-15",,,,
2022-08-07,11.52,2.77,450,"1992-07-31 2021-08-14",86.02,8.72,450,"1992-07-31 2021-08-14",23.65,4.87,450,"1992-07-31 2021-08-14",26.71,9.22,450,"1992-07-31 2021-08-14",6.37,3.18,450,"1992-07-31 2021-08-14",41.67,15.58,450,"1992-07-31 2021-08-14",10.22,2.71,450,"1992-07-31 2021-08-14",2.06,2.86,450,"1992-07-31 2021-08-14",2.31,5.37,448,"1992-07-31 2021-08-14",2.3,5.38,447,"1992-07-31 2021-08-14",0,0,448,"1992-07-31 2021-08-14",0,0,298,"1992-07-31 2011-08-14",,,,
2022-08-06,11.6,2.75,450,"1992-07-30 2021-08-13",86.03,8.59,450,"1992-07-30 2021-08-13",23.76,4.82,450,"1992-07-30 2021-08-13",27.11,9.35,450,"1992-07-30 2021-08-13",6.39,3.23,450,"1992-07-30 2021-08-13",41.37,15.32,450,"1992-07-30 2021-08-13",10.29,2.73,450,"1992-07-30 2021-08-13",2.1,2.87,450,"1992-07-30 2021-08-13",2.26,5.44,448,"1992-07-30 2021-08-13",2.25,5.44,447,"1992-07-30 2021-08-13",0,0,448,"1992-07-30 2021-08-13",0,0,298,"1992-07-30 2011-08-13",,,,
2022-08-05,11.71,2.76,450,"1992-07-29 2021-08-12",85.94,8.41,450,"1992-07-29 2021-08-12",23.81,4.78,450,"1992-07-29 2021-08-12",27.26,9.38,450,"1992-07-29 2021-08-12",6.42,3.26,450,"1992-07-29 2021-08-12",41.28,15.11,450,"1992-07-29 2021-08-12",10.39,2.73,450,"1992-07-29 2021-08-12",2.06,2.79,450,"1992-07-29 2021-08-12",2.17,5.34,448,"1992-07-29 2021-08-12",2.14,5.32,445,"1992-07-29 2021-08-12",0,0,446,"1992-07-29 2021-08-12",0,0,298,"1992-07-29 2011-08-12",,,,
2022-08-04,11.78,2.78,450,"1992-07-28 2021-08-11",85.74,8.38,450,"1992-07-28 2021-08-11",23.97,4.71,450,"1992-07-28 2021-08-11",27.28,9.37,450,"1992-07-28 2021-08-11",6.45,3.3,450,"1992-07-28 2021-08-11",40.94,14.74,450,"1992-07-28 2021-08-11",10.46,2.74,450,"1992-07-28 2021-08-11",2.03,2.8,450,"1992-07-28 2021-08-11",2.12,5.32,448,"1992-07-28 2021-08-11",2.09,5.3,445,"1992-07-28 2021-08-11",0,0,446,"1992-07-28 2021-08-11",0,0,298,"1992-07-28 2011-08-11",,,,
2022-08-03,11.82,2.74,450,"1992-07-27 2021-08-10",85.64,8.34,450,"1992-07-27 2021-08-10",24.14,4.7,450,"1992-07-27 2021-08-10",27.35,9.41,450,"1992-07-27 2021-08-10",6.45,3.31,450,"1992-07-27 2021-08-10",40.49,14.62,450,"1992-07-27 2021-08-10",10.47,2.73,450,"1992-07-27 2021-08-10",2.04,2.81,450,"1992-07-27 2021-08-10",1.98,4.75,448,"1992-07-27 2021-08-10",1.94,4.71,445,"1992-07-27 2021-08-10",0,0,446,"1992-07-27 2021-08-10",0,0,298,"1992-07-27 2011-08-10",,,,
2022-08-02,11.88,2.74,450,"1992-07-26 2021-08-09",85.72,8.15,450,"1992-07-26 2021-08-09",24.26,4.54,450,"1992-07-26 2021-08-09",27.51,9.4,450,"1992-07-26 2021-08-09",6.55,3.3,450,"1992-07-26 2021-08-09",40.23,13.96,450,"1992-07-26 2021-08-09",10.53,2.69,450,"1992-07-26 2021-08-09",2.02,2.8,450,"1992-07-26 2021-08-09",1.96,4.75,448,"1992-07-26 2021-08-09",1.92,4.71,445,"1992-07-26 2021-08-09",0,0,446,"1992-07-26 2021-08-09",0,0,298,"1992-07-26 2011-08-09",,,,
2022-08-01,11.95,2.67,450,"1992-07-25 2021-08-08",85.68,8.3,450,"1992-07-25 2021-08-08",24.24,4.51,450,"1992-07-25 2021-08-08",27.61,9.43,450,"1992-07-25 2021-08-08",6.62,3.25,450,"1992-07-25 2021-08-08",40.47,13.62,450,"1992-07-25 2021-08-08",10.59,2.7,450,"1992-07-25 2021-08-08",1.99,2.83,450,"1992-07-25 2021-08-08",1.94,4.62,448,"1992-07-25 2021-08-08",1.9,4.59,445,"1992-07-25 2021-08-08",0,0,446,"1992-07-25 2021-08-08",0,0,298,"1992-07-25 2011-08-08",,,,
2022-07-31,12,2.64,450,"1992-07-24 2021-08-07",85.56,8.3,450,"1992-07-24 2021-08-07",24.34,4.42,450,"1992-07-24 2021-08-07",27.83,9.35,450,"1992-07-24 2021-08-07",6.63,3.28,450,"1992-07-24 2021-08-07",40.26,13.44,450,"1992-07-24 2021-08-07",10.64,2.67,450,"1992-07-24 2021-08-07",2.08,2.92,450,"1992-07-24 2021-08-07",1.97,4.61,448,"1992-07-24 2021-08-07",1.93,4.58,445,"1992-07-24 2021-08-07",0,0,446,"1992-07-24 2021-08-07",0,0,299,"1992-07-24 2019-07-24",,,,
2022-07-30,12.03,2.65,450,"1992-07-23 2021-08-06",85.66,7.95,450,"1992-07-23 2021-08-06",24.43,4.41,450,"1992-07-23 2021-08-06",27.95,9.41,450,"1992-07-23 2021-08-06",6.58,3.3,450,"1992-07-23 2021-08-06",39.96,13.45,450,"1992-07-23 2021-08-06",10.68,2.65,450,"1992-07-23 2021-08-06",2,2.88,450,"1992-07-23 2021-08-06",1.98,4.74,448,"1992-07-23 2021-08-06",1.95,4.71,445,"1992-07-23 2021-08-06",0,0,446,"1992-07-23 2021-08-06",0,0,300,"1992-07-23 2019-07-24",,,,
2022-07-29,12.04,2.68,450,"1992-07-22 2021-08-05",85.57,8.03,450,"1992-07-22 2021-08-05",24.44,4.37,450,"1992-07-22 2021-08-05",27.83,9.3,450,"1992-07-22 2021-08-05",6.56,3.36,450,"1992-07-22 2021-08-05",39.96,13.3,450,"1992-07-22 2021-08-05",10.69,2.64,450,"1992-07-22 2021-08-05",2.07,3.02,450,"1992-07-22 2021-08-05",1.9,4.56,449,"1992-07-22 2021-08-05",1.86,4.52,446,"1992-07-22 2021-08-05",0,0,447,"1992-07-22 2021-08-05",0,0,302,"1992-07-22 2019-07-24",,,,
2022-07-28,12.04,2.67,450,"1992-07-21 2021-08-04",85.61,8.11,450,"1992-07-21 2021-08-04",24.45,4.29,450,"1992-07-21 2021-08-04",28.04,9.42,450,"1992-07-21 2021-08-04",6.51,3.37,450,"1992-07-21 2021-08-04",39.69,13.01,450,"1992-07-21 2021-08-04",10.67,2.61,450,"1992-07-21 2021-08-04",2.12,3.05,450,"1992-07-21 2021-08-04",1.7,4.23,449,"1992-07-21 2021-08-04",1.66,4.19,446,"1992-07-21 2021-08-04",0,0,447,"1992-07-21 2021-08-04",0,0,303,"1992-07-21 2019-07-24",,,,
2022-07-27,12.03,2.71,450,"1992-07-20 2021-08-03",85.59,8.25,450,"1992-07-20 2021-08-03",24.5,4.19,450,"1992-07-20 2021-08-03",28.3,9.42,450,"1992-07-20 2021-08-03",6.47,3.43,450,"1992-07-20 2021-08-03",39.52,13.13,450,"1992-07-20 2021-08-03",10.65,2.62,450,"1992-07-20 2021-08-03",2.16,3.06,450,"1992-07-20 2021-08-03",1.63,4.08,449,"1992-07-20 2021-08-03",1.6,4.04,447,"1992-07-20 2021-08-03",0,0,447,"1992-07-20 2021-08-03",0,0,304,"1992-07-20 2019-07-24",,,,
2022-07-26,12.05,2.71,450,"1992-07-19 2021-08-02",85.54,8.26,450,"1992-07-19 2021-08-02",24.48,4.07,450,"1992-07-19 2021-08-02",28.31,9.3,450,"1992-07-19 2021-08-02",6.45,3.46,450,"1992-07-19 2021-08-02",39.42,12.94,450,"1992-07-19 2021-08-02",10.67,2.62,450,"1992-07-19 2021-08-02",2.12,3.07,450,"1992-07-19 2021-08-02",1.56,4.22,449,"1992-07-19 2021-08-02",1.54,4.18,446,"1992-07-19 2021-08-02",0,0,446,"1992-07-19 2021-08-02",0,0,305,"1992-07-19 2019-07-24",,,,
2022-07-25,12.1,2.76,450,"1992-07-18 2021-08-01",85.65,8.36,450,"1992-07-18 2021-08-01",24.44,4.1,450,"1992-07-18 2021-08-01",28.36,9.23,450,"1992-07-18 2021-08-01",6.49,3.42,450,"1992-07-18 2021-08-01",39.56,13,450,"1992-07-18 2021-08-01",10.69,2.57,450,"1992-07-18 2021-08-01",2.13,3.1,450,"1992-07-18 2021-08-01",1.46,3.91,449,"1992-07-18 2021-08-01",1.44,3.87,445,"1992-07-18 2021-08-01",0,0,445,"1992-07-18 2021-08-01",0,0,306,"1992-07-18 2019-07-24",,,,
2022-07-24,12.17,2.74,450,"1992-07-17 2021-07-31",85.71,8.48,450,"1992-07-17 2021-07-31",24.38,4.04,450,"1992-07-17 2021-07-31",28.36,9.3,450,"1992-07-17 2021-07-31",6.52,3.43,450,"1992-07-17 2021-07-31",39.9,13.08,450,"1992-07-17 2021-07-31",10.68,2.54,450,"1992-07-17 2021-07-31",2.17,3.08,450,"1992-07-17 2021-07-31",1.54,3.99,449,"1992-07-17 2021-07-31",1.52,3.96,444,"1992-07-17 2021-07-31",0,0,444,"1992-07-17 2021-07-31",0,0,307,"1992-07-17 2019-07-24",,,,
2022-07-23,12.19,2.67,450,"1992-07-16 2021-07-30",86.03,8.54,450,"1992-07-16 2021-07-30",24.27,4.09,450,"1992-07-16 2021-07-30",28.07,8.98,450,"1992-07-16 2021-07-30",6.59,3.37,450,"1992-07-16 2021-07-30",40.31,13.32,450,"1992-07-16 2021-07-30",10.64,2.58,450,"1992-07-16 2021-07-30",2.27,3.09,450,"1992-07-16 2021-07-30",1.57,3.95,449,"1992-07-16 2021-07-30",1.55,3.92,443,"1992-07-16 2021-07-30",0,0,443,"1992-07-16 2021-07-30",0,0,308,"1992-07-16 2019-07-24",,,,
2022-07-22,12.15,2.68,450,"1992-07-15 2021-07-29",86.08,8.72,450,"1992-07-15 2021-07-29",24.08,4.17,450,"1992-07-15 2021-07-29",27.76,8.77,450,"1992-07-15 2021-07-29",6.58,3.31,450,"1992-07-15 2021-07-29",40.92,13.68,450,"1992-07-15 2021-07-29",10.58,2.6,450,"1992-07-15 2021-07-29",2.27,3.07,450,"1992-07-15 2021-07-29",1.73,4.37,450,"1992-07-15 2021-07-29",1.71,4.36,444,"1992-07-15 2021-07-29",0,0,444,"1992-07-15 2021-07-29",0,0,310,"1992-07-15 2019-07-24",,,,
2022-07-21,12.07,2.69,450,"1992-07-14 2021-07-28",86.18,8.75,450,"1992-07-14 2021-07-28",23.91,4.18,450,"1992-07-14 2021-07-28",27.82,8.63,450,"1992-07-14 2021-07-28",6.55,3.28,450,"1992-07-14 2021-07-28",41.22,13.78,450,"1992-07-14 2021-07-28",10.51,2.62,450,"1992-07-14 2021-07-28",2.3,3.11,450,"1992-07-14 2021-07-28",1.84,4.63,450,"1992-07-14 2021-07-28",1.85,4.65,446,"1992-07-14 2021-07-28",0,0,446,"1992-07-14 2021-07-28",0,0,311,"1992-07-14 2019-07-24",,,,
2022-07-20,12.07,2.7,450,"1992-07-13 2021-07-27",86.45,8.57,450,"1992-07-13 2021-07-27",23.81,4.26,450,"1992-07-13 2021-07-27",28.14,8.87,450,"1992-07-13 2021-07-27",6.54,3.29,450,"1992-07-13 2021-07-27",41.41,13.9,450,"1992-07-13 2021-07-27",10.5,2.62,450,"1992-07-13 2021-07-27",2.38,3.1,450,"1992-07-13 2021-07-27",1.99,4.78,450,"1992-07-13 2021-07-27",2,4.79,446,"1992-07-13 2021-07-27",0,0,446,"1992-07-13 2021-07-27",0,0,311,"1992-07-13 2019-07-24",,,,
2022-07-19,12.1,2.74,450,"1992-07-12 2021-07-26",86.46,8.53,450,"1992-07-12 2021-07-26",23.78,4.22,450,"1992-07-12 2021-07-26",28.12,8.84,450,"1992-07-12 2021-07-26",6.54,3.27,450,"1992-07-12 2021-07-26",41.53,13.76,450,"1992-07-12 2021-07-26",10.54,2.62,450,"1992-07-12 2021-07-26",2.41,3.13,450,"1992-07-12 2021-07-26",2.01,4.78,450,"1992-07-12 2021-07-26",2.02,4.79,446,"1992-07-12 2021-07-26",0,0,446,"1992-07-12 2021-07-26",0,0,312,"1992-07-12 2019-07-24",,,,
2022-07-18,12.09,2.8,450,"1992-07-11 2021-07-25",86.36,8.62,450,"1992-07-11 2021-07-25",23.69,4.23,450,"1992-07-11 2021-07-25",28.06,8.81,450,"1992-07-11 2021-07-25",6.45,3.3,450,"1992-07-11 2021-07-25",41.65,13.83,450,"1992-07-11 2021-07-25",10.53,2.66,450,"1992-07-11 2021-07-25",2.43,3.13,450,"1992-07-11 2021-07-25",2.14,5.18,450,"1992-07-11 2021-07-25",2.16,5.2,446,"1992-07-11 2021-07-25",0,0,446,"1992-07-11 2021-07-25",0,0,313,"1992-07-11 2019-07-24",,,,
2022-07-17,12.16,2.81,450,"1992-07-10 2021-07-24",86.47,8.4,450,"1992-07-10 2021-07-24",23.67,4.21,450,"1992-07-10 2021-07-24",27.96,8.7,450,"1992-07-10 2021-07-24",6.43,3.3,450,"1992-07-10 2021-07-24",41.66,13.75,450,"1992-07-10 2021-07-24",10.49,2.69,450,"1992-07-10 2021-07-24",2.41,3.02,450,"1992-07-10 2021-07-24",2.13,5.17,450,"1992-07-10 2021-07-24",2.15,5.2,446,"1992-07-10 2021-07-24",0,0,446,"1992-07-10 2021-07-24",0,0,315,"1992-07-10 2019-07-24",,,,
2022-07-16,12.19,2.86,450,"1992-07-09 2021-07-23",86.54,8.38,450,"1992-07-09 2021-07-23",23.7,4.27,450,"1992-07-09 2021-07-23",28.12,8.64,450,"1992-07-09 2021-07-23",6.44,3.24,450,"1992-07-09 2021-07-23",41.64,13.61,450,"1992-07-09 2021-07-23",10.51,2.7,450,"1992-07-09 2021-07-23",2.41,2.97,450,"1992-07-09 2021-07-23",2.12,5.29,450,"1992-07-09 2021-07-23",2.14,5.32,446,"1992-07-09 2021-07-23",0,0,446,"1992-07-09 2021-07-23",0,0,316,"1992-07-09 2019-07-23",,,,
2022-07-15,12.16,2.87,450,"1992-07-08 2021-07-22",86.41,8.69,450,"1992-07-08 2021-07-22",23.58,4.27,450,"1992-07-08 2021-07-22",27.97,8.75,450,"1992-07-08 2021-07-22",6.46,3.22,450,"1992-07-08 2021-07-22",41.99,13.66,450,"1992-07-08 2021-07-22",10.48,2.7,450,"1992-07-08 2021-07-22",2.47,3.03,450,"1992-07-08 2021-07-22",2.16,5.26,450,"1992-07-08 2021-07-22",2.18,5.28,445,"1992-07-08 2021-07-22",0,0,445,"1992-07-08 2021-07-22",0,0,317,"1992-07-08 2019-07-22",,,,
2022-07-14,12.15,2.86,450,"1992-07-07 2021-07-21",86.59,8.6,450,"1992-07-07 2021-07-21",23.45,4.27,450,"1992-07-07 2021-07-21",28.11,8.69,450,"1992-07-07 2021-07-21",6.42,3.19,450,"1992-07-07 2021-07-21",42.23,13.85,450,"1992-07-07 2021-07-21",10.42,2.72,450,"1992-07-07 2021-07-21",2.46,2.93,450,"1992-07-07 2021-07-21",2.24,5.33,450,"1992-07-07 2021-07-21",2.26,5.36,445,"1992-07-07 2021-07-21",0,0,445,"1992-07-07 2021-07-21",0,0,318,"1992-07-07 2019-07-21",,,,
2022-07-13,12.14,2.88,450,"1992-07-06 2021-07-20",86.63,8.56,450,"1992-07-06 2021-07-20",23.31,4.27,450,"1992-07-06 2021-07-20",28.08,8.7,450,"1992-07-06 2021-07-20",6.35,3.24,450,"1992-07-06 2021-07-20",42.73,14.05,450,"1992-07-06 2021-07-20",10.35,2.81,450,"1992-07-06 2021-07-20",2.4,2.89,450,"1992-07-06 2021-07-20",2.44,5.57,450,"1992-07-06 2021-07-20",2.47,5.61,444,"1992-07-06 2021-07-20",0,0,444,"1992-07-06 2021-07-20",0,0,319,"1992-07-06 2019-07-20",,,,
